Temperature,Humidity,Wind_Speed,Rainfall,Vegetation_Density,Fire_Occurred,Area_Burned
24.327668795992626,58.76428844190315,2.405315851801487,13.656756235818598,0.4176981616998757,0,0.0
29.598628027134552,70.0470854781617,7.6652731622162715,10.232478611879452,0.5306713394723621,0,0.0
24.15775103523322,76.17439099975428,6.75662902207073,15.780771698933036,0.6895159203958336,0,0.0
24.439194545063778,60.394160382018306,5.144613277398942,12.666704577342507,0.5083109890826375,0,0.0
39.50061967050805,18.041909224686286,11.11919619397728,4.383253809141003,0.7421658902735082,1,30.51509670661385
28.141256855911617,72.05783104891815,3.2694102433667527,15.187438524793443,0.46918155105051135,0,0.0
26.7287166859808,40.02613563045198,6.796331823951435,9.974252736617508,0.473203537106066,0,0.0
23.529585034523567,72.67895629087347,1.9343534295648257,14.385228683920289,0.5176616733541605,0,0.0
26.5951076864077,73.3457604190069,1.8483839794702495,18.312034103193234,0.4491665141471186,0,0.0
35.187906217433664,25.978517993650694,18.51206914048769,1.9965795790465406,0.7238219753929088,1,35.21603113043561
26.56729484721608,58.31715977736111,9.408801695592043,17.809143232127795,0.5075348770073489,0,0.0
37.71270346685946,14.412204427871139,13.843266471596817,0.11819293023168198,0.7716388634144618,1,35.620625884927435
27.42881493667939,76.82958601370541,7.287780544506475,9.93233926772914,0.5016065310497522,0,0.0
26.996395696221217,68.377554585359,3.5543933736406172,15.609183678585007,0.5507826328014711,0,0.0
29.281820981139514,46.83745609683393,9.925146201619713,16.43261880772467,0.21517690276650214,0,0.0
25.767023988577563,73.78663636360898,1.2694441375497267,18.66239397029473,0.6335300911894737,0,0.0
38.90005341817566,30.818453334013,16.18155734318119,0.19213174481162498,0.776317474252554,1,32.31756379786612
22.59576449275049,48.81784016981676,5.66018424887821,7.702379715989289,0.20454351747560817,0,0.0
25.07805063958779,69.39703389579577,8.832736014262238,19.803439180824462,0.6132323047460915,0,0.0
32.502428981645956,20.05591724937703,10.603520839905638,1.9096981982644796,0.8233063225796637,1,29.45048068844137
22.642762631586393,62.53633457935416,2.0152837800631285,16.97983670534955,0.45965634632115154,0,0.0
36.4517279040945,22.311904809689846,16.340057030996114,3.950152181535307,0.7681538671070545,1,35.2604947455975
30.182218256515498,18.122340194306613,11.809769527094897,1.0675568315533597,0.953681308896972,1,32.903135641107966
26.41734397298558,70.37170027673895,1.5631697070886086,18.69562200334784,0.226413343182361,0,0.0
35.48733789366586,32.80683579669059,14.261813022359728,0.7601242656432405,0.9261885710790352,1,35.14980793392456
37.224521152615054,36.31601622439325,13.685263437237612,4.433021076202333,0.8779664710322153,1,35.42345203354301
36.364104112637804,18.35771017095876,19.691026301408115,1.6168578105776037,0.8599086601738419,1,32.960106722594276
23.5492466087701,43.814436850920146,0.25199094821069634,15.921746560042497,0.31258051210796595,0,0.0
29.988926120332906,76.6024293006889,2.458474424934003,6.848711871988272,0.679069059902248,0,0.0
27.151001612837,64.09797767866351,7.99157971104782,16.124409311778333,0.5101174244805602,0,0.0
36.35093650867644,12.560490042359316,13.45934992546963,0.6075068815045903,0.9036009870017694,1,35.1870285312907
39.71782082720961,21.31852489313868,15.924077846595175,4.635004839621477,0.9574531159471491,1,37.723367434728885
22.475597702798865,48.82017053742588,5.2547030735589315,16.469764255773104,0.6623208955643183,0,0.0
39.86210744479603,23.380173188738674,18.633336495718254,1.4109353734660006,0.822275262572145,1,38.10087746778921
31.007780013774266,21.199279488392587,19.713950940416396,4.088926649284725,0.8956874945775819,1,34.845421747454125
38.87086424265117,14.63088145822607,17.49651831742925,4.815575557945869,0.8639944660563366,1,37.194289167881536
23.53789158736436,55.49290071901256,5.7849250822933005,5.160729465430384,0.3817019659997135,0,0.0
27.011395944174737,56.272192038068944,2.187138889065392,15.374834777998123,0.2974791357493153,0,0.0
20.949179368216697,55.1616194153214,5.185616886657339,12.257903282964671,0.683367113767554,0,0.0
33.25330330763264,28.60928654060394,16.2750546321837,4.500115616990056,0.8636295608220717,1,32.648584992044235
34.1960006242779,32.125037443292456,16.58707775500876,3.9935709582728727,0.8909204110550221,1,33.12683785412396
35.22732829381994,30.026732155630814,12.204862090701754,1.3708033327990292,0.8732780097643472,1,31.364949773997537
30.253507434154574,13.739880436098005,15.475923761537363,1.3252321416250201,0.8480639741020356,1,31.583172981791947
28.381549749886425,50.85968010170845,6.692190299248667,8.78259316243295,0.20491377628489393,0,0.0
30.85347464993768,37.67498143531887,17.064757264869012,0.06054237617443725,0.8016581948016255,1,29.513284701364437
36.49963930777765,31.667577051791987,19.866625932671464,2.1880156202769596,0.8518798178485608,1,33.55735451127666
28.37119627830652,79.61329215174592,3.153637432661175,5.744088625242242,0.4223563884291679,0,0.0
27.48384349676231,62.835096673579045,4.263983568016226,16.750808299937574,0.4888065403185668,0,0.0
30.813487806418998,27.295494265427607,16.734324333249173,0.3852913956716558,0.7462435129535461,1,28.101587823754173
27.587153211639208,44.74575062966321,9.024032761106747,11.202747954349388,0.48542696813938074,0,0.0
27.066298698787094,52.555019868898825,3.2432937735151803,12.500873887866302,0.4764074378591745,0,0.0
26.989488284873858,49.25522545507392,5.056967437813739,17.359964778199675,0.3191448352765458,0,0.0
39.90053850104263,19.351662033866447,17.975591006371882,4.22178541369808,0.8805770293045394,1,34.18792479933786
21.5482861259772,69.66565807344169,7.68581330913202,19.648415349843564,0.44174904255340186,0,0.0
33.663618432936914,35.263567694071256,19.71058245165368,0.5071041422460826,0.715677363785807,1,31.695335216907697
36.07544851901439,34.387030273902326,10.370076347154926,1.5565384957800181,0.759429289827922,1,32.12714655621987
20.137455540113454,73.8048340598414,4.065905373594722,18.13232975593845,0.4410086698884662,0,0.0
30.205844942958024,28.402455878073695,12.212094418196022,4.064928693580468,0.7100840800549848,1,26.179679565583026
35.68308603335471,15.436991984969804,11.510578917809003,0.6069246971121445,0.8622095429934731,1,33.832804188447916
25.484191629935626,54.032764373400624,5.806452259096341,9.262764435675932,0.3412751337593194,0,0.0
37.69993553098611,37.96354847450837,11.674825822590698,3.5816169403134115,0.7657206427305573,1,30.37502974971091
35.978999788110855,36.29960807975035,19.979341105333376,1.1403988597446624,0.9549926114441986,1,33.89481071638711
21.133035047274642,45.87687694335083,4.67681212484877,8.209920180474704,0.2960116845681723,0,0.0
31.608080514174986,30.44508166671788,19.97124500157711,3.2510054619907667,0.9732310484931745,1,32.99426729639519
22.58711642155441,48.74839201294333,2.959320294366161,16.269183865606504,0.35776659033156777,0,0.0
29.52815017002506,71.00976207339798,4.999589919647884,10.161374267741632,0.582658149762693,0,0.0
23.01046077834313,42.009720392919284,5.488728015425997,11.913475073098727,0.36308512706412677,0,0.0
23.245118001753422,56.526900688308785,0.8010572660960225,10.339366602059608,0.5056708281238631,0,0.0
37.722447692966576,25.419684674794325,12.9630812045599,2.9330423158773704,0.9270254517065906,1,34.045916197554995
24.036010023615912,53.70580586090086,6.193899693665019,9.24926605238866,0.5333428259462565,0,0.0
37.555511385430485,20.928095831442263,17.582384757040913,4.001782539111808,0.9718429764297299,1,35.151748673229314
31.881211597237613,27.706920006072615,10.731959237684435,0.6767704113884276,0.8159621520469084,1,29.302583500343037
24.502542461428902,78.05779302652368,7.341512590416462,13.62590860188222,0.21823052541280924,0,0.0
24.289443334301442,72.69631389224438,3.9593722619594987,6.6590539830974125,0.41036828128430836,0,0.0
38.22600560659659,25.17666036653398,15.67540848261558,2.5611096040633723,0.762097773531528,1,34.28430198123377
35.908332605690106,38.41850018835446,10.785784971550207,2.59204010972602,0.7588293138215179,1,33.75229140235505
27.054608302834865,73.10212209096187,7.12137045880605,12.132135728491004,0.6544132488584311,0,0.0
34.40152493739601,13.87478245454485,13.152903378306103,2.6258169183353006,0.7752899984020893,1,32.744147376748934
22.53101539179609,47.856768634880694,0.44996821235424367,15.939647007158092,0.2596052214202867,0,0.0
33.22956472941246,37.767055387203285,18.01728083069792,0.9259778393373397,0.8851199548353403,1,31.67952334345382
26.85134309874484,55.68374307618291,3.057439574472911,14.47063966465065,0.6566148431396353,0,0.0
31.409242249747628,21.76732135299197,12.387771457683023,3.337749496457352,0.7604091346407923,1,28.18696552386688
35.015162946871996,14.497522820463214,11.049301784181749,1.5770344787400636,0.8801953199645067,1,31.788405219382938
38.0219698075404,23.124247660711873,11.104741131313947,0.4776765691733409,0.7775862504664116,1,31.52329224237207
31.56437042671086,11.64284916466094,10.816299820305895,3.1233178442713188,0.8265484535616494,1,27.337752040460153
23.976123785528706,52.096780451141456,8.50574528015116,15.03314796561028,0.36722126355905205,0,0.0
21.96653584952959,61.19762347720932,2.613330178853838,17.236180709391814,0.48465249220610096,0,0.0
22.295981607539687,79.60435384347463,6.377741418455916,12.693121134579016,0.39687757078270336,0,0.0
21.172039056802333,67.64223250957048,5.059316543195584,12.633411051048203,0.24161153310403616,0,0.0
36.11720746234352,20.40859605688683,17.89698507142479,4.842443887971919,0.7004695315574418,1,30.909390954739667
36.28942846779884,10.591316132630924,19.694123223352875,3.1814567698962404,0.9749905707523622,1,34.83823595448318
35.58404249735805,29.951100236387664,16.17847240201214,1.1030597635560562,0.9899252157599222,1,36.03086203643007
26.854438832219017,50.742486698145704,6.723838432917036,18.359876831927636,0.6765600571970689,0,0.0
36.49632899047215,13.728916704566341,16.54511214281135,4.918394626317068,0.9618261518698383,1,37.065263791697355
28.035376594626033,58.559267926675496,5.769816124176819,18.579484985157734,0.225087675159987,0,0.0
30.727630063641936,10.551720296424001,13.079299415911908,1.3491036006410717,0.8156535714210766,1,31.347299157933094
27.927581135728126,59.71278338131299,6.596902729304743,13.075924689304365,0.6859226506627423,0,0.0
38.87212742576327,13.841375168733173,19.911686261369766,2.1409980746280737,0.9466309481800677,1,36.085537474670886
33.5675332669359,10.436339970036459,14.177667821673339,1.3740301777406805,0.8377719632790874,1,29.779295789600344
28.03002071957837,58.66772483537633,0.22066148682290843,15.36869995678984,0.2412860790176386,0,0.0
21.652844901429575,53.59887455172993,0.41578959846593766,13.940751736414253,0.4222867505347142,0,0.0
38.56489841188322,32.498814111975335,15.786754085723935,4.079734694843086,0.973986084272871,1,34.960330838855036
22.28875462483499,56.687736742583056,3.4993785357071405,18.643227095182077,0.3054849453099752,0,0.0
39.36154774160781,28.602182677855406,12.005247267003368,4.797883221605167,0.8552339055265124,1,34.18462844695972
26.16783607852541,59.44521940859696,0.162434432094537,19.285801285980867,0.38849308364342083,0,0.0
22.688535143821934,70.42302569821129,9.18397542081558,15.57561359530389,0.4032082682870093,0,0.0
26.56756063474557,45.763151440527984,7.795167014240635,11.877778432805231,0.4181230131785787,0,0.0
26.486389567688157,41.57567334771278,5.485884150546885,16.240541549674354,0.6773331784395344,0,0.0
30.40775141554764,15.597010721539172,10.063858717168335,0.5818319894273805,0.9028532686226302,1,30.944553299812277
26.543420054927196,53.832243936417,0.24005044844888856,10.581233824443439,0.35781660768357615,0,0.0
26.71479148667207,78.71045861078248,7.379509473975921,13.581844455833094,0.5630424257419252,0,0.0
25.83713587731364,53.127179311904484,4.81277951219237,10.89981005577783,0.6993964679078273,0,0.0
25.9284018050811,77.21593680677302,7.422713922522868,7.297167501259343,0.6936842361561,0,0.0
24.83989368179747,54.368349879307615,7.220660642037853,18.638032043097304,0.33934715796426285,0,0.0
37.29606178338064,12.275899843259918,16.134113892107077,3.4757227702379687,0.7316421099869891,1,31.1635651903249
36.18218063316261,39.532065421106566,14.888465802569202,2.8033004720808545,0.9952039489631392,1,32.90194862856908
32.57941627715156,37.88127967382758,11.025097279906792,0.6626233637092421,0.8959488371593849,1,30.243453427987127
24.884956326599053,42.02292415296915,5.937806319434522,5.014151229014466,0.5831227363801894,0,0.0
22.778527760897123,49.30023968831325,1.5620150793059928,13.327006801297827,0.28312766517485033,0,0.0
31.27060512651885,10.543305514625215,18.005866991090826,0.20836450301192133,0.7016517397481262,1,30.23855948639604
28.881181889340358,67.09752284913178,6.4557218142742805,14.147191423221756,0.6339898133654513,0,0.0
35.49528882323735,10.674079249603523,19.651186964360456,0.4649531991156608,0.9700249549049442,1,37.85295103372201
26.939495905101566,64.9075816379919,2.3374079203674425,16.281714990454624,0.5780961170533903,0,0.0
36.1500722669917,14.550246391982535,12.689934044350977,2.2718866727998046,0.9321638967190469,1,31.940170535386464
30.24315966431454,34.497983184147316,14.732099066915572,0.9731125591038253,0.7555990538586143,1,29.819611754819398
29.51423220845566,58.38336228854492,9.919627472386432,19.954241261175042,0.3735011677061,0,0.0
25.87585871109402,74.39178699246582,7.470782671290289,16.48787965827113,0.31990997610329514,0,0.0
39.472485773838585,10.329874859754414,11.771497894473859,2.586345282208047,0.7906999748054481,1,31.687271823648306
22.695118622922728,67.03291700416294,4.418337048019546,7.227601724655212,0.3854868562960845,0,0.0
24.334722327556342,51.85430454053154,0.8061540516960175,6.857690400587262,0.5917507512939544,0,0.0
24.335827926326143,66.46669038516757,0.27852240821074403,9.037423564874437,0.21996126628187562,0,0.0
22.415006279928335,42.73801810264067,6.314587925830207,6.630238090620381,0.5464544555123838,0,0.0
37.40768617754205,27.096690546139495,10.724468877945588,1.6233796344502998,0.8893922659275966,1,35.60477701671452
22.11231831472931,57.684281387188804,6.1010792203623465,18.460959774823795,0.3668882985348989,0,0.0
26.3228215363764,57.58961946031634,3.604745051415539,7.711777258435693,0.2606514990027671,0,0.0
39.21874235023117,22.104485986371913,13.507118154517102,1.0602241995411332,0.9007067011987324,1,37.44414966991655
38.07440155164063,15.53563058069132,18.887480798689772,2.3260280614185906,0.9410810606324606,1,38.05891798063189
32.372490874968,37.88587432743478,12.207696127887605,4.9743315858488355,0.7914253286158399,1,29.261810199834862
37.851759613930135,24.06079479384911,14.742142166574638,1.2838828386025396,0.7780473372886153,1,32.52279519189638
30.055221171236024,21.896283469638107,10.42093189636362,3.6843687247209105,0.7614643822452137,1,27.376012483218645
32.58779981600017,28.543847213736875,18.85977748236187,4.814634376187899,0.9580419080048305,1,31.975275802605346
39.6665481904367,26.306585833419657,10.32526179491252,1.299066043725171,0.949412054315713,1,33.15978672479029
21.613628010553835,73.38287161022511,6.136379029893838,5.8209906038747885,0.4371543324342151,0,0.0
33.37995156851536,26.281733300427884,17.02464970544104,4.508809960677118,0.8085559279615415,1,34.10117829576453
23.252906183617476,57.13831615395182,0.455851579486688,8.612057241097599,0.49155287863994895,0,0.0
27.837382510752363,78.6298883927899,4.107888099996117,7.49344043077488,0.22464724638220823,0,0.0
27.227377522388046,67.68045023786618,2.7706924971339966,7.532150086768462,0.3679081823207673,0,0.0
30.154566165288674,16.96638085440452,17.61023990942999,2.0807699908988075,0.9567088281512618,1,33.03951154481594
27.665150495325847,72.22858102672872,6.722506872941947,10.655808965025482,0.40248429368809424,0,0.0
37.145959227000624,10.138960690138086,11.595446801131883,0.6069320907970321,0.9142097933400569,1,32.33709548525849
25.383319432557133,58.65197651759275,8.315183331122235,6.975303551543106,0.5831736065523261,0,0.0
32.376375439924,29.377517239948038,18.718435277452322,1.984907585371417,0.8351052936716238,1,31.214741513407226
25.359350788521184,61.99474251104821,3.5781124933559303,8.089700538154425,0.5466887692594262,0,0.0
31.170670164276057,17.73663056299607,18.67918294520022,0.32426797241484173,0.9665211016926043,1,32.82027698776375
25.27677466221695,75.91858587391154,8.306227604317913,11.5054149698057,0.30879396996582226,0,0.0
37.46044879265423,17.36047329043963,11.065930303079908,4.199011428178086,0.887021787447832,1,32.59827363307863
32.70832251262074,13.397141375222658,18.148251137465124,0.4919782485669866,0.8035669428405076,1,33.425961902815004
28.763194331423115,66.71471626803253,2.845413856769338,12.616367572828532,0.23189727812679894,0,0.0
33.88677289689482,31.122393042976707,18.736771141863386,1.7671068965135905,0.7186819317645656,1,33.72381483110583
20.33676403874464,75.44727088517381,8.78033512844457,6.647946706111744,0.5241487636494007,0,0.0
26.724604980250287,65.78980994307274,4.65336933939486,14.678278637669958,0.4189499435714561,0,0.0
25.606782949389498,57.35375691420977,0.6144629013078751,6.460503406868316,0.434703420994629,0,0.0
24.543454230676552,79.98230813001754,7.798208840100681,7.532876950555925,0.2656439860024121,0,0.0
26.30247219456158,70.77795576328188,1.182186222910886,5.804521872812463,0.3548458555525945,0,0.0
26.363742815333744,54.19590733946216,6.665219766930349,14.5346798292892,0.6951425852924706,0,0.0
27.644407280755043,40.99886648468198,3.1491844458889573,15.065194707993648,0.3017674369434482,0,0.0
36.228904758190005,30.899524716306768,16.364302495436366,0.356283638826293,0.7324077262392074,1,35.253709573929456
27.892928483196854,40.76621942205011,7.006114963944516,19.63668227823399,0.3377833881545892,0,0.0
38.35980120512206,36.09689086186385,14.523182845183001,0.41085833738213673,0.997845051699721,1,36.34073253537692
34.38971420705636,39.54523596887004,10.80114846384675,3.301513598506691,0.8522235816153426,1,30.19413903793105
36.43288218442353,23.598665042440828,12.106621890056665,3.2808091884053576,0.8266102780382917,1,31.52692415949682
35.23097844170149,27.905285467506676,14.35583314812933,4.209667833959044,0.9382631987648216,1,36.156156701568044
32.89751452913768,11.179364195232967,18.158331249906176,4.400395437807291,0.7422134584146275,1,33.515083685466976
24.233351441531976,74.82753821829758,5.638929210554023,16.54619934285631,0.657549227245015,0,0.0
30.45446380341458,30.65207189283208,13.961726916092553,3.639696534868826,0.8450222307919439,1,28.1243158927443
35.456167893159346,23.222882408146845,16.315602200925206,2.7251345944846914,0.845800148139281,1,33.98887755319601
31.694927466860925,14.178162179901618,16.855652872289713,4.879368774550269,0.9636936700846802,1,35.12852551162413
30.971764937707686,33.65791633673592,15.819714019143987,2.739797444868465,0.8303787882576135,1,28.846600687996688
25.59059284946602,72.74960917936204,7.55133617445196,18.641442555288148,0.580944947188742,0,0.0
28.816906118435078,55.190060916772694,8.124738210441716,19.42124929463074,0.24335328379782012,0,0.0
34.63698404939982,20.829216908200806,16.03448593381378,3.7568754301452283,0.8533826386602253,1,31.32123933434177
26.55173714524338,49.4991422700903,1.7689695082398393,10.444742606058075,0.4127528296359214,0,0.0
30.23271935735826,29.76771825730454,15.148173539296902,2.5418027345814,0.936695547976238,1,30.051167765517
29.444485826943033,78.92307191649193,3.9699216220747413,16.247898969324034,0.32945213739656976,0,0.0
27.16397111958099,66.25638414002628,3.5310288893838946,10.883266901503102,0.4687700718201731,0,0.0
37.03018958895178,17.27411510904189,14.951465270139742,0.7620800666520872,0.9194489471021087,1,36.00021279779282
36.42419278206316,15.720631619909998,18.734232380816607,1.261205100866808,0.736167524921107,1,33.723830893162294
33.86102637800774,26.789209939246536,11.315676851272599,4.6869403324855945,0.7131217216926842,1,30.356877634659767
22.11635898569861,43.36510649037531,2.2465739764176664,17.727076616093967,0.266889072496984,0,0.0
26.314189212183763,75.38347552918455,9.693218122841788,17.036026766769865,0.4375541824659177,0,0.0
25.931582190394682,46.52076455259545,3.341927141731099,17.076459680617024,0.47240054263804915,0,0.0
26.711574733796887,48.84954785784256,8.143867792687614,12.550176959092312,0.4552300656732206,0,0.0
29.362806214689265,53.616462244570386,5.402994067614997,17.546632887048048,0.2920223860251068,0,0.0
37.79875545857624,24.434203055644524,11.30086240130632,2.747647679475085,0.8141201646911229,1,34.29544550597182
32.2426930946056,22.355227424418054,17.948095487499295,2.2990021188466008,0.9888431071222078,1,33.25290273930632
39.05381976419264,17.782703002938774,15.853543643967521,1.6346580816903955,0.9964107898466776,1,35.76807447193476
30.143934886297558,14.225710611393996,12.284547413312987,2.912113291036232,0.8811386358848163,1,28.1612311439816
30.050615838462186,17.639219642912916,12.736266662816659,3.0979397744891477,0.7876654691385693,1,26.810604426294926
20.913914863317764,71.90929053392856,0.8987685173616067,6.635204234613931,0.5504328486219399,0,0.0
33.584657285442724,24.763488792386145,12.182538878650641,3.035470180443904,0.9954968968422625,1,32.19112969530693
30.464504127199977,35.9416712876516,18.289154741506774,2.695806383376272,0.8962523804422223,1,34.67062656888413
22.763191084658537,45.18715912896941,9.884209939634811,13.819874441957491,0.3898687024108244,0,0.0
25.056341534219587,41.204154888452756,1.8663993979768256,18.19871940090522,0.5989990176096119,0,0.0
20.769794670649663,59.5133727417605,0.4013885908536652,15.18599906743456,0.3383770659756543,0,0.0
29.08228488700323,77.30219513677248,5.994611396587166,10.660447651949761,0.3674391450684925,0,0.0
29.770069544389436,49.19306903190474,0.13682414760681105,16.178221140362517,0.6219967359710123,0,0.0
38.35302495589238,14.585774175529961,18.17967024119062,4.257124788725479,0.9937314814045464,1,36.044235752208
22.320181803088108,66.84372628343904,3.353716062174624,16.397354876425826,0.445509881334455,0,0.0
33.53352228026053,12.747462199799024,16.682127985550164,3.2847757813356977,0.8476976440003545,1,34.57485477034342
27.81959977157959,48.36237494827384,8.096750362658893,13.168329869820132,0.22748315341991104,0,0.0
35.426960831582484,27.697530605638992,17.375823015888916,2.118691268243814,0.9358834598152099,1,33.76151438894973
32.51782295825364,19.66237496749535,13.47809207902193,4.210166471882106,0.8622381264956633,1,29.451544979044318
26.195262000363034,41.03078395057405,3.931471294940152,8.855940382838131,0.48827249497556996,0,0.0
25.180080664046248,59.28528395679368,9.825212722560387,7.513498089567597,0.2772604149952595,0,0.0
26.493223245768817,48.177934898570925,0.1289746978952544,7.5241788276156925,0.3504831598158108,0,0.0
37.578461104643694,23.5731854839808,17.192017782722637,3.0094079481816105,0.7178574101043315,1,34.43758004668729
20.56176077347439,62.046398476654886,6.071352808835769,17.443440735245748,0.27397916705470293,0,0.0
38.5300945546736,28.727139877419763,16.16650314520738,0.6855485286449953,0.73447989911787,1,34.63957074789636
29.976282974021565,52.33873125957936,1.425565550331156,8.086915654841325,0.421719551418022,0,0.0
24.392106012497173,51.26464168422527,0.860321570329432,17.303799784173346,0.6347668359074898,0,0.0
39.75852079462535,32.09332706874169,18.709691237460856,3.8732676559059094,0.8191045123711574,1,38.56975243222002
23.910328691273985,49.86634463221626,0.20934117826733267,11.458037313695556,0.4523186439887174,0,0.0
28.028109348245003,76.1697316563026,4.838025398606472,11.700897030539608,0.4045912937292443,0,0.0
31.84854455525527,33.16955175206918,10.212694108503872,3.1657568779701117,0.7245176037240334,1,26.56330576812034
28.254156641239483,45.85745026411264,2.966124821570931,7.20744876642418,0.24622475851853332,0,0.0
37.31993941811405,19.285828488589832,18.729458358764084,0.12821032903217844,0.971876374156311,1,36.86521571552723
27.37884984834606,74.5863568743256,4.1119047586949105,11.00469254259491,0.5116897829799535,0,0.0
35.03136258580088,12.012294321652824,18.670314961224484,1.4295339461958005,0.8908288139228626,1,35.30821928903579
27.481839120488463,73.76849301144573,9.895053333843224,18.890893397273985,0.3740259777386602,0,0.0
24.32018927594506,50.25852244067064,9.772799325664472,11.397496208627917,0.5085971135584832,0,0.0
33.98504734397373,14.459881832593389,17.42706521199981,4.715379188723538,0.9825177134856775,1,34.93143330063519
26.590454101322322,59.70141522857157,7.350251861898234,6.026610638639392,0.43721745707358706,0,0.0
36.95748688984617,33.12736611237466,11.202090553706084,4.013216548978552,0.9631271743054567,1,32.64550937906924
28.660956336116914,54.85869050497507,5.753591731290985,9.688970373624503,0.4590052156880489,0,0.0
39.48885537253334,26.662951168078823,11.205668857772789,1.3631200036676687,0.9916015988894611,1,33.093720720828415
31.705241236872915,39.991530198583916,15.96269878482053,3.0516689165545916,0.8695990763714829,1,33.47976751484303
35.02637093105192,34.43724160694146,12.299546058910861,3.1194791814581926,0.714442850793506,1,30.716526933124015
25.993021161394378,63.33009569250227,1.3521731371285473,16.229130628727486,0.35845206886031233,0,0.0
39.004180571633306,25.228311360533652,13.458830569529567,1.9933151388615655,0.9012196935717502,1,32.601555498032205
31.160726405069163,15.2916095951867,19.96333916056742,3.7403658971476608,0.905976974047782,1,32.07355938572846
35.98658484197037,34.41385059120846,17.322248864095613,1.7062391381307818,0.7748638599548519,1,35.718841397822054
36.064290596595896,11.901249114183033,14.886431904046658,2.1975584431645507,0.9219712362300791,1,35.56857829059822
26.2129244904961,74.10189684983882,6.415044812562517,13.257975208943384,0.2982434834781056,0,0.0
28.03814545193447,62.718971892643225,5.956798241615296,14.523599887297442,0.21355332616811656,0,0.0
35.163003483011956,38.03101044307044,17.140869321324278,3.306853055352072,0.7261278300387314,1,33.77159187396277
30.76979909828793,30.71184485888096,11.53895906339855,2.700059573022553,0.9950564418145667,1,29.11059979441853
31.42991682052836,14.180682222184725,14.54739855633859,2.899918937140656,0.8808828629438384,1,31.84119577657733
30.740446517340903,37.79762875484484,16.7964728269307,3.2098575022163303,0.8353718032542964,1,31.780348619509518
33.109823217156624,29.002025629501773,19.4473202229141,4.938927601074436,0.8616105393858142,1,33.93453701157828
34.6559801813246,27.501753842983614,10.878664991448334,3.183348410836037,0.9914598072703151,1,35.30932253836595
33.308980248526495,24.77854281978609,14.175807757849284,2.9723816759308654,0.8391794130436998,1,31.814446335954212
26.068469555401393,48.4450377023215,6.949531193430477,13.60344920040065,0.5758990817934664,0,0.0
22.03472742497596,79.22272908242894,8.030118815263204,9.952339254734067,0.560228370731378,0,0.0
29.009608956904678,69.25985856172557,9.459708898455993,10.8021086307782,0.5590070890635007,0,0.0
37.508710677914976,10.39005770532208,16.1714498660403,1.776922843428697,0.8937467158859452,1,34.6693983848175
32.79933896945943,21.9450608077283,12.192139873580443,3.87316890318894,0.7928118153588346,1,29.095808953858796
27.837598424841072,48.431724062001145,2.2999375396324053,5.338467675580208,0.6289674569986643,0,0.0
23.12777989210354,69.13483417358584,4.154430005920896,9.91757298275051,0.37673659603036025,0,0.0
27.623026245009598,71.33191931824192,5.993597250421656,13.961438638601301,0.6874521364051174,0,0.0
31.559945203362027,14.878508180346738,16.587833667107173,1.9941139044845024,0.9278194787253891,1,30.580838540615165
26.077526830956526,78.72305525802935,5.56464637348822,6.014071242085747,0.4096673402096441,0,0.0
33.74870579523704,20.670181493948476,10.48212038860556,2.938846804310991,0.76039363234673,1,31.128774645618787
34.27541018358549,15.169596136048895,11.864382621442545,0.397096844944933,0.8903747252650911,1,32.08424424496615
36.97015740995268,32.87376057222072,13.924935564066848,3.686785386938998,0.8775091486918977,1,34.08594948084347
35.85775581273463,24.162008353299978,14.217209268734553,2.3026974863707,0.7199331533067325,1,29.588022036683345
21.909265850716434,66.32639297190295,1.6336675839842019,13.947006131203155,0.5860760138079191,0,0.0
23.754689284665005,46.90095507785448,4.327714843418189,6.837467929489838,0.4141759002844231,0,0.0
31.181648276216563,16.93224389764214,11.635238725850227,3.4444265102504534,0.9467267121004835,1,30.206486372204154
28.229838050417676,46.081942696979674,2.17891379626744,9.68096066978031,0.4573710968783899,0,0.0
36.96737165364151,30.15678230796185,13.910815366517607,4.366614579304039,0.9572687012983851,1,36.50476845785956
34.556567527857126,33.982476369069374,12.375441308743275,3.8275644949555487,0.785735066657761,1,29.744544882668105
38.92558998489978,34.18603839379184,12.656000425887061,2.7889170868501245,0.725039225496815,1,34.723546885986934
20.67255913967368,57.25206825364059,1.2328377929894685,5.090705647759676,0.32199765117623613,0,0.0
32.94448892069586,13.506941221250923,17.96537290976176,2.6765506572629585,0.7281571854470068,1,31.0842567183815
23.32456157148712,44.039124272710445,8.260646845482855,13.954178351197589,0.5596226002879159,0,0.0
37.08072577796045,31.771585251650798,14.894249636431404,3.8244163077106412,0.8462713581020153,1,35.93680238690688
37.2595567887024,18.65891659720767,19.73488969177397,0.12905953474743492,0.8381074813605779,1,36.31903145278394
24.34020972708759,51.14572252460145,1.7464718589632955,10.55348278526865,0.3662133460871826,0,0.0
36.23298126827558,39.40097725856431,10.894110023122595,1.9545299795275732,0.7195613773781476,1,33.02363281618304
28.825598767723474,73.06204296765857,0.5856530528453385,9.370416092566167,0.6455700458967546,0,0.0
20.153948916913084,70.49787834699474,6.059969672710254,6.960759853846359,0.23097325928949397,0,0.0
20.74105422574867,44.13060035500194,1.5144552193535732,16.74742146385546,0.5029484075897415,0,0.0
31.77110679407049,21.308332882747226,11.85525515703121,2.0706487626446353,0.7718530509728614,1,27.538685656956975
30.305002499390493,14.600542093482407,13.96923276201596,0.7508450040852083,0.8832340213227304,1,31.734225320257583
36.918951976926934,27.869162218235328,14.513870243296754,0.3067481355533408,0.9414720330524315,1,34.8181600305397
20.019921352190703,43.15757611786222,4.981299435480424,19.936016780769847,0.5711849685448909,0,0.0
35.75474177875879,11.97125918285057,15.923503285933622,3.642453385808066,0.7426411371380373,1,30.95694210706899
30.83500716698669,27.922393065109247,16.83248028289646,2.1700968308693764,0.802734393650414,1,33.15921591771478
33.9309772466676,33.858019355796706,12.7421520234867,4.983484269264884,0.8795072452893277,1,30.72438350074158
24.54764342552661,40.94831014578074,4.200110042956629,10.92580006785194,0.3448639918691073,0,0.0
28.04414059677473,66.46874730575826,1.8089190137889832,14.348155596020105,0.37391117371652294,0,0.0
26.483180074520956,61.29167503805817,1.4346945701802005,7.4643026490861395,0.4338603079855754,0,0.0
27.966813971913723,72.1056124941172,8.054323292999863,12.705617828229572,0.4367178296875107,0,0.0
39.62172548474542,18.660812103120996,19.994137257706665,2.8593613561359326,0.8861981439473752,1,38.953771477898094
34.582528904915165,25.7317080798274,16.229665835634826,0.8871438473485344,0.7885122122962468,1,34.79758217898697
32.23595838519453,26.992139208906917,18.707534503372592,1.6725564437096607,0.842663811246048,1,34.89233099161211
23.892304716917884,61.858341669124975,2.8060081323791595,10.27474808512858,0.5697905886108713,0,0.0
33.50915012552079,29.00434659478442,16.391199378155004,3.211627629526137,0.7941900152132058,1,33.385076326749356
38.66176145774935,34.67611728769507,18.491956515653193,2.6680127336343924,0.9330131670865544,1,36.40434843760492
32.42055271511501,13.827409083866913,17.527166395576412,4.684789115155314,0.7719622338267834,1,31.27057077401766
29.706765454097443,72.36094561166706,2.894395216194879,12.771162470605171,0.4958584844462002,0,0.0
30.84837714085192,18.22165662061618,19.699120461072702,0.292754646219896,0.8661134456074033,1,31.32168985259914
34.545410647677734,13.197947594013154,15.444890979608495,2.290934433689463,0.9832126281476193,1,35.26265394941452
30.912061030486903,36.836566806822745,10.415728590503921,3.0979466872992036,0.9268640841850531,1,31.933287266773338
23.336283958368657,66.28121992936428,1.268240225504188,8.61747821461643,0.6699621864428544,0,0.0
20.533479969888976,49.35251332372256,7.308703457761604,17.675594733449635,0.262821746206157,0,0.0
30.460026420217527,24.951033182184393,19.74793162146783,4.058848940450687,0.7343462914197715,1,30.487038738257613
29.467337289233956,47.806660688746014,4.290623693026659,11.160239495154244,0.5070931221595056,0,0.0
27.073970000329275,52.288656680850835,0.727349477786684,12.335726006739248,0.4980713247749484,0,0.0
29.65015369454472,66.68849348776725,9.791515551006157,8.309765894326226,0.3681616971351668,0,0.0
21.88540605749251,59.58497848200979,3.3197150473584545,11.411997922500337,0.22257568220614599,0,0.0
21.989921389594368,51.134739266506266,6.712708252291325,9.031964225452972,0.3513875641359836,0,0.0
28.82993824829773,73.52921684327202,2.3333282264932667,9.550783154436997,0.2530801767737336,0,0.0
27.483558536657398,51.09858718899816,5.413744209074382,7.935689601494736,0.41726548165224764,0,0.0
33.76259585530916,36.216702326875456,19.446142194740233,1.6409637680465576,0.7172942746597074,1,31.73448718375143
39.06354385094736,37.4323583777488,15.706097466388297,3.678315571195949,0.8041831117091522,1,34.59401300154729
38.92046555177113,16.048819601432335,19.83977647959828,4.069851347530094,0.7891713423125851,1,34.536897317781026
36.58693631618945,16.297167792867572,14.386154191895905,4.30684998181718,0.8837720405034457,1,32.404999549372086
21.05345484481333,46.51163956824917,4.6618159112755695,16.134383472304208,0.2758714564765262,0,0.0
36.519612595026004,24.14728565650475,11.636238211916691,3.9038079303421993,0.7054019666801363,1,30.545175393730812
31.158690595251297,17.74733164896875,19.499611839502254,2.73348706357035,0.9316037428929971,1,33.984353508358936
30.514787512499893,33.67513715822015,18.505817290942417,3.9101404383519296,0.8482637341750899,1,31.455421965382097
35.406351216101065,27.288650805004394,10.519712836514724,1.7662570425103208,0.8538003177869249,1,34.1156006009753
29.51490710176787,71.7037925283654,2.9582409749653604,14.685875650265805,0.3716377445322241,0,0.0
24.8509465997954,62.66421035621852,3.380844093662614,9.617287250391787,0.36636473825518956,0,0.0
29.060870604812607,78.93530476659285,3.610747263410372,16.019124510658024,0.5883992186043153,0,0.0
31.732018699100152,15.341079006092542,18.682725054083804,2.197024948472261,0.724054004224571,1,33.30349906874797
39.01158010490989,24.864739486185954,13.66461534871398,0.40300756878562327,0.9942962134488056,1,38.383313167837926
26.736454174749078,68.64199892968578,5.855876838726125,11.870429248758029,0.30938585420543985,0,0.0
33.37615171403628,25.96340455795947,12.201832019498113,3.977249803948646,0.8582198866368029,1,29.765589772971598
28.588167711681546,73.92436940062521,9.634799474743275,13.93049555235309,0.5588380788967497,0,0.0
30.78456381342266,35.166942593378025,18.948166560605276,3.8218633111086797,0.9622667574055528,1,33.902475366692876
20.835543375106898,77.41938054109983,8.979352934437369,8.063631595526433,0.2840100260963393,0,0.0
28.384918338430246,65.09315740362712,0.011120941961874076,12.658556130927554,0.6260242079023464,0,0.0
33.74540118847362,30.944851420592354,11.851329288386196,2.5954089256810904,0.7785117051207717,1,32.3508110424919
34.0895294441427,27.738263072347877,15.264026609361132,1.4772238873871013,0.7824194576558559,1,31.942645604117956
28.587642793494723,69.5626790375749,5.8556372879330185,16.77595881569647,0.6009200842264029,0,0.0
23.465241679527182,59.38151980320043,5.64231816684536,14.740682303549336,0.46432830199463776,0,0.0
22.646350269253574,46.27250821267223,0.5115020562039763,7.950322959692346,0.4159035475538886,0,0.0
27.509397983633182,53.05015672164587,0.8122963480667267,8.702855413935993,0.4822082938898738,0,0.0
35.53854284401321,11.54277440452751,17.622851347766158,2.1482840636946756,0.9371529382824655,1,32.484746126431475
33.20049601030612,22.64273651777494,16.63804527621805,3.728668913656161,0.9031361919205028,1,33.235574412651445
35.12093058299281,12.407012369849266,16.318135270166685,4.340283450537251,0.7524644311527878,1,33.54658460048738
34.27107788626256,21.067409187093173,15.508573706091394,3.4500244541033287,0.900375999641088,1,35.61226313382012
33.40803540253018,30.042554097119385,13.370031764312863,2.7754247465114315,0.9670291105551425,1,31.14329371011087
37.91579043725849,36.05403927693739,13.161561049767505,3.478090732484034,0.7480074809389582,1,32.01291401306423
22.685337560676075,63.227963382171396,8.232732126800302,7.306755582698242,0.2928884773493539,0,0.0
23.266392494259108,50.046770701936055,3.5813971652914445,9.615186342169228,0.32381582153571936,0,0.0
31.195942459383016,14.164815179482304,19.427317741351256,3.4621807566218483,0.9326835552775983,1,34.86567607679385
29.291395200154625,56.72579152651198,2.4067051475715306,17.177100775263295,0.621906431829153,0,0.0
31.13473521240589,17.737084811348197,13.418721660386861,4.878051004299574,0.7637933129113288,1,31.40831836214326
35.11342398860938,33.91886097338661,14.805069472578289,3.9345169312764754,0.9851593157758611,1,34.58271170399826
29.961576734987787,72.97886070418195,8.42165376650381,6.208712184297704,0.38602178390610364,0,0.0
39.86886936600517,20.44766401069901,12.872389916540818,2.258838393686146,0.7990645194614492,1,36.43293712073859
30.373481887492144,27.586894960503916,11.327157540430603,3.687168843607428,0.7842049646547923,1,31.332656511382286
32.2210781047073,36.856205130615976,14.958757350787709,1.7378576211949104,0.7037822559927277,1,31.155274275688896
30.516817211686078,31.21715902940196,10.31586144825642,4.7825069914974,0.9407757038739438,1,31.723899660501324
30.575587600166443,22.756405134077003,19.86630122958847,3.9709866563854215,0.7867734315917964,1,30.97012352566655
35.543540525114004,20.390379830978837,11.821179156886993,0.20975611715818132,0.9463594847650679,1,34.426026068623514
32.848404943774675,13.592863954577536,12.670282701694212,0.4456221605800831,0.8413503696798443,1,28.879721041160526
34.944203047025816,33.995657678419455,11.483432009620888,1.777465052206787,0.8375569026645672,1,30.20076999182786
27.365352283347924,59.32723453254674,6.923543061544142,19.018158210732732,0.23744792100099188,0,0.0
33.23202932020755,23.42237100470364,10.761308594903001,1.1732104092772677,0.9670774159053406,1,32.84710846551911
37.77146915927437,28.0155058130096,14.971747640084274,0.44300214839808616,0.7810743076392349,1,35.32553354742092
30.902897700544084,13.053474178612113,11.607598960483083,4.960790074116563,0.8413861502194493,1,30.386350651875073
35.92414568862043,11.691264899527813,13.191004732432557,4.015129489163317,0.7769590187332743,1,29.733280876940068
25.356565993475787,69.32000428890493,4.774161894803537,17.283039057807073,0.5900240435200217,0,0.0
36.33101457273268,17.272291972452408,16.20915517767477,0.7318699608112456,0.8681321892941319,1,34.03005152987761
37.50614751640858,12.983241782780354,19.698210450785446,3.632308575565024,0.9116757587931474,1,37.833687386410986
29.07838513883534,64.51183342146041,4.141410682156662,16.62851808348584,0.3437555996918795,0,0.0
35.90892943188242,18.55285506081541,12.870381331749128,4.087248542455958,0.7975312046295097,1,31.369027880577796
28.379083748518035,75.39420470784017,4.784910701071892,11.33288350821017,0.38860089122881936,0,0.0
39.62447294942111,10.602135933331791,18.24680965925149,2.699785651402798,0.9457190541584968,1,36.233730957268186
32.26495775197938,25.735341687107642,12.598035810641598,4.029627000588106,0.9567211776717359,1,30.475177770369793
30.580836121681994,37.32781553481527,16.922765645178526,2.9008618461366615,0.834921952735162,1,32.98627711652329
21.716939077054494,48.497891087818914,9.347299154883009,5.807457873626886,0.49103506556211174,0,0.0
39.69302535619099,24.890987416037092,17.978136488586344,4.3636512524230096,0.7374462441900544,1,36.132914964717195
38.154614284548344,28.662601006836205,10.178739347334139,4.3139853877161425,0.9633490234456122,1,34.14660411264949
24.11191517994586,41.570776569666094,0.7675806188873802,18.267180913951385,0.5438846031828674,0,0.0
20.08363681876857,64.55881225300931,8.751336186211521,12.67670684854221,0.6810292494706758,0,0.0
36.45472295907168,23.17404725710655,19.681934279147217,1.838796754386448,0.7236907486572486,1,36.18269100111852
30.368869473545328,36.71581842219685,18.78629986355158,3.7763521024840396,0.9464910693131415,1,32.08548771847445
23.894049389788755,63.79389518007638,5.6585056031324665,5.903404173504462,0.21968093990986476,0,0.0
31.952429877980446,20.764914523705073,16.51666825375885,0.6535518837009974,0.9003414049679219,1,34.64825106026766
36.57612892300343,38.150213704631135,19.5086356225041,0.7112468434359809,0.9111057932382387,1,37.744516104009534
20.389380166876656,50.637138025284756,7.286562842366027,18.213427408171285,0.4055567084974243,0,0.0
26.72702994208898,51.46078195708492,5.719958782835928,13.98948930509583,0.39681776013872105,0,0.0
31.19865367333683,25.35032326346998,10.81046215907648,3.32455862243609,0.8679267050915147,1,27.54354888355805
20.845653780972377,43.34099658720075,2.611624325108602,19.631155515271175,0.27818107082243754,0,0.0
28.36117703207249,66.34645419759067,6.018067339454473,10.059959132686483,0.4358131825976308,0,0.0
36.59984046034179,26.702886790417892,19.37228487236451,4.310072411363112,0.9814914455345448,1,34.0231583018137
34.9517691011127,28.1852390335264,17.907231648389637,0.5343846154737192,0.8683668364847574,1,35.362302073898746
29.411208125336735,78.45969298296448,0.2568964486940817,12.582811875852354,0.5692730266984817,0,0.0
32.28798165491622,25.10251812564571,16.960206180537924,1.1685604095521651,0.7830713462133426,1,32.5976485810315
25.82926056804263,45.04008111455977,8.494464062257356,15.07563288866091,0.4884039598191279,0,0.0
30.884925020519194,14.02045685351922,17.67188288931127,3.0549049442549587,0.8386886683001822,1,31.74379705673853
38.95523228496201,36.780151332309245,14.746308757498138,1.012402800826187,0.8817337748358071,1,32.992018618093375
33.7427079575612,29.542611650555926,16.726021182251262,3.9244848855573378,0.928570543781461,1,32.65766533230024
22.062521138361525,53.68430483454376,4.517394759814438,16.670694597247987,0.4748586275816555,0,0.0
28.86093435313208,55.78289261275695,1.331821256675234,9.917642568287274,0.6445003054073328,0,0.0
34.56069984217036,35.149861141334135,19.44266489113434,2.4293587959316283,0.8256379957222484,1,35.39171538404548
38.6859912818946,18.91365146869525,14.069079607228705,1.811177208261442,0.7118378598672698,1,33.49246209380147
25.18700994380595,42.50259368877806,5.778070502510847,6.3168235558724,0.6613018785469789,0,0.0
24.1833386410228,71.93172788836748,2.7064394198176567,7.979668653461086,0.46623545394194865,0,0.0
22.483762603698004,71.8370554857401,1.4328145870264108,9.536994761922045,0.578888280187579,0,0.0
23.54424948793055,53.80334982052935,6.191727353658367,11.609973251364403,0.30240120452810476,0,0.0
25.6339535071264,64.14115226004483,2.369239938967235,11.97554501331365,0.6916703842071132,0,0.0
34.74173829087325,27.417650508341303,10.721984089791759,4.640418201630249,0.7363075001455579,1,31.755578991306695
37.75132823361115,35.5654450095562,15.289371340272119,3.008059100731656,0.8454088861390141,1,32.471554874233924
20.121567714773867,58.600380701057105,4.084555814084826,5.3591939790572525,0.6237738165273681,0,0.0
27.326990505902806,43.40413944479141,8.860861088135163,12.820655322106118,0.2207486627549532,0,0.0
27.643533864364272,77.87024978768963,0.9842418910136874,19.28093669958504,0.296128959234046,0,0.0
21.834421964034345,53.07178823431109,7.3436567649221836,7.806864056157526,0.44261522788267804,0,0.0
38.773730719279556,11.005973042073382,10.116205399081007,0.7502433234699213,0.8821268736156263,1,31.91436997003172
20.05313475668346,72.94208906447275,0.40285518777998464,17.294373043214673,0.679435936595205,0,0.0
21.60365406119743,40.41137983742768,1.0548342746103567,11.284546606692865,0.6738430885321398,0,0.0
23.09806875322469,70.91085678660316,6.821916892550988,19.130873292328932,0.2668478271997181,0,0.0
21.698810060507352,72.94494442995894,4.398556397138349,14.683015346157834,0.24348351012796654,0,0.0
20.683532003099586,42.84139556176009,2.9728720428132647,7.944414534666006,0.47987233066683743,0,0.0
37.533781852589414,37.00055925544315,18.381152896481105,0.7372626335314197,0.7583871510114616,1,34.40956108330894
34.31945018642116,39.618283879448335,19.15488297588042,1.2174114828814964,0.7065470190326468,1,33.41027038845398
21.1755130015022,52.47517743054901,8.200675020556494,9.812818141247654,0.5041056883832233,0,0.0
36.275580800840636,12.254133452074264,10.057586604981216,2.414844360426776,0.7446387908215346,1,32.687095000207954
22.508930456911024,71.08197142607025,6.738388982700046,7.071879397103709,0.6602679425512773,0,0.0
31.011226761227903,25.770705469080575,16.668642575461043,3.017438332982274,0.7865216313456237,1,31.093907262227827
39.053506419560634,15.457843914858135,19.09032520665641,0.8240740786471856,0.8675927189351276,1,37.72365922991514
30.635583502860236,19.862548308625247,18.791183075621646,2.483834294295847,0.972766061758468,1,32.929556001899506
32.71349031773896,16.388924845267322,19.840834691992953,1.1843527948724102,0.8537507946310995,1,34.38193589911185
25.214490241668802,51.658436539751754,6.650559890066311,16.27737718935022,0.5415571428615232,0,0.0
38.67072318580104,13.824659869959472,17.7985098889335,4.460423444701172,0.8463001205863793,1,37.17274321986433
30.35942273796742,37.25351684000885,15.177116433847115,4.475588703532682,0.7830442923373917,1,28.77317487409699
33.88169926206522,33.26582850085032,19.12363345616691,3.882237232498623,0.7035119832192712,1,34.0469112726054
30.7056874740043,16.154189214460217,14.866689414247029,4.5946326681977725,0.9171919166398281,1,29.493788142422225
30.11353644767419,25.567531158485124,16.895267510315612,3.2128259976759574,0.8332131247606609,1,32.10238503281747
37.019668772577035,31.601096096382232,11.424955429015132,1.2733531102302558,0.8902312094128993,1,33.0673413028315
38.324426408004214,37.9818545006204,19.440593396866134,4.777618479774674,0.9719312360033232,1,36.95529885994229
39.24693618278563,15.126627621701974,16.326218931339483,3.20486038672666,0.7099568063687278,1,31.69436877775671
31.957911347892964,35.85356863040552,11.796831088702419,0.6586438672728095,0.8029502059517974,1,28.959987389939442
24.323462264033473,69.25945438812462,0.7115567887790974,12.03561121277231,0.45225146202741784,0,0.0
28.77470046654482,43.48068873211155,3.409585714355583,9.754139326509222,0.5153852100863103,0,0.0
33.677158030594335,32.23361947870177,19.436159201675988,0.5052290550532335,0.7725681484776517,1,32.68508705559434
23.129073942136483,73.604323137568,5.942418273085972,8.585995761125446,0.4425089937620206,0,0.0
20.191448679968367,78.95201653428597,9.070419604150219,12.126505110375806,0.5436171717303414,0,0.0
24.276013337033373,46.828334532499206,3.5659617598620565,17.73647029938014,0.5802000336437413,0,0.0
27.045544280274452,46.197012445737705,4.27486454090268,17.1779918601557,0.5012345852286332,0,0.0
22.026326341353432,54.456151162687455,6.253301699544539,16.728363694953345,0.6187362598093873,0,0.0
25.442539661136976,54.04877549395124,6.337115997655291,17.92127069143276,0.20801407822756157,0,0.0
36.90937738102466,13.36116706504157,17.798453951511437,0.4045964152562609,0.7837828265363231,1,33.470983080109754
24.91095729383165,57.52714452993378,3.887263478765467,15.640832327365793,0.6923272387954198,0,0.0
21.604626142712263,44.463719998289896,5.3187176650501655,6.688856997937917,0.2172156542866573,0,0.0
26.801118854469728,53.12932422713358,0.5994330086130828,19.484584629002008,0.4524557256250696,0,0.0
26.619689447938686,73.09208598948985,3.977934409290982,8.56224957754076,0.5908899129643631,0,0.0
37.76412960741997,21.915505888553646,15.197739485560177,1.0201781731444943,0.7427782432245725,1,34.142422515953534
35.35774684074759,17.116803752079832,17.43508256291608,2.484817414529151,0.9524342659254279,1,35.82280685005311
39.63619977089253,37.19416332893641,19.20847847815687,3.801449115610675,0.8796935524531632,1,38.43319780309231
22.00282017867626,43.75106105028066,5.934613827047238,7.059500490733553,0.6818425943435245,0,0.0
28.791857726012477,77.37216456669961,5.5787367566007315,18.255259515319846,0.45554691073619896,0,0.0
24.096710533759925,57.961550717205036,0.9664483428775228,15.455362490064493,0.5845305665798621,0,0.0
33.18975630293761,14.68457792098571,18.707499012725116,2.7111860274592416,0.7826143522766256,1,32.41495004455809
39.50607146937556,28.72446723547402,12.697496115169896,4.981671688136236,0.8456769098978193,1,35.66577763865692
37.06857343847617,35.87091126240236,19.877223897360317,1.0836990004538782,0.9638745564854587,1,35.26634444238077
38.08120379564417,12.452770958466157,15.369744228934135,1.621668765576878,0.9681969130023611,1,37.03801457728629
20.08319942227192,54.886930209875885,2.5859159113478403,11.0798804097043,0.4108563087629582,0,0.0
21.56206568686622,55.71580435572716,5.196116758030075,8.06096582819901,0.3208294604095926,0,0.0
39.905051420006735,31.668007955669776,12.36050463346464,0.49589049793607953,0.8123658661060363,1,33.445290926681146
39.07566473926093,13.619076133018025,19.94907822646435,0.34711921373046684,0.9379784051314763,1,34.90301335390696
36.33403756510423,36.20735872320331,15.929399348417032,1.6650095652909895,0.8962877656974886,1,33.490066992698644
33.28664545369916,38.4535992088647,11.221099140100268,2.9652216709339205,0.7116988037724734,1,31.368767402057017
23.739210470128135,45.89102254208364,8.243504472493495,11.44510045032722,0.4637939866360828,0,0.0
34.68660641994126,11.408979003251652,16.765133857772465,2.10624026647036,0.8878702964263191,1,35.56000085050229
30.912866767861335,21.390772245018006,18.68271280513259,0.7444402516622234,0.8362004863588344,1,30.942964650333927
37.60785048616897,15.456402531974344,16.07736794878859,0.6419714472706262,0.7611299377383067,1,34.00093984214357
25.809503798881792,77.54119133892522,6.7754580518377585,11.356551798963851,0.503662208396533,0,0.0
34.72214925161949,14.55708080536883,12.316717013834435,3.5879888282908814,0.8141260022522687,1,32.76711291501571
38.55460584011007,37.445377032043,11.995424509291452,0.6404787318310001,0.8368709526866626,1,36.21091487682392
20.317437653729886,53.49817115856916,7.802126485356336,15.968758840210626,0.5048409541378887,0,0.0
26.23743084864009,56.00849103398688,9.567204338893498,16.068916534982005,0.35473477454430047,0,0.0
24.422938054511352,48.907043164923394,9.224342836561245,11.672786492413113,0.23204735551808775,0,0.0
24.3440331900661,47.313511194752685,6.638244748527251,18.454929340466165,0.25331180946829895,0,0.0
28.398016066644267,63.17257866647751,9.288595498455656,9.682846048536941,0.2589862418140308,0,0.0
22.42022079980877,45.720044906629056,5.002785352077604,5.936469909166705,0.6325355496876969,0,0.0
37.70967179954561,36.90365229718036,12.306698117177586,3.6216940856437057,0.7861413874253727,1,31.12263901587687
39.699098521619945,22.547291088718566,19.87668007996647,3.590615381132472,0.7187959610366064,1,37.41783671009628
38.58412751843012,18.794431907830397,14.308875236618059,3.0799272513008953,0.7463379241669971,1,33.743578335550495
21.013728975531592,51.97533494821393,9.925817954877633,9.596231740265544,0.500291598493568,0,0.0
39.09320402078782,30.151020532175703,16.258913764370092,1.2828139185068188,0.7344306615607652,1,34.83660332649988
30.343885211152184,16.85928416510388,13.1875250293207,2.836561098144518,0.8570172734123099,1,31.927980046884063
32.47730989501157,23.566538226694213,14.98195716453139,1.4641101835048236,0.7153406144326302,1,28.03249705941783
31.86518510399854,14.820441197786671,15.074677337608362,4.652976073219581,0.7378794224693508,1,31.091988780361667
30.777346369649848,14.104558927568842,14.634940438005724,0.3447900817821059,0.9596731436873657,1,30.924826049145796
27.608513309307817,46.72814623066073,3.8278410040304056,14.014182268065785,0.4882444515699329,0,0.0
21.018931008729368,62.106490711069924,0.8159872000483837,8.483370363520146,0.3312041882446509,0,0.0
26.92073647024369,47.38529829389477,9.977493890102005,5.148660432367304,0.23437695321124374,0,0.0
30.314291856867342,15.068051892164936,10.578426765633964,0.9593366235937145,0.974527020522113,1,31.223732647803676
34.41530501373377,18.060320781548384,10.049399809344097,2.9410113347419524,0.7348416880601576,1,31.604356928745386
39.367299887367345,39.08411299826106,17.61027902502028,0.8676225749325434,0.9082451720529493,1,34.606746433325625
38.127995672575025,16.1926381528181,18.681422543775053,3.943074823362032,0.8321324050937272,1,36.78477506296696
32.932107716980646,18.83397278625753,10.393435406685096,4.430978902325372,0.81526201389574,1,31.446186254246832
22.18715612997927,55.810372617246315,2.0229394915820365,10.731852416899597,0.3922579068531332,0,0.0
20.31149092793391,78.32472035677735,5.738658496770963,17.014080823121454,0.33042462298104447,0,0.0
21.104318634111028,70.03078596844223,4.027037209945602,9.058388847319872,0.39398637719894314,0,0.0
33.86735346300537,21.935667971372247,11.069806388269583,2.014900893825807,0.8928645730176122,1,29.473724138561433
39.307573256035646,16.14952886247463,18.288833658826093,3.665356480148374,0.8037632382213572,1,37.55748452546451
21.30080669828947,50.87994421377424,0.04187443627957865,13.309898832546963,0.33673725768748985,0,0.0
25.417609642675632,69.55466708532131,9.080185454216624,9.464754163524207,0.2109233559931009,0,0.0
22.7528821345186,62.95799464276042,4.027394847468307,13.185439532195387,0.6000687913760379,0,0.0
25.150056597097233,67.0957251955549,1.3320992413662869,16.63257945078499,0.5757116587656512,0,0.0
38.77472013527053,13.123257459537214,12.581334327011275,3.80560768521579,0.8292955661539888,1,31.8105074531457
25.003594462155604,77.05855191824739,6.920505530397448,10.354736442029958,0.38333943985149066,0,0.0
21.153946421789172,76.36701056214343,0.6203676362878152,11.662751103175498,0.6833530700092303,0,0.0
36.96029796674973,26.003832759289647,14.91594546741437,2.4392702196318123,0.8291282230962971,1,35.69692054154222
20.67502546683822,66.95976832582922,6.594229620819975,6.223623884170489,0.5638155688498443,0,0.0
30.4072880231897,22.56776348513644,16.503256863469367,3.2823930366575134,0.8151516649134938,1,32.903792843050844
31.83404509853434,10.79100923491756,19.25248317415666,0.0378143748907106,0.8233286807802119,1,34.55796734296672
39.54865280663194,26.121868088137685,19.758652558191315,3.2195212677056535,0.9471371152663884,1,36.78164327173499
23.91859373188026,57.19830479119287,3.5472855673021266,11.91100400362511,0.40858213948785105,0,0.0
30.936747678280923,11.994888021003325,14.32334801042602,1.5163757378379779,0.7289603410586322,1,30.956862270709497
31.375209441459933,35.96521377681941,15.412665786761103,3.4747554445123088,0.8537964259435158,1,31.428678229755093
29.213075122129755,49.04316284042251,5.702869387313905,17.586495481994174,0.5635092635070669,0,0.0
32.921446485352185,39.09743193443809,19.243961953765304,1.758113436198172,0.9810467386099275,1,33.54135715676337
30.26511310541622,11.096490035442846,19.007018640112584,3.7752096437313916,0.9707359921857526,1,31.64628598141445
29.27110628858427,73.56721579921194,2.4029912345036673,6.581020660946934,0.30454868229480714,0,0.0
22.719460394184487,64.47324080412886,6.043593197147711,17.12402316824417,0.31363052677983116,0,0.0
34.916158751168325,10.392833697650008,12.576828885112137,1.8608351191875667,0.9253534143425255,1,32.446953115690455
37.61510631717472,35.04790710397897,15.155960285792503,2.8074229397976187,0.9480122079224462,1,36.13953459478617
24.8303969755889,45.485939526109725,6.8908765374822964,5.302067734239348,0.6025871986801883,0,0.0
21.949751999002892,55.384443039150725,6.4395657944761355,7.336598908702552,0.3516098919221252,0,0.0
38.98554188527079,14.032440308169228,13.236102191495412,2.5307093142012205,0.7126074025514215,1,30.674413950046137
28.050903184956628,70.0106305575537,2.719545593981987,6.799294125964547,0.479609065884229,0,0.0
35.61277197569496,20.370018499715897,15.126885110165086,0.5205482469208317,0.8569988893584224,1,33.515289876034984
20.75583613854067,43.29089297108248,8.899133763628624,18.97610604974762,0.4790855919452203,0,0.0
30.745506436797708,37.12476083481245,13.546221576407765,3.119296623382865,0.7494119060296888,1,30.948152468102496
20.625262957428458,48.72830138208689,6.978327855051701,7.200426710227723,0.22811214742548613,0,0.0
35.78280140996174,15.44793150404277,13.264613082439919,3.2967696110289135,0.7420072292659953,1,33.55978153089613
24.739212201161028,46.4487524790049,5.880004634296284,7.686424089922723,0.6803731513856777,0,0.0
30.841068061149976,15.150378575449105,11.396512547563129,3.382339686131811,0.9883406456222779,1,32.26949839342976
34.89452760277563,32.3631842255299,16.801407717603006,1.8006820373575954,0.9477934638124246,1,32.22739585573033
37.29007168040987,38.485618709729266,14.277731337358624,0.47857277760080863,0.961173527513802,1,35.74247072742977
25.19224570780205,46.0188908402399,7.017382738772572,6.805453643149791,0.5323696024554231,0,0.0
39.86001063822871,14.106568902064218,16.926259522261645,2.2009949897774526,0.7778004691951284,1,35.355160188777965
35.296505783560065,33.084787995758106,13.009635669468162,3.031264688754887,0.9365342029759895,1,33.38080854461761
38.101133946791805,35.39356875203555,18.601223971892047,3.9250827191852844,0.8153533982934438,1,34.15798722313741
32.80772362440856,21.773353222679063,18.64358249839637,2.2489232441066127,0.9676907494418956,1,36.630483563963246
32.8096318959223,23.044820158112387,16.954672066898624,2.482305761776499,0.9590642567543635,1,33.605838127097016
31.86570058886036,18.30632944441611,18.774608626303802,3.309195949246893,0.8845894075209406,1,31.763093389453353
29.956311094988834,55.724156302376045,3.993325801992226,10.448830275137155,0.6766535837911862,0,0.0
23.06776599522141,79.01372533916282,6.971636921379805,6.371329877257073,0.4676738840308283,0,0.0
27.517469923958405,43.38753367501227,9.50532820954409,7.398196450496621,0.4892709091017657,0,0.0
29.575810150838173,47.0196650952543,3.4131864595005212,8.102268397000945,0.2263719760811087,0,0.0
38.18014765922493,23.876041483994435,10.869867599114102,1.0046684432952824,0.8904013819761825,1,31.701495551736386
38.036720768991145,11.832338795645912,10.914868373977548,4.970696806105837,0.8320970255105047,1,32.41496074579602
38.91143113698071,16.448211357722702,14.041403216510329,2.5903938311940773,0.9166429706367718,1,36.50678590018912
23.26742542030041,49.37702400046059,7.302491895295712,12.808157559572876,0.6647017419245769,0,0.0
31.959828624191452,10.863480289400169,14.01930913609242,2.0551423490335234,0.8235296624753525,1,29.91883206744635
22.640619846937188,50.213454950529766,5.234013709220083,10.021835628360186,0.5474850665607378,0,0.0
20.22425889162055,40.25516173626363,6.704343337969175,13.01838828734463,0.5682365873095363,0,0.0
30.693613008751655,38.38346386400898,12.375433249238776,3.6298995499264777,0.9187520462648344,1,30.012208899797315
33.594911512197555,20.262452461477224,16.000205481193035,1.8794414257288468,0.7712300405124418,1,31.812835661354644
33.11711076089411,13.40672776598887,12.329594747536337,4.029962748875791,0.7203005085700004,1,27.848685563765983
36.25859915714236,27.861550519601312,10.401091914124825,3.2290540632760303,0.703039355208323,1,30.072913012516224
33.49209574612661,28.318601273248976,18.715368061523762,0.34086154692746784,0.8341166631419277,1,33.296986323587454
27.374260857706773,46.45469433553532,4.1909947291708525,13.959685674960678,0.5158612091632919,0,0.0
28.904095172193287,58.36496093146724,3.80951845023475,13.205680184233666,0.6832792196902719,0,0.0
22.195539232298017,66.47654530548046,0.5688139777764656,12.685892310981599,0.5458600570673444,0,0.0
35.18329652363737,32.31838877718031,14.552201490818012,2.441205685108891,0.8330140043137563,1,32.52581587925374
33.70642147066891,34.89225411121605,14.437502193045711,3.5384046737045787,0.9500949885812757,1,34.25753209941713
21.85646704901243,51.241990006675564,9.955689004906878,18.295705429402126,0.6083276216008118,0,0.0
37.26091333722661,22.72392013907158,17.090605194509166,1.7485161487292478,0.979526115829845,1,36.16019757887186
34.73471770780566,29.906121160501318,14.626229567393164,2.16038441472098,0.7213022993599766,1,32.73957558445566
24.551719917336563,52.257312908134864,1.3300979890732878,19.509067855554463,0.5888639550338965,0,0.0
32.78646464236611,24.95326596787172,18.672942009598025,3.5437234887148823,0.9484747757311656,1,33.76836070717059
32.279351625419416,28.54764314590888,16.55241980639022,0.8765147117882982,0.9952330957109494,1,32.944322981552226
23.878260899169312,63.07429524530801,8.719130612805055,18.13857387499842,0.6918557916045758,0,0.0
39.695846277645586,25.604905033359803,18.747016726841995,4.757016711033285,0.8374901924585969,1,35.59103275130876
31.629344270814297,36.94162868322141,17.252576604151365,4.232571693451391,0.9621095780399035,1,35.20273633042878
26.246140481145318,66.38023926605308,0.9696567096542474,8.404678092072816,0.3208006382178815,0,0.0
34.97248505892385,16.34344020989634,16.780161525590636,2.604789886360211,0.9130728395869935,1,35.56013869973373
30.121544746898163,29.910134960879443,15.670162609866678,0.12095881945677622,0.7683249208309628,1,29.347658914068187
37.54542874084682,12.565255925634043,17.067772168854457,3.9189589224269863,0.8910706952364229,1,32.991608425438514
26.067317247174365,50.52989386072045,6.763610678727241,15.238107181507356,0.5051815039090785,0,0.0
35.49226664706121,34.085603457940344,12.471032340101464,1.0284363109777757,0.9722833007669665,1,35.841246375389616
32.91229140198042,14.512506733105845,10.339459785857988,4.635172723981533,0.8991369058526767,1,32.162887483765516
24.64238519739225,42.110610314384104,7.834695600492677,17.894680180289097,0.6469667553349951,0,0.0
20.669736120252715,48.58783549853422,5.402788931874211,6.602010560035454,0.340912501647736,0,0.0
23.69574199426773,42.01398107877413,8.286529061182893,8.704417504878387,0.6437122676851801,0,0.0
30.108376514802984,20.254520550936277,18.056701529500533,1.8397037565104224,0.765367766276497,1,29.255503035264983
29.80368740942185,54.21278993895551,7.938181039080396,14.231311697312531,0.6849094323168923,0,0.0
22.708063280369725,66.91058457649866,2.9335342144100984,17.858464060546865,0.3590198058472599,0,0.0
36.84233026512157,23.516324059302804,10.653563407989424,0.9071917384781347,0.7675950789853705,1,33.06032455609616
31.743664290049914,39.47135850725819,15.399853797158555,1.523395695490204,0.951112337572882,1,31.43995964222924
39.28318562587725,36.987237198237054,16.262203216314155,2.4067207581766183,0.8564337067130768,1,36.99120012370017
21.40324518193515,73.63634841611628,0.8613213906368034,9.654627231568213,0.41978147088644935,0,0.0
21.053932181078054,46.42718338847381,0.949652752283765,17.58280792856103,0.2651765650216328,0,0.0
23.37206575565752,50.86532725097479,1.619230066322137,17.921685290319864,0.6314798116565092,0,0.0
28.218309465853594,56.128310245330084,5.716076494829439,18.7647091685665,0.626658593333293,0,0.0
39.856504541106005,22.94978638689038,16.186113782151843,0.4382137338191927,0.73019124355706,1,35.92383698335874
35.42644634707577,22.025542502909197,13.506269312091808,3.069667923800309,0.7994041021309152,1,30.74377351074172
29.14548663848559,47.41081421533295,5.48145202728022,18.638790416554887,0.48545352687607235,0,0.0
26.760262880525474,74.48811894632755,8.468872244289528,17.886676364703746,0.20600151363634128,0,0.0
26.964298070361075,42.22422086721843,4.5418366273670605,19.914954540285724,0.6549650790798592,0,0.0
35.24756431632238,34.31659992345499,15.679452305526294,4.490152744749935,0.9699500037061817,1,34.41133522846998
38.60730583256343,32.4241281440127,14.084532130706986,2.6791384223654062,0.7497864685887354,1,34.46197357389738
36.60197376717731,20.004975150734325,18.717835665922017,3.075064840194333,0.8823715642272111,1,35.91187166999581
35.5680126245835,33.82075567810888,14.303058948994627,4.007685559414948,0.8715317056144967,1,32.242763581492206
20.64006346608621,60.42323029838239,8.511507354259818,13.233644474601075,0.5782255439944559,0,0.0
21.79356010289241,40.4521014635609,6.754560453364256,12.23901853492281,0.3333972747169154,0,0.0
30.931027678058992,19.71037709212731,10.673506014687717,0.8741931363020627,0.7780860572698008,1,29.103114608194286
38.71460590187718,37.626172015954396,15.800862078378112,3.3474347759909504,0.7456312849666819,1,32.06333636444891
27.387231507265664,62.27139643712752,9.172680665776806,17.13239485237526,0.42782477471993874,0,0.0
27.234478178500012,73.02843806242669,9.653027236303998,17.691863157953474,0.38339916032313415,0,0.0
33.41066351050259,34.512162128478394,19.629920038589944,1.7304986326889278,0.7915932030090194,1,31.848203180558325
35.31354631568148,14.57617128742784,19.3621224624369,3.687541797295035,0.8716145930107903,1,36.72104979557781
28.956747776187786,73.23796684220274,4.007041668344666,19.832608119554948,0.6388747024313124,0,0.0
21.792532557392807,68.24984650221049,5.443448876343211,8.849708107791436,0.3631102534904658,0,0.0
20.19128966437287,47.42932288020742,8.099244203028993,11.280427149915262,0.3773986448281943,0,0.0
25.355538148796725,62.631262193639856,6.323962564655085,10.896826973106187,0.6706671963934507,0,0.0
24.0188719989073,57.04484951808923,5.75593428640082,5.588975774729904,0.3520473179856419,0,0.0
24.045273855738696,55.42390370053333,8.956899442666165,18.448619877035153,0.3610337675978649,0,0.0
25.831908042770976,72.69221248852946,2.101071929123518,13.259906888548464,0.5464601146123942,0,0.0
36.62522284353982,20.744881540985215,16.158631881823045,2.4177282335996235,0.9168442909625452,1,34.76678294427833
20.403508268596998,53.00844785104845,5.547318032823543,13.200158973459676,0.463047006625771,0,0.0
37.61619615328718,20.892468891959055,18.808707591989283,1.5276215532901176,0.8043824234746499,1,36.746274594586346
24.24850842868087,44.65433940657984,5.985629932177599,10.724247486637026,0.6977107564627281,0,0.0
30.165878289278563,36.90296273879275,19.811861780274235,4.389871602225347,0.7208923444487216,1,30.211075661266282
33.042422429595376,21.293901006341486,11.805753451273336,3.237373570773015,0.8042029978776528,1,28.20054770110504
22.876327290436784,42.680661510048395,3.9191056294390902,12.07474236125893,0.5533020644971088,0,0.0
35.467102793432794,25.6092310271138,18.700988739009297,0.21706266427409582,0.8630614652027938,1,34.00999511607526
27.79102586395787,61.767946500148085,9.915327758273865,18.469328242775287,0.35641709876211003,0,0.0
23.4190527810549,70.29131913102003,8.743073341370806,10.127735628758874,0.4301645253213825,0,0.0
23.34049965668769,77.51860925735576,2.5982813794029944,11.110482863192484,0.30587293102620977,0,0.0
26.775316138836846,78.98762384194205,8.326117733261311,11.028144068551093,0.3067714272451707,0,0.0
36.293986381352624,20.027316724508825,18.178342161750216,0.9305070892313866,0.7827302704754071,1,33.616105184696465
30.93981939840869,20.370879805117582,10.097708474191837,3.1860073840414023,0.7136946236507151,1,29.601882847952748
27.1873961785353,57.7119254617495,6.893104121026903,11.528934194848308,0.31416562618430544,0,0.0
21.877224056922522,75.17320862713896,8.391466080707525,15.441197923505587,0.3710347173287777,0,0.0
32.439896433790835,35.25486330274816,16.385259476640854,0.31145899065031346,0.8406303896393517,1,31.056408600447153
31.996737821583597,22.444585070129953,18.620426509893136,1.4243645098096143,0.9192462894942189,1,31.830484578037943
29.416919866580308,49.259008550611924,8.664231835397002,11.755255786711892,0.5520157262958284,0,0.0
38.21860059290356,37.428964196814974,17.04680762736647,4.1252470509003105,0.8021161312763516,1,35.1633677999958
26.747863021674107,73.39788822777615,5.7835976311654,5.768951887639973,0.31937588554301205,0,0.0
39.41464808776525,22.02289182625978,17.33113022415281,4.923348697622541,0.8731599660203653,1,35.82133372017595
36.31138625997263,14.909678285971136,14.09334006315043,3.0760971911550543,0.7899757334520954,1,32.70383783200341
30.976721140063837,17.42044305229593,17.247667715287616,3.405589269824914,0.7453740486204803,1,28.830652807327198
27.051391455705634,71.49487832597092,3.960009663856152,8.240471605896083,0.4529629000731969,0,0.0
30.71188648460229,10.761590669810346,12.47231074403177,3.664007723831253,0.9018899867183297,1,32.01836384772838
39.63222539440611,24.28151206597299,17.823854840582733,0.13098354266032397,0.8629073751872989,1,36.27363666566267
26.67760591603153,41.61032012036928,1.5873676337430953,15.726875297253319,0.629161469439429,0,0.0
22.14912637036396,56.70667983267979,7.844054732127973,19.718863660869154,0.5665801890683997,0,0.0
26.769407829968372,77.88645851600991,1.0804455937640711,11.227184809891185,0.6883088186575046,0,0.0
25.788067545119404,41.30636243137984,0.4836271104878087,19.304489117445343,0.6741847763944595,0,0.0
33.39029791048701,13.445104742176106,10.457420338125129,1.8376721114576573,0.7332968407640443,1,31.982839668759425
21.879203808153232,66.47110929886554,5.411138248788447,14.41503315738213,0.46666177392980246,0,0.0
29.390684794502917,44.23497272852517,2.2677262531964573,9.705546871357344,0.45758351419329435,0,0.0
26.24874099606999,41.201040213175716,1.5389990469377368,5.096965366845659,0.3700021930299461,0,0.0
21.697284285769232,55.90737657732219,8.796014967117621,11.406575680405147,0.37983778061153384,0,0.0
26.204737850519706,55.23965094673599,2.803347525514125,16.946608422852158,0.329396204182262,0,0.0
29.447362587830796,59.7027628301319,2.262724300031862,14.684038655876174,0.4145747459791609,0,0.0
28.373670797701507,63.53408883932613,9.49273106245617,19.35702248809694,0.6224320427052542,0,0.0
36.335297107608945,28.173244580706616,13.35118854259142,4.596959866072087,0.8057124839828963,1,31.308833352293135
22.41496485256868,62.92168802476063,3.8213947483256927,16.123491627002444,0.3604985228204489,0,0.0
31.44894872091223,27.605233540626372,16.974714616692836,1.3155628495542144,0.9136042060992342,1,31.80199708639219
29.971823539029504,77.53262914605264,9.395685890251658,6.058034563894348,0.20525661227082675,0,0.0
28.82914816518722,42.05175395924862,7.962436094563872,14.726968353503556,0.33733293489395266,0,0.0
21.42841964814332,47.624393322977994,6.58102218056492,17.99053512568635,0.44027997041813405,0,0.0
31.612212872540045,33.98231196727128,12.244405718366608,3.2543868452359708,0.7606047005207469,1,27.10457477028039
39.73010554752446,14.193171298788684,13.975943979627942,2.5471106407489486,0.7903795782280001,1,32.29010604470244
28.285555979060813,42.64660755337762,6.93422128056309,13.163860055228762,0.6690905862623612,0,0.0
35.08570691164703,12.661076012711668,19.27752283195213,1.7749815291596867,0.9087697354506408,1,34.00174163622115
37.896181427945535,24.62293594748541,15.072348086883924,0.016091318021393408,0.7070056288984558,1,34.10295809451507
37.5237452943768,14.203395272993577,19.33875017527905,2.0631092042431187,0.8163960279840609,1,34.242112507814866
25.32504066415982,75.82251392527354,3.7783921372718665,10.11866674636581,0.39302546782591785,0,0.0
24.08151690866698,58.15959644798796,1.3097374299417408,10.903330041594733,0.5843735656812564,0,0.0
24.51294113029255,55.98075138347739,1.6266081510548513,6.02279929648194,0.6940620379773177,0,0.0
21.594922625413584,68.98393147390516,4.4410355690661865,15.880574003522861,0.21050457849318038,0,0.0
35.39342241915651,32.447790711509754,11.295149212828042,3.6532525511962306,0.9647249105222016,1,32.299244666574396
38.948273504276486,26.828139146061588,17.987832357736654,4.421032316742039,0.9837094441000847,1,39.44602103028244
32.395618906669725,26.113196254556435,18.37013328363672,1.515641779726643,0.7521284779407231,1,31.073670072157086
38.26457466107742,27.491246829090766,17.364020150656405,0.17655677470119535,0.793365248519018,1,34.35797500333727
26.495089297074472,40.663699225303915,9.782206685265583,19.114884838616554,0.29954670996796284,0,0.0
36.635017691080556,34.29623337563905,14.459027063767483,1.080190912547998,0.9575025030397363,1,33.558156159860914
28.247432373470076,64.60516562164798,9.57631646272588,7.837936885855323,0.4370789729395398,0,0.0
21.564767160036006,56.30992420010929,8.263408109501867,5.646501634224861,0.28072384301646053,0,0.0
24.19271661166022,61.25819656757221,4.1482565552135195,16.318540418086048,0.4788443455927263,0,0.0
36.01115011743209,38.49399739875772,12.496680088591859,3.039525463967223,0.7196098472693155,1,33.18552182902206
20.68713677723961,53.90075181255018,6.300931268616634,19.33172287157101,0.3946043093117194,0,0.0
33.046137691733705,35.48942172032234,13.398749637680663,0.9057467476734016,0.73422873546638,1,31.587361751602444
34.242220092469765,15.261138358703487,18.68904984478718,2.991126470318694,0.8673126478750132,1,34.97258465709616
22.483836087432074,55.91462812069709,0.0003071884538241587,15.761974859178682,0.30089747412622847,0,0.0
33.169220051562775,20.047168439712586,11.251857922025504,1.2060072879977075,0.9487860397950266,1,31.173988842810356
36.374299014982064,28.201451391485676,15.412963353010705,1.4826779064382762,0.7880466469624364,1,35.492183005045845
25.001127520766268,66.5409437565381,2.5087909989070023,7.8481299364387995,0.5989023406705363,0,0.0
26.100074170794855,61.520908214556115,6.764837495206044,15.123398045812323,0.570331790533313,0,0.0
24.589405165968202,74.96287093220741,9.002641112020704,15.354842703510934,0.44281714920667015,0,0.0
22.45352314166211,57.86858109034081,3.586215819535914,15.860437831593819,0.5505487936821349,0,0.0
28.97919186957666,61.251760734037276,5.412701109416781,5.836112803811626,0.4846032315647138,0,0.0
31.40084015236524,17.45467419443397,13.103619589235738,0.49041290392122294,0.9677569869864538,1,32.46368477396369
26.376882468959355,62.8504187974839,5.639195667556237,10.088609917607545,0.6850372283333535,0,0.0
32.15821027496843,26.953995507676268,11.045678403344002,0.36042167999336683,0.7110164087502463,1,29.61468906907611
36.31837212169799,26.561415425559407,15.31169528001032,2.2430531547727126,0.851636535373135,1,32.39052741500867
39.08265885966654,12.607608642622711,17.08362976715035,0.18080190262381057,0.8005624142112617,1,33.71645612211681
29.01774028546229,44.74836382036446,3.4548085372344572,12.394354574837902,0.24834727989378358,0,0.0
23.71112938430128,49.52586614662785,3.4273092542790717,19.186245533388952,0.4878326264987098,0,0.0
26.66847391305658,56.128425327352915,0.4406586157038139,15.350703326141744,0.6317157888946923,0,0.0
22.053329387067997,72.15219561933901,9.344330387534415,18.9912940859047,0.29877795283923914,0,0.0
22.433966832185305,76.65682178128264,9.597910204048501,10.14394494138794,0.4227589072465806,0,0.0
39.50411484076559,17.392060997173203,13.885581012703458,2.1842535130758978,0.8766194566393959,1,36.27619602720054
35.02679023228862,30.37306957433469,16.584518346584254,4.130338151262642,0.8073394795976325,1,33.064151144646914
36.09564333979897,27.80777360662146,17.974260216069283,0.6385674181761741,0.8377795591519641,1,36.60189440366135
25.149333499132595,53.73546808710577,3.0777090529314908,10.175252598868491,0.34996469873653313,0,0.0
29.90679157065766,47.24733116200331,5.469288759854769,10.131989001678424,0.24428916981832205,0,0.0
25.568784431720957,63.115644507763534,3.31352218736317,14.31995936233561,0.38412505369756655,0,0.0
22.92383110412193,76.42422868857687,5.657449506132892,15.805759978796686,0.3128947760753146,0,0.0
33.746126146264714,25.065850309937275,19.876495637360577,4.434624501046348,0.8780982373625615,1,34.437364282133736
35.8336876509716,21.678868421259295,16.57845304603036,1.91916475966522,0.8708132083546848,1,36.49113916478746
37.37896916695769,37.59566849238281,13.368957917711068,2.6515106662457915,0.9865181534454968,1,36.80556394125455
38.17222200201216,27.148380684096995,16.878857223008133,4.613785952566972,0.9613613446789155,1,34.385223609700226
31.100519245276768,24.53568955573064,18.09516074724878,4.788126422526901,0.8253282937825299,1,33.781806503910275
25.070596467387183,77.53928632856619,9.579458599261375,10.138866242166976,0.4691100509342376,0,0.0
25.89453989484697,77.08495127457797,8.903843208552662,19.34437822270042,0.5832979723560258,0,0.0
33.0087830981677,19.82492056533744,15.657319639957912,3.1179284400137988,0.7943050339551245,1,32.36538388800205
26.971358058918092,42.02489889076296,4.1581856801841095,7.796297072809619,0.688228264717705,0,0.0
38.97110259952577,27.437146642678368,19.688778552856917,0.6758314457741138,0.959369082856801,1,36.54519498377238
26.13291684887379,78.79706101380764,5.768812013112084,10.650146606441936,0.6831371488740929,0,0.0
37.95792669436101,29.234428986558918,14.98888153451356,4.204357897129613,0.721279664840132,1,31.73435178297553
33.60190641411263,28.343627063039435,16.894649691372656,3.4011388960417666,0.8549717885337937,1,31.7167749156865
31.031238688359327,16.23658765438082,11.670419079009498,2.7711325706600833,0.8021812499743874,1,27.677891573738474
33.18003474971864,21.11416308374146,18.621276172654504,2.8114840793895493,0.9901379845777512,1,34.24686717031583
38.77339353380981,30.05929659773293,19.320281055100175,4.112402818171804,0.7911839203722171,1,34.99009053051681
31.616287140946138,20.098128345817617,10.221235515289973,1.5590806654262979,0.8267645284935834,1,27.769910583809164
37.06242227156496,13.532532486704234,12.018534521229483,2.491278411317268,0.8624222822042755,1,35.52210324268205
34.281841483173146,21.516736641196342,11.312448776823876,0.09596138411528343,0.7190922727859926,1,30.617070099595466
34.4844552197832,23.0837958740595,19.366056922949614,3.6103546910136854,0.9892052221353107,1,36.25933286714671
27.56730167068568,64.91013612959364,4.75089872866768,19.423260982063496,0.5384361379137882,0,0.0
20.690459063145997,51.997682791080905,4.420334209311235,19.88203459217874,0.4563076220515999,0,0.0
28.58023271007229,60.563817702050386,9.489806670470013,19.48748479577499,0.6833111104480537,0,0.0
27.49977798452071,52.13143563397132,0.5456540828269896,6.311697526998282,0.6723536908362409,0,0.0
25.57337169573008,65.41657427447639,0.4869484839992977,15.25805187363548,0.6834842573091576,0,0.0
35.10747302577566,17.573108330320622,12.597537837603262,2.2518546812909257,0.8282469063761845,1,31.55371095520889
27.379173933540255,41.602364762027776,3.235304124854915,14.9347060809608,0.2398575365936425,0,0.0
35.05252372447857,15.443063052693919,10.36671426933543,3.8049538001404692,0.8228886684685696,1,28.865221001502444
24.6630975614017,72.03922801613459,5.523661378172343,11.26092173493722,0.4301776865674134,0,0.0
22.532723835227152,61.8678272828852,6.487653861593859,5.1047339282052215,0.29633819824335017,0,0.0
22.34203370926334,58.83841009738934,3.1577315124949603,6.787110079940723,0.2036765222772135,0,0.0
23.60426827141486,79.13419148227428,6.418195168014353,7.931870005525998,0.22582867855732053,0,0.0
38.49223410494178,31.92602425610933,12.732595269982093,1.195900521079628,0.7337741171235811,1,30.521611627928973
29.207666084633573,76.33738207517501,1.3457626710410775,9.69379322043234,0.2630576611877053,0,0.0
25.66180691225071,55.8062118988922,4.896440760320326,18.747337266732714,0.3931438525727726,0,0.0
26.056378893234115,52.55512306060109,3.3930526730956743,15.133801603511582,0.5485831271451751,0,0.0
23.725332737595508,57.24935479166231,4.768388777331244,6.167847794131545,0.4384916963088269,0,0.0
20.14381446072085,72.21720172183916,1.7708225539728983,10.08235223634211,0.3603667911557856,0,0.0
27.327334747861652,49.986758109609205,7.921911948016761,19.17536096870853,0.6564004002039308,0,0.0
28.149397285405392,41.6766086686503,5.117074471147008,9.498463894918043,0.4420865160817037,0,0.0
22.043163833989702,44.79564373890848,1.1514617839520114,12.248481138131528,0.3019973018046937,0,0.0
32.82034572571307,29.58238323555624,17.734731256866006,0.04665809913546648,0.8113517270312882,1,32.37871170003839
26.09697425152616,51.00956724148033,2.0831539000851795,12.87574010368077,0.23045277161759137,0,0.0
20.51835799119729,42.49576274393109,0.566804321658354,19.122113562590982,0.4151732661861002,0,0.0
37.02484083987109,36.30296910285249,14.799388347171234,2.3800906468438328,0.9107901319256548,1,33.2696047139079
27.728095732903373,59.094015924896055,5.162832991976741,7.988295287556148,0.48991478802386246,0,0.0
39.866395785011754,26.6253400754738,10.939007157894183,1.6711915934803039,0.8625114437230011,1,34.84778387360326
35.83656111850872,37.51940726386728,16.194903460096146,4.78307310541729,0.8731837087699393,1,32.29495472588117
39.29697652342573,28.837011684727234,12.23817614822623,2.6647889327566765,0.7552674517714077,1,32.10673496990432
29.13788443873259,60.98942550645729,8.728594215656646,10.357885009895671,0.5504042090008701,0,0.0
35.76903884626359,29.955916620886004,12.131047040250833,2.6352073195582584,0.9708684985575962,1,31.521740768018812
26.94640958893728,42.804325585650275,1.8445905105988336,17.21575881003622,0.28523125579082104,0,0.0
20.09054161580371,51.428302706435616,0.504167736022092,7.7422008280883885,0.24974733443648234,0,0.0
22.602365979852294,41.984574933553496,9.87336158579546,18.1891933423551,0.48270796987626896,0,0.0
36.83006773416357,22.26202513294289,14.922778564480348,4.203515140056,0.8289793232170444,1,33.27890063838291
25.726072328820223,72.22595221453368,4.71739837518439,8.635305427051435,0.34695838025246684,0,0.0
26.323913243283876,59.023847672880336,8.204875844802748,10.28490581378809,0.24566286716677854,0,0.0
34.92517693818864,25.69196274307358,10.311340828845113,2.130416919451857,0.9556791623173544,1,34.901731345862416
20.756997273097873,44.178180724006054,5.952297327194016,10.653003205207828,0.5548356717522622,0,0.0
26.642193849889683,46.93984201420088,5.8271444934468155,5.707950525460685,0.6426194393537825,0,0.0
31.73294320070846,21.970081116103906,17.31589521755332,3.846115739190668,0.8183728226792939,1,29.3054839762937
27.87387026752333,63.87642762186624,7.2893920010515725,18.09564720522805,0.5117526556236686,0,0.0
33.193136375904146,27.708848275444232,12.058412100367683,1.5280210774510743,0.9064822707340712,1,30.43099783598984
22.4900873610909,61.61186127161229,1.6988707321905727,6.3463925084023565,0.3972396954194287,0,0.0
26.105467550154245,78.53441281784151,0.5702691400361937,14.731206708425272,0.2903287706556516,0,0.0
39.402302414249576,26.945233997878493,12.768277972350516,4.209992764450307,0.8601902417643291,1,32.31363110793036
35.700611700893646,36.816777491528725,10.642089370751341,0.5486809933875175,0.7950839763373357,1,32.53237917638322
27.021460961818295,40.27511848878597,4.122797278316655,8.490925233733277,0.5586309379328782,0,0.0
20.811491785362392,74.8267613650207,9.459246440320864,12.50868976146247,0.3248720896146776,0,0.0
29.327105081327613,58.33294378350302,6.618345851139981,17.035940458304488,0.24978985677001447,0,0.0
33.75582952639944,17.553971767208584,15.596486834869141,2.307387323123671,0.841748006501954,1,34.880303524500576
38.44875310969454,31.479166865421927,14.453052550026655,2.9517384522938643,0.7918940496334638,1,33.966932076920415
37.35071043803886,33.99748256119568,16.56736664541292,0.800358174772865,0.7956600454963416,1,31.947203630670803
32.65202367681725,27.234193395397355,14.197273169261223,3.4608067084706597,0.7037212108831944,1,29.612432362791452
23.731226184223836,45.41838147178763,8.041655649838841,15.106343446761347,0.40557216823999354,0,0.0
22.17667399580536,50.11432473000445,9.709402496046186,16.54163869132335,0.4544795202110237,0,0.0
30.431599119505762,31.97716291630751,18.78515561301348,1.3653540498640622,0.9728363832811726,1,34.510738337773944
30.453040097720447,39.90622755537842,13.710387629846027,0.9873524492996866,0.8085759972513594,1,28.68040322663913
28.32830376788271,64.90522134394632,2.6817436774491332,9.284389828433646,0.24406721548834576,0,0.0
20.68458719333578,48.301637448228135,5.565784285021533,17.17919351956825,0.6662833543529805,0,0.0
20.519893519777074,58.00234557704901,3.5483185554316266,14.003771151493746,0.5311589567697912,0,0.0
28.644332468683643,67.52182228296516,1.790316374415838,16.15857780953228,0.5406410552662169,0,0.0
28.066650530268163,59.360822900376164,6.843142489253448,7.425418299109802,0.6477778704369425,0,0.0
22.144064829931644,47.004925605214126,7.14718833502036,17.88047181866861,0.34095917779862583,0,0.0
20.76971669380874,43.07212193257686,6.050895185405384,7.880241271100551,0.4028226297236187,0,0.0
23.211621526359536,79.34268826054652,5.866239182836627,7.851931494780585,0.6466522468940613,0,0.0
23.68448919916579,46.17968816019703,6.497880467642996,16.12966594270979,0.6399188739707339,0,0.0
22.709426983163652,78.84603629473143,7.997833644457834,19.216695469538447,0.20709831723586186,0,0.0
26.03637200559375,50.94561671443087,8.183804247795353,14.94540805584721,0.4188584124667707,0,0.0
26.908839765508226,56.78509531227242,1.3998737672176287,14.521162116560443,0.39545871342058114,0,0.0
21.059058044037577,59.57570149626355,2.7592269438054684,8.145354161453014,0.31830489135375367,0,0.0
20.665647279142227,66.34870554908089,2.9632580189980007,9.806019292103223,0.267216713684775,0,0.0
33.25183322026747,17.204368563345792,14.674015112498697,0.6821987627836656,0.849343752410287,1,32.645477981933226
39.14864390220448,32.428281405287535,17.70921844644052,3.846524468206699,0.8748420505250469,1,34.614673410956215
21.0256796258359,77.32820351037225,4.430337063376194,7.075573920808349,0.39361157060510343,0,0.0
37.2821634861186,27.123349140067358,10.292472830345591,2.236012702524178,0.9246479010889919,1,34.26207001390354
20.565856561467157,46.69964356376431,6.73092130911217,17.152416349395537,0.665082601431275,0,0.0
38.08397348116461,38.34297189647284,16.9628877587814,0.6094304666847378,0.8048519116260456,1,36.35009516948056
21.793646820122106,48.42027758661372,8.661015453778347,7.577441905364877,0.5811060291570884,0,0.0
36.775643618422826,15.201207858842645,16.16926918375742,1.9031164673829004,0.9058981590058293,1,35.5217471745085
24.425455148147456,41.21854745235841,2.5448133161826023,10.750957115873884,0.5381991844550029,0,0.0
23.23027345754094,70.09591529215152,1.8527685033354002,9.741519673204557,0.2697251181025801,0,0.0
23.82798764436388,62.02653517763406,6.256507894272765,19.07096209352197,0.6887282815919212,0,0.0
22.02254180524535,62.487552442581006,5.546870247883672,7.117985953057774,0.32881599938176453,0,0.0
29.81117907867936,44.00982254891507,4.096728692925192,16.90902700177777,0.23633279379057837,0,0.0
20.577321592251174,60.06071841400666,9.113391900786308,18.93211941031828,0.40536577174550603,0,0.0
34.93795596364391,24.218849207886173,11.765280320055084,2.8919345850320455,0.9378563257101518,1,34.25385608695567
26.23648778290266,56.7442909967332,2.530263409202532,5.738313718111424,0.3639419970091292,0,0.0
39.40458584352914,23.880393570088195,18.68623167955611,4.137689477834371,0.938373483610057,1,36.52030100303883
25.40905003838081,70.28192458794501,7.562537914224343,5.533853462097146,0.4509727025659208,0,0.0
25.97668282702703,75.58077244175053,6.825324595377216,16.40008317443148,0.6862306950139511,0,0.0
23.077958316807457,73.07434243891012,7.534721106595967,10.537042907138067,0.3660862610308663,0,0.0
31.17526246777105,12.483960037753794,13.938644056541584,0.5916809546169366,0.9981545166699095,1,30.726972632329556
22.874616648972502,60.22035041559455,5.561906926300116,18.292569410839896,0.24248314494473322,0,0.0
20.389793206611305,65.19282617738831,0.9800768478074107,5.380229063959077,0.4855995919814568,0,0.0
31.01471542866032,19.67061534924169,16.832953766065053,3.204131573451031,0.7840111988651468,1,28.998391978404022
33.72018085792783,34.90659593700975,11.697579050875408,4.000354843495797,0.8291588015386622,1,32.51656623887259
29.680658120507587,41.29773784188748,3.9631262549822055,9.470993017550063,0.5872428015598954,0,0.0
34.28994027375018,36.89007455563359,12.4871427258763,0.9401236730770807,0.7076343279717252,1,29.37981836620525
24.742550209769536,63.843278209532244,6.482334688078461,17.862959116278855,0.3454384271157912,0,0.0
23.138268082244156,68.59013105775783,8.259323085500162,16.452737655023185,0.42497183713442976,0,0.0
37.464914051180244,38.95080731999538,16.80499302074713,3.475176144292766,0.7844563595244789,1,36.48949074614083
31.560186404424364,30.541935176616377,18.0656114786145,1.9009780939292853,0.7815849178385893,1,30.01799840182444
26.284264566145872,46.57622116315515,8.137233437222275,15.595579952149942,0.6289288917587444,0,0.0
25.84448909757426,58.722762169371606,0.9441889766048095,17.877596818273318,0.4908607637367383,0,0.0
25.869365065589072,44.81550315156356,7.975140452964858,18.78812046580588,0.5579923467708621,0,0.0
27.140527233781267,54.98192973518325,0.6939408590418339,12.292604811573245,0.5003960746698095,0,0.0
26.163004859257242,70.15472330839651,7.021074541137926,10.622373865249966,0.2192004386631723,0,0.0
24.227286368939325,43.3094734247276,3.3028466750208443,5.207932038692902,0.44489293399412033,0,0.0
28.908555349831467,77.14522248461577,7.3022171775724924,5.003405573273833,0.22869592184413678,0,0.0
22.49956946397621,49.47733299626594,3.152394346494508,9.47408681351184,0.6676972448338994,0,0.0
30.25419126744095,15.768670564260123,17.795844735667533,0.4282912479821527,0.9393742478847682,1,31.280961997906
22.20111325904753,50.38683355801656,8.284386709389908,17.318752318395564,0.4164199605285861,0,0.0
23.542713272172158,43.69442112445514,6.409655280987577,17.658191168463937,0.6421717139856438,0,0.0
22.710962537640658,79.57804523860226,6.03150120122947,16.370606315168246,0.24270151508136084,0,0.0
33.89201678734163,34.523306852153226,18.441704489691972,4.790367400596901,0.809378118459262,1,35.43769174003269
22.50467898792499,79.8895159961441,7.60160929790159,9.322767889392942,0.6272736966010901,0,0.0
35.200680211778106,30.14719586778399,10.24400781556538,2.7511327107813086,0.9123505291689306,1,31.834762897410126
30.650515929852794,39.89910511221716,12.300088372877031,3.580753371115968,0.8391797460065008,1,28.880178918585482
27.9155820259137,75.9354586633614,3.917424505622782,8.503510416029165,0.37151335629501214,0,0.0
26.541327370278736,67.35465807341373,2.1633277763082703,9.109821492049576,0.20309191132044835,0,0.0
36.420316461542875,25.977682976547577,17.582631959290225,4.8291108057661,0.9930400985531977,1,36.021829042361176
39.429097039125196,13.215160340193282,16.83258763659596,4.635889097397263,0.9158060867107476,1,37.48761593082045
35.142344384136116,18.20221215792119,18.4454939853507,1.5364498246314329,0.994389127149174,1,37.83595175435549
23.683472137943514,60.09709148665506,0.620414169565543,8.061314917336404,0.31219148989989776,0,0.0
37.94811303541648,14.927973937929789,18.940992036791343,1.5312681039330585,0.922957959619481,1,37.623155757923925
38.902637838909165,34.57306953022599,14.486936226225307,3.6475411432619835,0.8125989723758805,1,36.23659186682687
27.23443662354912,53.75830746230742,1.514323143699633,8.521316325874569,0.34892969919510564,0,0.0
38.14468482588936,10.812879775104506,13.592333693997656,1.4877422565941028,0.8339258549204747,1,34.4449525866413
32.86541252128284,23.860174109323978,10.332031087913666,0.3332602028034498,0.8446123174336247,1,32.73558781316093
36.72518456077039,32.908173824792826,14.521990282834352,1.9576284908891468,0.709286737275803,1,31.925202723061574
20.704919456431448,64.33278000031086,8.736185287372153,11.11667051609244,0.4229127749135081,0,0.0
34.12617676911427,35.67089404318857,10.734967473300127,2.0074715793064413,0.7500580605096258,1,31.252249519012405
23.990353176424346,62.709092717242186,4.785283699195225,12.566839125040332,0.6170820541042206,0,0.0
39.74394807666167,38.50712061462407,13.797857801792297,0.2852736057562716,0.9942218030750288,1,35.403777069430994
33.63629602379294,18.07729692848143,14.80586577326648,4.962417510791876,0.7562235832292746,1,33.57600711482585
38.287375091519294,14.091144267603093,17.68273413864518,3.902627576219309,0.9419210851698518,1,34.118848696371586
39.69878826707639,38.10489217974274,17.384492092513266,4.158485218378868,0.9892086541496541,1,35.77200498744667
26.664630475268357,57.199408564842386,4.020272168882407,8.784721042027295,0.6496244591446012,0,0.0
30.069521305311905,11.100496086717937,13.72688517012314,0.4833822482335981,0.9645783274913933,1,31.267679680891472
29.609201469288244,54.98887882029506,4.183895333783335,6.851747987155327,0.3646896346510379,0,0.0
22.85758324592706,49.174631081506895,4.113039720662313,17.924973270486515,0.5334637237293403,0,0.0
25.97155305990302,77.3499769200588,3.832153659472517,5.597171591686307,0.6547976955554722,0,0.0
26.35940326826711,41.14609710310618,9.965263087986191,9.37866760246711,0.23401865704583485,0,0.0
32.809345096873805,20.51762676419791,14.213570022770702,4.113071592568392,0.7155869732662805,1,29.838979701094104
27.08765655229154,49.06086504144423,1.2434584143087035,5.19843219357941,0.663453781072932,0,0.0
31.818249672071005,11.356560103185682,17.055751725156885,0.9788899284177305,0.8597262046825651,1,32.75607495587427
36.72135547405878,18.513277173961733,11.586051052930737,2.7690112035618815,0.7425915969282981,1,33.373308456273705
31.22038234844779,38.621530817761666,15.394912923753372,3.5452313086121636,0.9551848173523414,1,33.0732158032236
32.77381182981133,18.16435411689888,12.272696272631514,3.0511257473882063,0.9285394574133091,1,32.11764474942094
32.818547747734,16.659164857988483,15.929508514349275,2.8251099642950805,0.9395141021555058,1,31.513946938493582
35.552008115994624,18.399372809808526,10.678370591051719,2.4353095940946794,0.9298194329605908,1,32.345922939511915
20.1812404104573,51.5178137070397,3.8727441142484134,8.729073269199596,0.22730515160673453,0,0.0
33.25399698159268,34.918582233631874,10.823810456158427,0.2889028049818332,0.9488183994576541,1,32.59461933041006
28.773504531328385,42.689367203622446,0.7928028463119174,19.301043190731427,0.29215069847504954,0,0.0
39.39498941564189,26.557205163234567,19.390676985128962,4.095944297133951,0.7497323620489826,1,37.05319747389557
20.883849469845188,62.28162053100141,1.453266924205041,10.437529767972698,0.6049893718417362,0,0.0
37.036578593800236,20.871816973498994,16.802282424312914,1.691337529972492,0.810715906528275,1,31.890689584454822
28.705269662693844,56.096250371972474,5.845431132594582,10.877163419257574,0.42844403586863344,0,0.0
27.32401049058379,50.441941049393925,2.5231192706968706,18.810371011679294,0.22922899361843851,0,0.0
21.657481769652208,54.900357262138634,5.831302190995835,8.294523928918535,0.3999915091467843,0,0.0
35.222432600548046,36.16371726832455,12.0015024424481,0.4239600802290161,0.7022992097947676,1,31.20246380785006
25.0313247255154,67.1399987317055,1.9624571670616564,6.1004610118940406,0.6914734397773503,0,0.0
33.85097728601925,38.19496370840425,14.815223515125501,1.0760093600861875,0.9728880458309777,1,34.469587633537365
22.41536841701682,42.47233842756891,3.6482247020779868,18.72502306621291,0.4916536240921022,0,0.0
36.49210302116064,28.094563283991647,16.512329770414922,2.049524448481441,0.9640944286446781,1,34.56740448937602
34.92625104290859,21.494155847484926,19.30948695506978,4.665566656717789,0.7417590104037086,1,34.14653884827874
28.62996831358872,53.37604715954995,4.88177675310814,6.790715170072952,0.4896567013942304,0,0.0
26.616842883998565,63.1052701737769,1.7715352322262556,19.02193276239175,0.4264124026421634,0,0.0
26.92358922461058,54.93831780530821,7.636922693503205,6.035554053670624,0.4718935351958734,0,0.0
32.93591844264493,34.637719140160385,12.916625787093032,1.9723813928501766,0.8537091332637372,1,32.27813995376329
30.84139964995049,11.554706104672807,10.245869164588015,2.16248939165066,0.7332161779978946,1,30.706691470726664
36.323058305935795,39.59545746378939,11.288698674734452,2.578397138482489,0.8862785702435293,1,34.81170814743095
29.68537331699892,64.9599394211593,0.1620039733946721,13.468859584001953,0.5291537197530309,0,0.0
22.223613047481702,63.80851336507499,1.8993613645756091,7.51721893469043,0.49890400670075696,0,0.0
39.02552906679567,10.795966116214592,11.676192162883176,0.026148067714563683,0.7215135666542952,1,34.05849160138504
21.938630679368927,52.70198801030354,1.255497898984771,14.947193734628131,0.5213887067399638,0,0.0
30.737965647353988,27.852337921007646,18.078459419412585,1.2964837943288687,0.7391957031470389,1,32.37946431956121
20.66463325776272,54.50239186236378,9.359372482485595,9.334527873815878,0.33950414517389826,0,0.0
20.099787766584495,76.09652133144414,9.545659288588107,11.052214535404994,0.26453562346544074,0,0.0
32.49292229148875,23.823363040981775,11.738952492194873,2.595298954541352,0.795028503120258,1,30.274077620791566
22.674020278575412,69.00024305196474,1.028425921574767,18.460785761955723,0.21835647174153333,0,0.0
38.06834739267264,17.295165729983623,14.537895413836392,4.9590497567468175,0.906521505547641,1,36.63988701551622
39.50714306409916,26.082890990323612,15.419009473783582,2.395909388148655,0.7740936397216,1,35.94284974467424
25.968518768877594,46.40902403906025,7.824258122127878,13.534332249227761,0.620811003771387,0,0.0
22.770125243259788,48.97274235414105,5.534717762098499,14.94966064256003,0.42316317999328057,0,0.0
20.920669860824756,72.89524844741418,2.1031855628579366,9.308318138077261,0.6613225698017859,0,0.0
38.63103425875593,23.77407268714784,17.86345014415552,1.1597354805798772,0.7081502263676679,1,32.37065782862824
30.091970516166295,39.69880697169836,17.70407417807793,0.5283234213087196,0.9754229656597452,1,34.14721485492839
39.656320330745594,33.06962245541531,10.769532016292091,2.0677455076267575,0.88255818180894,1,35.573949181157474
28.213883629006943,77.26219657237924,5.817366474211867,17.412855409307255,0.31374080184677,0,0.0
26.740199190587926,73.89551722285495,6.796972168333452,13.772417169586863,0.2909088264186694,0,0.0
38.877041827583,26.249026439826007,19.51811785423239,2.404864449430619,0.9867756486865957,1,40.08600477073955
31.111974823061512,22.563115746762193,10.303870596968368,4.991737556964749,0.8741402802981088,1,31.993523999085234
39.61190563823914,14.657207377921376,17.158249646820884,0.21586867898505835,0.7369009885371236,1,34.90592952466841
37.132447872229946,29.226242344096438,16.496466489923684,4.956279968510941,0.9893429961702435,1,37.42838638255711
30.978341606510014,28.96792863758591,10.30652502205806,1.1230780592192597,0.8256843370562426,1,28.696592012446565
28.44871347755229,73.31718862296913,0.7718753022646796,9.469658532437656,0.42895014756353567,0,0.0
26.48504820118688,58.337256965257524,8.655623831722036,8.466212793117442,0.5685662069783195,0,0.0
36.15850098052216,22.43872371181071,14.254933344480754,1.203463559162525,0.9005717940168743,1,33.14705423027657
28.433261677878832,72.83924069196564,4.014617790890433,5.008969082521929,0.2830924998048746,0,0.0
39.53928577002587,19.04133622492426,17.765968527917416,3.6680719028070103,0.710401080017945,1,33.33035058360144
32.12339110678276,35.98191668501225,10.394268113685058,0.09116291338180815,0.7417736113352785,1,29.149874545870844
36.95974206093698,25.56514171378216,16.43577695196525,4.839300174225152,0.7394467359693945,1,34.66320603064505
20.92625483051367,45.64894173492598,6.3137532604825095,7.979474207928037,0.4245392570674379,0,0.0
31.774395437797228,17.145483431401797,11.308736607183498,1.233394322608115,0.8803222500400698,1,30.130101560539455
39.132405525564714,21.918618716811018,10.396188253483572,4.776673432519641,0.8956672778636418,1,33.94005636947715
33.207800649717356,17.378731851535242,18.32134177957742,1.042552571786679,0.890242641488721,1,31.685733791874977
28.8912792394001,61.26288610746925,4.425773459328154,19.33474200899734,0.6053417851687959,0,0.0
28.809730056396575,70.09873350345977,5.673909441560734,10.124616690359026,0.48413430813438413,0,0.0
28.95346089153169,59.49061416400203,1.0343411486048337,15.165848618019806,0.5243414766786823,0,0.0
28.044946424318223,72.82784643067117,4.0542282513915495,18.322870244919564,0.2714071522364337,0,0.0
35.843143119231,31.8456626861081,13.245858299002702,0.6673998620797189,0.838802681519618,1,33.01550744490173
21.536910428442045,73.2945415864398,1.6145783406424008,19.65925734765394,0.6058135072224267,0,0.0
25.717459831437488,75.89463463163727,1.492494697414739,12.44358832851221,0.6348248424060856,0,0.0
27.42253187199087,72.33622955574764,1.3217965775387175,16.09203849858091,0.35822856543720805,0,0.0
33.70158700255445,25.081611702774374,18.44783228116888,0.05515632214323607,0.998631254857393,1,33.075470478665196
20.15110684214475,62.97150300360844,1.2595519637935826,8.842872716590325,0.43738450302182563,0,0.0
27.78025243144653,56.76731503608485,4.832942849663252,14.641926057594636,0.5970072251329813,0,0.0
25.990445871503816,42.27914907989473,7.653633638580407,18.196286034415152,0.4511859099860477,0,0.0
23.568859751711102,77.1657886884675,1.2832586218876452,7.08881106177056,0.5383086167762532,0,0.0
32.418522909004515,15.6113124567257,17.081720886452814,3.8240490045149773,0.8994954710427986,1,32.350181167140434
28.549740195614746,40.432443345407854,2.0883093549459,13.333243548284297,0.28958195914507545,0,0.0
23.927307432714162,50.6198562971629,6.171059444286563,19.74109311365579,0.34138272853004925,0,0.0
39.929647961193005,17.867921328994754,16.675933855635847,4.703396225576703,0.9609907478943055,1,34.70347868602646
22.8918744629595,45.01945187196603,6.725072626736491,8.731876831087657,0.6147829157141842,0,0.0
25.48858665077356,53.41116200313183,0.34672704226066386,7.616139006672492,0.2827498873318278,0,0.0
30.45227288910538,32.65411767020857,14.798756203039089,4.1993065143336015,0.8952920401452862,1,29.002994083298095
35.277011090863,10.93549405183854,13.270331615632387,1.4936278679438653,0.8600159886296088,1,32.141540109037976
22.972907903073335,52.25853872171281,2.940674621767778,15.802361913964104,0.6664338450633165,0,0.0
26.961561451379254,54.186648199403315,2.2048763941474925,7.190315289454438,0.2845809469212101,0,0.0
24.119580950341017,56.44789955530183,1.2044733999656543,5.584367695226963,0.6321831332279866,0,0.0
38.51136671516857,28.831241592142536,11.173081889623944,0.060603873219466364,0.9007600788814235,1,32.91473360949987
31.39493860652042,21.426725698930646,12.973490073725507,4.672180134027571,0.8680504550385526,1,28.942196522803997
39.62648414677925,37.625256478521166,18.172977699624937,0.10472480515456406,0.9106776298094993,1,35.18541040041492
31.18817916268072,32.141008492791116,16.58885470232657,3.92825809040116,0.8205336401962973,1,32.811436913334816
33.677831327192536,20.68290177693539,18.258167505647627,3.0029716668030866,0.8953442754645022,1,33.63121769075049
37.98295178966775,16.877541856979246,12.420450158625275,3.4406735304327105,0.923078174852968,1,32.16789240416617
21.67357032236781,74.73638095787736,0.5961732534465902,16.23444726290598,0.308726466108618,0,0.0
38.97215757953327,22.763093158492502,15.821704601762733,2.5128303823172122,0.972158509211749,1,36.92983363694135
38.03480930384848,15.356339861630008,13.251900642246948,2.3077873720989492,0.8746596239782342,1,36.443493686896204
23.50520534286162,78.78894531191908,0.8018675681211329,13.169463066607037,0.46777123654889907,0,0.0
35.734378881232864,22.282349565737213,10.570868560893148,1.8415476525342416,0.7082610159608396,1,32.9552876674892
36.20132597801537,30.840894125632804,13.7325179162934,0.7945408383467678,0.7609669273258262,1,33.830105045972374
34.33851649237973,38.832109524083656,17.271690697663082,3.0646979124726275,0.8064313875507952,1,35.16972230350949
26.886316293078757,44.66332298222787,9.405039528794026,10.183693788062197,0.3524515621925317,0,0.0
37.951861947687036,23.525181142123962,13.39450192542806,0.8705466766704217,0.7341515180429804,1,32.72029726424159
20.21913328775009,60.051025785029175,0.850563854892411,14.064694733604798,0.220166926069226,0,0.0
34.17411003148779,31.400487576536573,17.23420113688585,3.7808166444762303,0.7486700217347437,1,32.907574967900096
25.026312426301303,41.396462106248954,3.7997907896539465,17.430634757270095,0.43427849729556733,0,0.0
25.95303265927489,47.27115468869448,3.867070570439779,6.984030726477226,0.3734794751887929,0,0.0
31.078914269933044,11.226058487994365,13.501252591667301,4.470954373320591,0.8187911417987365,1,28.44688614545254
30.944429607559282,29.319986297170473,18.543850933695794,2.529263464759145,0.9077478480007676,1,34.57563970132843
36.37557471355213,13.866391657319477,11.670339460920752,2.0215938405214606,0.8970340314172882,1,34.072315615342184
30.563032756818373,14.988501062682381,12.15675152397717,3.1808868235411634,0.8466693495377354,1,28.765593277690648
33.55972678651261,16.73814468819946,15.553635509376313,4.899851646794254,0.7772821661001166,1,31.62322644008541
37.12179221347536,20.46604799628986,16.936822257814885,0.29081897752737895,0.918001297621097,1,32.82872388887046
32.857120862818604,31.571377155527365,19.771741842213174,0.9223812656681968,0.8185413229792955,1,34.18078002194316
38.960912999234935,16.28047970010131,19.556514982297536,0.3007117130039261,0.8515620320729914,1,38.32239203909032
21.992703364668007,54.69562914788282,6.009120056590861,8.72809731391139,0.342602901340207,0,0.0
36.118528947223794,27.823921460564055,16.9742026724684,0.30133695144780426,0.9890183302640652,1,36.504370735678606
25.533711897497717,64.45854444902643,8.499593305032054,8.749593363032446,0.3522452121770152,0,0.0
31.987156815341724,33.50959038223429,12.336077510499099,0.8400710387243171,0.8558157578511811,1,32.78311424999489
34.1038292303563,16.190011552173775,13.962420189026588,0.3380628179610745,0.9571537770996259,1,31.0464379855204
38.093611554785134,13.318952108656216,16.949818861265427,2.297233842029933,0.7312674408425043,1,31.825621934065058
27.962414505413683,72.58684018839958,0.5958709735314371,14.381501752498902,0.5016227113420149,0,0.0
37.0096913145912,18.169219795581068,10.29973589872678,4.024944998403849,0.8168445684707261,1,30.599818631626196
33.143559810763264,15.310314528302404,18.83785884963426,1.13328201113494,0.7473864468506044,1,33.44022819940895
