X,Y,FFMC,DMC,DC,ISI,temp,RH,wind,rain,month_aug,month_dec,month_feb,month_jan,month_jul,month_jun,month_mar,month_may,month_nov,month_oct,month_sep,day_mon,day_sat,day_sun,day_thu,day_tue,day_wed,area
1.0083127743720461,0.5698604338121686,-0.8059594724698989,-1.3233255688310948,-1.8304767629860488,-0.8609455677111861,-1.842640146758736,0.4117243473229724,1.4986144168823812,-0.07326830956410954,-0.7433387871977033,-0.13310347641241707,-0.2006027135712599,-0.06231769528497558,-0.2568645196271742,-0.18439088914585774,2.9281519895787635,-0.06231769528497557,-0.04402254531628119,-0.17285970637383774,-0.7060812450686401,-0.4087088075763956,-0.44044906750083573,-0.4744665250703386,-0.36574845156823477,-0.3758727885879516,-0.3415123270783008,0.0
1.0083127743720461,-0.24400101447758565,-0.008102033950154875,-1.1795407723785454,0.48889091543801605,-0.5096882687663312,-0.1532782649268027,-0.6924562798204221,-1.741755636812102,-0.07326830956410954,-0.7433387871977033,-0.13310347641241707,-0.2006027135712599,-0.06231769528497558,-0.2568645196271742,-0.18439088914585774,-0.34151232707830076,-0.06231769528497557,-0.04402254531628119,5.785038173311103,-0.7060812450686401,-0.4087088075763956,-0.44044906750083573,-0.4744665250703386,-0.36574845156823477,2.660474581724095,-0.3415123270783008,0.0
1.0083127743720461,-0.24400101447758565,-0.008102033950154875,-1.0498218799267889,0.5607154538443283,-0.5096882687663312,-0.7393834076031878,-0.6924562798204221,-1.518281840005586,-0.07326830956410954,-0.7433387871977033,-0.13310347641241707,-0.2006027135712599,-0.06231769528497558,-0.2568645196271742,-0.18439088914585774,-0.34151232707830076,-0.06231769528497557,-0.04402254531628119,5.785038173311103,-0.7060812450686401,-0.4087088075763956,2.2704100741412128,-0.4744665250703386,-0.36574845156823477,-0.3758727885879516,-0.3415123270783008,0.0
1.4409249771524177,1.3837218821019228,0.19136232567978306,-1.2123612150470622,-1.8982662149650402,-0.004755901533102472,-1.8254017602094303,3.2335192833560917,-0.009833711561602487,0.6031551912331161,-0.7433387871977033,-0.13310347641241707,-0.2006027135712599,-0.06231769528497558,-0.2568645196271742,-0.18439088914585774,2.9281519895787635,-0.06231769528497557,-0.04402254531628119,-0.17285970637383774,-0.7060812450686401,-0.4087088075763956,-0.44044906750083573,-0.4744665250703386,-0.36574845156823477,-0.3758727885879516,-0.3415123270783008,0.0
1.4409249771524177,1.3837218821019228,-0.24383264078553374,-0.9310431350312048,-1.7985995802102137,0.126965585571218,-1.2910117771809617,3.356206019705358,-1.238939593997441,-0.07326830956410954,-0.7433387871977033,-0.13310347641241707,-0.2006027135712599,-0.06231769528497558,-0.2568645196271742,-0.18439088914585774,2.9281519895787635,-0.06231769528497557,-0.04402254531628119,-0.17285970637383774,-0.7060812450686401,-0.4087088075763956,-0.44044906750083573,2.1076302482071885,-0.36574845156823477,-0.3758727885879516,-0.3415123270783008,0.0
1.4409249771524177,1.3837218821019228,0.300161067296111,-0.39966453944569635,-0.24186323654980266,1.2465982259579427,0.5707339701440257,-0.9378297525189543,0.772324577261204,-0.07326830956410954,1.3452816094393218,-0.13310347641241707,-0.2006027135712599,-0.06231769528497558,-0.2568645196271742,-0.18439088914585774,-0.34151232707830076,-0.06231769528497557,-0.04402254531628119,-0.17285970637383774,-0.7060812450686401,-0.4087088075763956,-0.44044906750083573,2.1076302482071885,-0.36574845156823477,-0.3758727885879516,-0.3415123270783008,0.0
1.4409249771524177,1.3837218821019228,0.300161067296111,-0.3434009234425247,-0.21119657970216357,-0.1145238074533696,0.8982633145808294,-1.0605164888682204,-0.5126497543762636,-0.07326830956410954,1.3452816094393218,-0.13310347641241707,-0.2006027135712599,-0.06231769528497558,-0.2568645196271742,-0.18439088914585774,-0.34151232707830076,-0.06231769528497557,-0.04402254531628119,-0.17285970637383774,-0.7060812450686401,2.446729753464098,-0.44044906750083573,-0.4744665250703386,-0.36574845156823477,-0.3758727885879516,-0.3415123270783008,0.0
1.4409249771524177,1.3837218821019228,0.15509607847433957,0.5396252721628055,0.24315415201417212,0.3684549785958056,-1.8771169198573467,2.5587422334351286,-1.0154657971909247,-0.07326830956410954,1.3452816094393218,-0.13310347641241707,-0.2006027135712599,-0.06231769528497558,-0.2568645196271742,-0.18439088914585774,-0.34151232707830076,-0.06231769528497557,-0.04402254531628119,-0.17285970637383774,-0.7060812450686401,2.446729753464098,-0.44044906750083573,-0.4744665250703386,-0.36574845156823477,-0.3758727885879516,-0.3415123270783008,0.0
1.4409249771524177,1.3837218821019228,0.06443046046073211,0.2911276348154647,0.5837154464800577,-0.44382752521417096,-0.9979592058427693,1.1478447654185688,0.772324577261204,-0.07326830956410954,-0.7433387871977033,-0.13310347641241707,-0.2006027135712599,-0.06231769528497558,-0.2568645196271742,-0.18439088914585774,-0.34151232707830076,-0.06231769528497557,-0.04402254531628119,-0.17285970637383774,1.4162676136551213,-0.4087088075763956,-0.44044906750083573,-0.4744665250703386,-0.36574845156823477,2.660474581724095,-0.3415123270783008,0.0
1.0083127743720461,0.5698604338121686,0.33642731450155444,-0.3574668274433177,0.6079259650439832,-0.42187394403011763,0.6741642894398586,-0.26305270259799096,-0.009833711561602487,-0.07326830956410954,-0.7433387871977033,-0.13310347641241707,-0.2006027135712599,-0.06231769528497558,-0.2568645196271742,-0.18439088914585774,-0.34151232707830076,-0.06231769528497557,-0.04402254531628119,-0.17285970637383774,1.4162676136551213,-0.4087088075763956,2.2704100741412128,-0.4744665250703386,-0.36574845156823477,-0.3758727885879516,-0.3415123270783008,0.41871033485818504
1.0083127743720461,0.5698604338121686,0.33642731450155444,-0.3574668274433177,0.6079259650439832,-0.42187394403011763,-0.18775503802541343,0.4117243473229724,1.7779566628905261,-0.07326830956410954,-0.7433387871977033,-0.13310347641241707,-0.2006027135712599,-0.06231769528497558,-0.2568645196271742,-0.18439088914585774,-0.34151232707830076,-0.06231769528497557,-0.04402254531628119,-0.17285970637383774,1.4162676136551213,-0.4087088075763956,2.2704100741412128,-0.4744665250703386,-0.36574845156823477,-0.3758727885879516,-0.3415123270783008,0.0
1.0083127743720461,0.5698604338121686,0.3908266853097184,-0.5887728043452448,0.6660312095974044,2.9809311394981637,0.07082076021416817,-0.385739438947257,-0.009833711561602487,-0.07326830956410954,-0.7433387871977033,-0.13310347641241707,-0.2006027135712599,-0.06231769528497558,-0.2568645196271742,-0.18439088914585774,-0.34151232707830076,-0.06231769528497557,-0.04402254531628119,-0.17285970637383774,1.4162676136551213,-0.4087088075763956,2.2704100741412128,-0.4744665250703386,-0.36574845156823477,-0.3758727885879516,-0.3415123270783008,0.0
0.5757005715916745,0.5698604338121686,-4.9221785302876775,-0.6262818816806927,0.4735575870141963,-1.8049495586254831,-0.3256621304198571,1.699935078990266,1.4986144168823812,-0.07326830956410954,1.3452816094393218,-0.13310347641241707,-0.2006027135712599,-0.06231769528497558,-0.2568645196271742,-0.18439088914585774,-0.34151232707830076,-0.06231769528497557,-0.04402254531628119,-0.17285970637383774,-0.7060812450686401,-0.4087088075763956,-0.44044906750083573,-0.4744665250703386,-0.36574845156823477,-0.3758727885879516,-0.3415123270783008,0.0
0.5757005715916745,0.5698604338121686,0.046297336858011656,0.24424128814615514,0.5591014192734,-0.44382752521417096,0.415588491200277,-0.14036596624872488,-1.0154657971909247,-0.07326830956410954,-0.7433387871977033,-0.13310347641241707,-0.2006027135712599,-0.06231769528497558,-0.2568645196271742,-0.18439088914585774,-0.34151232707830076,-0.06231769528497557,-0.04402254531628119,-0.17285970637383774,1.4162676136551213,2.446729753464098,-0.44044906750083573,-0.4744665250703386,-0.36574845156823477,-0.3758727885879516,-0.3415123270783008,0.0
0.5757005715916745,0.5698604338121686,0.40895980891244144,0.350517007263257,0.6119610514713041,0.039151260835004226,1.2947462052148542,-1.4285766979160186,0.2695085344465426,-0.07326830956410954,-0.7433387871977033,-0.13310347641241707,-0.2006027135712599,-0.06231769528497558,-0.2568645196271742,-0.18439088914585774,-0.34151232707830076,-0.06231769528497557,-0.04402254531628119,-0.17285970637383774,1.4162676136551213,-0.4087088075763956,-0.44044906750083573,-0.4744665250703386,-0.36574845156823477,-0.3758727885879516,2.9281519895787644,0.0
0.5757005715916745,0.5698604338121686,0.4814923033233259,0.4739843868257719,0.6696627873819931,1.0709695764855154,0.6914026759891637,-0.017679229899458825,0.772324577261204,-0.07326830956410954,-0.7433387871977033,-0.13310347641241707,-0.2006027135712599,-0.06231769528497558,-0.2568645196271742,-0.18439088914585774,-0.34151232707830076,-0.06231769528497557,-0.04402254531628119,-0.17285970637383774,1.4162676136551213,-0.4087088075763956,-0.44044906750083573,-0.4744665250703386,-0.36574845156823477,-0.3758727885879516,-0.3415123270783008,0.0
0.14308836881130294,0.5698604338121686,0.19136232567978306,-1.1732892594893043,-1.8849504297548811,-0.2681988757417436,-0.6531914748566605,-1.0605164888682204,0.772324577261204,-0.07326830956410954,-0.7433387871977033,-0.13310347641241707,-0.2006027135712599,-0.06231769528497558,-0.2568645196271742,-0.18439088914585774,2.9281519895787635,-0.06231769528497557,-0.04402254531628119,-0.17285970637383774,-0.7060812450686401,-0.4087088075763956,2.2704100741412128,-0.4744665250703386,-0.36574845156823477,-0.3758727885879516,-0.3415123270783008,0.0
1.4409249771524177,0.5698604338121686,-1.0416900793052777,-1.2201756061586138,0.46911899194414364,-1.321970772576308,-0.37737729006777354,0.16635087462444026,0.49298233125305885,-0.07326830956410954,-0.7433387871977033,-0.13310347641241707,-0.2006027135712599,-0.06231769528497558,-0.2568645196271742,-0.18439088914585774,-0.34151232707830076,-0.06231769528497557,-0.04402254531628119,5.785038173311103,-0.7060812450686401,2.446729753464098,-0.44044906750083573,-0.4744665250703386,-0.36574845156823477,-0.3758727885879516,-0.3415123270783008,0.0
0.5757005715916745,-0.24400101447758565,-0.2619657643882542,-1.2967566390518193,-1.9253012940280905,-0.597502593502545,-0.5152843824622169,-0.569769543471156,-0.009833711561602487,-0.07326830956410954,-0.7433387871977033,-0.13310347641241707,-0.2006027135712599,-0.06231769528497558,-0.2568645196271742,-0.18439088914585774,2.9281519895787635,-0.06231769528497557,-0.04402254531628119,-0.17285970637383774,-0.7060812450686401,-0.4087088075763956,-0.44044906750083573,-0.4744665250703386,-0.36574845156823477,-0.3758727885879516,2.9281519895787644,0.0
0.5757005715916745,-0.24400101447758565,-0.7878263488671784,-1.3045710301633708,-1.8191785209895501,-0.8609455677111861,-1.6530178947163758,-0.017679229899458825,0.2695085344465426,-0.07326830956410954,-0.7433387871977033,-0.13310347641241707,-0.2006027135712599,-0.06231769528497558,-0.2568645196271742,-0.18439088914585774,-0.34151232707830076,-0.06231769528497557,-0.04402254531628119,-0.17285970637383774,-0.7060812450686401,-0.4087088075763956,2.2704100741412128,-0.4744665250703386,-0.36574845156823477,-0.3758727885879516,-0.3415123270783008,0.0
0.5757005715916745,-0.24400101447758565,0.06443046046073211,0.2911276348154647,0.5837154464800577,-0.44382752521417096,-0.10156310527888623,-0.26305270259799096,-0.7361235511827796,-0.07326830956410954,-0.7433387871977033,-0.13310347641241707,-0.2006027135712599,-0.06231769528497558,-0.2568645196271742,-0.18439088914585774,-0.34151232707830076,-0.06231769528497557,-0.04402254531628119,-0.17285970637383774,1.4162676136551213,-0.4087088075763956,-0.44044906750083573,-0.4744665250703386,-0.36574845156823477,2.660474581724095,-0.3415123270783008,0.0
0.14308836881130294,-0.24400101447758565,0.20949544928250352,-0.505940258562798,0.7116276862261306,0.039151260835004226,0.03634398711555741,-0.385739438947257,-0.7361235511827796,-0.07326830956410954,-0.7433387871977033,-0.13310347641241707,-0.2006027135712599,-0.06231769528497558,-0.2568645196271742,-0.18439088914585774,-0.34151232707830076,-0.06231769528497557,-0.04402254531628119,-0.17285970637383774,1.4162676136551213,2.446729753464098,-0.44044906750083573,-0.4744665250703386,-0.36574845156823477,-0.3758727885879516,-0.3415123270783008,0.0
1.0083127743720461,-0.24400101447758565,0.6628235393505407,-0.22774793499156123,-1.4039681276182276,10.33538083615606,0.36387333155236057,-0.017679229899458825,0.2695085344465426,-0.07326830956410954,-0.7433387871977033,-0.13310347641241707,-0.2006027135712599,-0.06231769528497558,-0.2568645196271742,5.423261445466405,-0.34151232707830076,-0.06231769528497557,-0.04402254531628119,-0.17285970637383774,-0.7060812450686401,-0.4087088075763956,-0.44044906750083573,2.1076302482071885,-0.36574845156823477,-0.3758727885879516,-0.3415123270783008,0.0
1.0083127743720461,-0.24400101447758565,-0.08063452836103929,0.0004322854657454679,-0.04252996704014929,-0.6194561746865983,0.10529753331277893,-0.07902259807409186,0.9957983740677198,-0.07326830956410954,1.3452816094393218,-0.13310347641241707,-0.2006027135712599,-0.06231769528497558,-0.2568645196271742,-0.18439088914585774,-0.34151232707830076,-0.06231769528497557,-0.04402254531628119,-0.17285970637383774,-0.7060812450686401,-0.4087088075763956,2.2704100741412128,-0.4744665250703386,-0.36574845156823477,-0.3758727885879516,-0.3415123270783008,0.0
1.0083127743720461,-0.24400101447758565,0.5177585505287694,0.4458525788241864,0.18666294203167924,2.475998772264935,0.8293097683836074,-0.7537996479950552,0.9957983740677198,-0.07326830956410954,1.3452816094393218,-0.13310347641241707,-0.2006027135712599,-0.06231769528497558,-0.2568645196271742,-0.18439088914585774,-0.34151232707830076,-0.06231769528497557,-0.04402254531628119,-0.17285970637383774,-0.7060812450686401,-0.4087088075763956,2.2704100741412128,-0.4744665250703386,-0.36574845156823477,-0.3758727885879516,-0.3415123270783008,0.0
1.0083127743720461,-0.24400101447758565,0.1369629548716191,0.49273892549349596,0.2157155643083896,0.34650139741175223,-0.4463308362649951,0.9638146608946697,0.772324577261204,-0.07326830956410954,1.3452816094393218,-0.13310347641241707,-0.2006027135712599,-0.06231769528497558,-0.2568645196271742,-0.18439088914585774,-0.34151232707830076,-0.06231769528497557,-0.04402254531628119,-0.17285970637383774,-0.7060812450686401,-0.4087088075763956,-0.44044906750083573,2.1076302482071885,-0.36574845156823477,-0.3758727885879516,-0.3415123270783008,0.0
1.0083127743720461,-0.24400101447758565,0.318294190898834,0.10983376102746781,0.48445232036796293,0.697758696356607,0.019105600566251726,-0.6311129116457891,0.9957983740677198,-0.07326830956410954,-0.7433387871977033,-0.13310347641241707,-0.2006027135712599,-0.06231769528497558,-0.2568645196271742,-0.18439088914585774,-0.34151232707830076,-0.06231769528497557,-0.04402254531628119,-0.17285970637383774,1.4162676136551213,-0.4087088075763956,-0.44044906750083573,-0.4744665250703386,-0.36574845156823477,-0.3758727885879516,-0.3415123270783008,0.0
1.0083127743720461,-0.24400101447758565,0.046297336858011656,0.24424128814615514,0.5591014192734,-0.44382752521417096,0.08805914676347325,0.2276942427990733,-1.518281840005586,-0.07326830956410954,-0.7433387871977033,-0.13310347641241707,-0.2006027135712599,-0.06231769528497558,-0.2568645196271742,-0.18439088914585774,-0.34151232707830076,-0.06231769528497557,-0.04402254531628119,-0.17285970637383774,1.4162676136551213,2.446729753464098,-0.44044906750083573,-0.4744665250703386,-0.36574845156823477,-0.3758727885879516,-0.3415123270783008,0.0
0.5757005715916745,-1.0578624627673399,0.4996254269260489,0.5396252721628055,0.6999259355869,-0.20233813218958338,1.949804894088461,-1.2445465933921194,-0.7361235511827796,-0.07326830956410954,-0.7433387871977033,-0.13310347641241707,-0.2006027135712599,-0.06231769528497558,-0.2568645196271742,-0.18439088914585774,-0.34151232707830076,-0.06231769528497557,-0.04402254531628119,-0.17285970637383774,1.4162676136551213,-0.4087088075763956,2.2704100741412128,-0.4744665250703386,-0.36574845156823477,-0.3758727885879516,-0.3415123270783008,0.0
0.5757005715916745,-1.0578624627673399,0.5177585505287694,0.6005775228329081,0.7289785578636108,-0.20233813218958338,0.6741642894398586,-0.324396070772624,-0.2333075083681185,-0.07326830956410954,-0.7433387871977033,-0.13310347641241707,-0.2006027135712599,-0.06231769528497558,-0.2568645196271742,-0.18439088914585774,-0.34151232707830076,-0.06231769528497557,-0.04402254531628119,-0.17285970637383774,1.4162676136551213,-0.4087088075763956,-0.44044906750083573,2.1076302482071885,-0.36574845156823477,-0.3758727885879516,-0.3415123270783008,0.0
0.5757005715916745,-1.0578624627673399,0.6628235393505407,-0.402790295890317,0.5825049205518611,1.510041200166584,1.1223623397217997,-1.2445465933921194,-0.2333075083681185,-0.07326830956410954,-0.7433387871977033,-0.13310347641241707,-0.2006027135712599,-0.06231769528497558,-0.2568645196271742,-0.18439088914585774,-0.34151232707830076,-0.06231769528497557,-0.04402254531628119,-0.17285970637383774,1.4162676136551213,-0.4087088075763956,-0.44044906750083573,-0.4744665250703386,-0.36574845156823477,-0.3758727885879516,-0.3415123270783008,0.0
0.5757005715916745,-1.0578624627673399,-0.37076450600458466,-0.2980774549955256,0.6535224416727095,-0.42187394403011763,-1.3254885502795728,2.0679952880380643,2.001430459697042,-0.07326830956410954,-0.7433387871977033,-0.13310347641241707,-0.2006027135712599,-0.06231769528497558,-0.2568645196271742,-0.18439088914585774,-0.34151232707830076,-0.06231769528497557,-0.04402254531628119,-0.17285970637383774,1.4162676136551213,2.446729753464098,-0.44044906750083573,-0.4744665250703386,-0.36574845156823477,-0.3758727885879516,-0.3415123270783008,0.0
0.5757005715916745,-1.0578624627673399,-0.37076450600458466,-0.6434735421261061,0.6410136737480144,-0.7072704994228122,0.294919785355139,-0.44708280712189,-1.238939593997441,-0.07326830956410954,-0.7433387871977033,-0.13310347641241707,-0.2006027135712599,-0.06231769528497558,-0.2568645196271742,-0.18439088914585774,-0.34151232707830076,-0.06231769528497557,-0.04402254531628119,-0.17285970637383774,1.4162676136551213,-0.4087088075763956,-0.44044906750083573,-0.4744665250703386,-0.36574845156823477,-0.3758727885879516,-0.3415123270783008,0.0
0.5757005715916745,-1.0578624627673399,0.19136232567978306,-0.5512637270097973,0.6874171676622051,-0.2681988757417436,-0.20499342457471914,-0.324396070772624,-0.2333075083681185,-0.07326830956410954,-0.7433387871977033,-0.13310347641241707,-0.2006027135712599,-0.06231769528497558,-0.2568645196271742,-0.18439088914585774,-0.34151232707830076,-0.06231769528497557,-0.04402254531628119,-0.17285970637383774,1.4162676136551213,-0.4087088075763956,-0.44044906750083573,2.1076302482071885,-0.36574845156823477,-0.3758727885879516,-0.3415123270783008,0.0
0.5757005715916745,-1.0578624627673399,0.20949544928250352,-0.505940258562798,0.7116276862261306,0.039151260835004226,0.3983501046509713,-0.7537996479950552,-0.7361235511827796,-0.07326830956410954,-0.7433387871977033,-0.13310347641241707,-0.2006027135712599,-0.06231769528497558,-0.2568645196271742,-0.18439088914585774,-0.34151232707830076,-0.06231769528497557,-0.04402254531628119,-0.17285970637383774,1.4162676136551213,2.446729753464098,-0.44044906750083573,-0.4744665250703386,-0.36574845156823477,-0.3758727885879516,-0.3415123270783008,0.0
0.5757005715916745,-1.0578624627673399,-0.06250140475831883,-0.47155693767197093,0.7354346961473244,-0.597502593502545,-0.11880149182819193,1.0865013972439357,0.2695085344465426,-0.07326830956410954,-0.7433387871977033,-0.13310347641241707,-0.2006027135712599,-0.06231769528497558,-0.2568645196271742,-0.18439088914585774,-0.34151232707830076,-0.06231769528497557,-0.04402254531628119,-0.17285970637383774,1.4162676136551213,-0.4087088075763956,-0.44044906750083573,-0.4744665250703386,-0.36574845156823477,2.660474581724095,-0.3415123270783008,0.0
0.5757005715916745,-1.0578624627673399,-0.008102033950154875,-1.1795407723785454,0.48889091543801605,-0.5096882687663312,0.4845420373974985,-1.2445465933921194,0.2695085344465426,-0.07326830956410954,-0.7433387871977033,-0.13310347641241707,-0.2006027135712599,-0.06231769528497558,-0.2568645196271742,-0.18439088914585774,-0.34151232707830076,-0.06231769528497557,-0.04402254531628119,5.785038173311103,-0.7060812450686401,-0.4087088075763956,-0.44044906750083573,-0.4744665250703386,-0.36574845156823477,2.660474581724095,-0.3415123270783008,0.0
1.0083127743720461,-0.24400101447758565,-0.11690077556648279,-1.084205200817616,0.5433645822068485,-0.0706166450852629,-1.308250163730267,0.9638146608946697,0.772324577261204,-0.07326830956410954,-0.7433387871977033,-0.13310347641241707,-0.2006027135712599,-0.06231769528497558,-0.2568645196271742,-0.18439088914585774,-0.34151232707830076,-0.06231769528497557,-0.04402254531628119,5.785038173311103,-0.7060812450686401,-0.4087088075763956,-0.44044906750083573,-0.4744665250703386,-0.36574845156823477,-0.3758727885879516,-0.3415123270783008,0.0
1.0083127743720461,-1.0578624627673399,-0.008102033950154875,-1.0498218799267889,0.5607154538443283,-0.5096882687663312,-0.18775503802541343,-1.0605164888682204,-0.009833711561602487,-0.07326830956410954,-0.7433387871977033,-0.13310347641241707,-0.2006027135712599,-0.06231769528497558,-0.2568645196271742,-0.18439088914585774,-0.34151232707830076,-0.06231769528497557,-0.04402254531628119,5.785038173311103,-0.7060812450686401,-0.4087088075763956,2.2704100741412128,-0.4744665250703386,-0.36574845156823477,-0.3758727885879516,-0.3415123270783008,0.0
-0.2895238339690686,-0.24400101447758565,-0.4614301240181921,-1.3311399599426463,-1.9382135705955172,-1.1463421231038806,-0.8255753403497149,-0.07902259807409186,-0.7361235511827796,-0.07326830956410954,-0.7433387871977033,-0.13310347641241707,-0.2006027135712599,-0.06231769528497558,-0.2568645196271742,-0.18439088914585774,2.9281519895787635,-0.06231769528497557,-0.04402254531628119,-0.17285970637383774,-0.7060812450686401,-0.4087088075763956,-0.44044906750083573,-0.4744665250703386,-0.36574845156823477,2.660474581724095,-0.3415123270783008,0.41871033485818504
-0.2895238339690686,-0.24400101447758565,-2.0208787538522395,-0.7856954603563451,-0.7313192201838303,-1.6512744903371093,0.7603562221863858,-0.44708280712189,-0.5126497543762636,-0.07326830956410954,-0.7433387871977033,-0.13310347641241707,-0.2006027135712599,-0.06231769528497558,3.8931028755993595,-0.18439088914585774,-0.34151232707830076,-0.06231769528497557,-0.04402254531628119,-0.17285970637383774,-0.7060812450686401,-0.4087088075763956,-0.44044906750083573,-0.4744665250703386,-0.36574845156823477,2.660474581724095,-0.3415123270783008,0.0
-0.2895238339690686,-0.24400101447758565,-0.08063452836103929,-0.2183706656576992,0.30771553485130687,-0.02670948271715582,-0.08432471872958117,-0.14036596624872488,1.4986144168823812,-0.07326830956410954,1.3452816094393218,-0.13310347641241707,-0.2006027135712599,-0.06231769528497558,-0.2568645196271742,-0.18439088914585774,-0.34151232707830076,-0.06231769528497557,-0.04402254531628119,-0.17285970637383774,-0.7060812450686401,-0.4087088075763956,2.2704100741412128,-0.4744665250703386,-0.36574845156823477,-0.3758727885879516,-0.3415123270783008,0.0
-0.2895238339690686,-0.24400101447758565,0.7534891573641482,-0.04020254831432296,0.4001190140369558,1.7515305931911715,-0.39461567661707864,0.5957544518468715,0.772324577261204,-0.07326830956410954,1.3452816094393218,-0.13310347641241707,-0.2006027135712599,-0.06231769528497558,-0.2568645196271742,-0.18439088914585774,-0.34151232707830076,-0.06231769528497557,-0.04402254531628119,-0.17285970637383774,-0.7060812450686401,-0.4087088075763956,-0.44044906750083573,-0.4744665250703386,-0.36574845156823477,2.660474581724095,-0.3415123270783008,0.0
-0.2895238339690686,-0.24400101447758565,0.33642731450155444,-0.3574668274433177,0.6079259650439832,-0.42187394403011763,0.12253591986208462,0.2276942427990733,-0.7361235511827796,-0.07326830956410954,-0.7433387871977033,-0.13310347641241707,-0.2006027135712599,-0.06231769528497558,-0.2568645196271742,-0.18439088914585774,-0.34151232707830076,-0.06231769528497557,-0.04402254531628119,-0.17285970637383774,1.4162676136551213,-0.4087088075763956,2.2704100741412128,-0.4744665250703386,-0.36574845156823477,-0.3758727885879516,-0.3415123270783008,0.0
-0.2895238339690686,-0.24400101447758565,-0.09876765196376233,-0.43717361678114386,0.7576276714975895,-0.6194561746865983,-1.0324359789413802,1.8226218153395322,0.49298233125305885,-0.07326830956410954,-0.7433387871977033,-0.13310347641241707,-0.2006027135712599,-0.06231769528497558,-0.2568645196271742,-0.18439088914585774,-0.34151232707830076,-0.06231769528497557,-0.04402254531628119,-0.17285970637383774,1.4162676136551213,-0.4087088075763956,-0.44044906750083573,-0.4744665250703386,-0.36574845156823477,-0.3758727885879516,2.9281519895787644,0.0
0.14308836881130294,1.3837218821019228,0.6628235393505407,-0.402790295890317,0.5825049205518611,1.510041200166584,1.208554272468327,-1.2445465933921194,-0.009833711561602487,-0.07326830956410954,-0.7433387871977033,-0.13310347641241707,-0.2006027135712599,-0.06231769528497558,-0.2568645196271742,-0.18439088914585774,-0.34151232707830076,-0.06231769528497557,-0.04402254531628119,-0.17285970637383774,1.4162676136551213,-0.4087088075763956,-0.44044906750083573,-0.4744665250703386,-0.36574845156823477,-0.3758727885879516,2.9281519895787644,0.0
0.14308836881130294,1.3837218821019228,0.046297336858011656,0.24424128814615514,0.5591014192734,-0.44382752521417096,-0.7221450210538823,1.577248342641,-0.2333075083681185,-0.07326830956410954,-0.7433387871977033,-0.13310347641241707,-0.2006027135712599,-0.06231769528497558,-0.2568645196271742,-0.18439088914585774,-0.34151232707830076,-0.06231769528497557,-0.04402254531628119,-0.17285970637383774,1.4162676136551213,2.446729753464098,-0.44044906750083573,-0.4744665250703386,-0.36574845156823477,-0.3758727885879516,-0.3415123270783008,0.0
0.5757005715916745,1.3837218821019228,0.6446904157478203,-0.7591265305770697,-0.4238456344219762,0.43431572214796604,0.7086410625384694,-0.5084261752965231,-0.5126497543762636,-0.07326830956410954,-0.7433387871977033,-0.13310347641241707,-0.2006027135712599,-0.06231769528497558,3.8931028755993595,-0.18439088914585774,-0.34151232707830076,-0.06231769528497557,-0.04402254531628119,-0.17285970637383774,-0.7060812450686401,2.446729753464098,-0.44044906750083573,-0.4744665250703386,-0.36574845156823477,-0.3758727885879516,-0.3415123270783008,0.0
-0.2895238339690686,-0.24400101447758565,-0.624628236442684,-1.359271767944232,-1.9499153212347482,-1.0804813795517203,-1.22205823098374,-0.569769543471156,-1.238939593997441,-0.07326830956410954,-0.7433387871977033,-0.13310347641241707,-0.2006027135712599,-0.06231769528497558,-0.2568645196271742,-0.18439088914585774,2.9281519895787635,-0.06231769528497557,-0.04402254531628119,-0.17285970637383774,-0.7060812450686401,2.446729753464098,-0.44044906750083573,-0.4744665250703386,-0.36574845156823477,-0.3758727885879516,-0.3415123270783008,0.0
-0.2895238339690686,-0.24400101447758565,-0.5520957420317996,-0.9169772310304118,-1.7921434419265,-0.8828991488952395,-1.3599653233781837,0.10500750644980723,0.9957983740677198,-0.07326830956410954,-0.7433387871977033,-0.13310347641241707,-0.2006027135712599,-0.06231769528497558,-0.2568645196271742,-0.18439088914585774,2.9281519895787635,-0.06231769528497557,-0.04402254531628119,-0.17285970637383774,-0.7060812450686401,2.446729753464098,-0.44044906750083573,-0.4744665250703386,-0.36574845156823477,-0.3758727885879516,-0.3415123270783008,0.3074846997479606
-0.2895238339690686,-0.24400101447758565,0.40895980891244144,0.40834350148873866,0.6393996391770862,0.039151260835004226,0.32939655845374977,-1.6739501706145508,-1.518281840005586,-0.07326830956410954,-0.7433387871977033,-0.13310347641241707,-0.2006027135712599,-0.06231769528497558,-0.2568645196271742,-0.18439088914585774,-0.34151232707830076,-0.06231769528497557,-0.04402254531628119,-0.17285970637383774,1.4162676136551213,-0.4087088075763956,-0.44044906750083573,-0.4744665250703386,2.734119572378935,-0.3758727885879516,-0.3415123270783008,0.0
-0.2895238339690686,-1.0578624627673399,-0.08063452836103929,-0.17617295365532076,0.33596113984255327,-0.597502593502545,0.45006526429888777,-0.6311129116457891,-1.0154657971909247,-0.07326830956410954,1.3452816094393218,-0.13310347641241707,-0.2006027135712599,-0.06231769528497558,-0.2568645196271742,-0.18439088914585774,-0.34151232707830076,-0.06231769528497557,-0.04402254531628119,-0.17285970637383774,-0.7060812450686401,-0.4087088075763956,-0.44044906750083573,2.1076302482071885,-0.36574845156823477,-0.3758727885879516,-0.3415123270783008,0.0
-0.2895238339690686,-1.0578624627673399,0.2638948200906675,0.0051209201326763805,0.4283646190282023,0.126965585571218,0.26044301225652766,-0.14036596624872488,0.49298233125305885,-0.07326830956410954,1.3452816094393218,-0.13310347641241707,-0.2006027135712599,-0.06231769528497558,-0.2568645196271742,-0.18439088914585774,-0.34151232707830076,-0.06231769528497557,-0.04402254531628119,-0.17285970637383774,-0.7060812450686401,-0.4087088075763956,-0.44044906750083573,-0.4744665250703386,-0.36574845156823477,-0.3758727885879516,2.9281519895787644,0.0
-0.2895238339690686,-1.0578624627673399,0.2638948200906675,0.0051209201326763805,0.4283646190282023,0.126965585571218,0.26044301225652766,-0.14036596624872488,0.49298233125305885,-0.07326830956410954,1.3452816094393218,-0.13310347641241707,-0.2006027135712599,-0.06231769528497558,-0.2568645196271742,-0.18439088914585774,-0.34151232707830076,-0.06231769528497557,-0.04402254531628119,-0.17285970637383774,-0.7060812450686401,-0.4087088075763956,-0.44044906750083573,-0.4744665250703386,-0.36574845156823477,-0.3758727885879516,2.9281519895787644,0.0
-0.2895238339690686,-1.0578624627673399,0.19136232567978306,0.05357014502429618,0.4574172413049126,-0.597502593502545,-0.2222318111240242,0.04366413827517421,-0.2333075083681185,-0.07326830956410954,1.3452816094393218,-0.13310347641241707,-0.2006027135712599,-0.06231769528497558,-0.2568645196271742,-0.18439088914585774,-0.34151232707830076,-0.06231769528497557,-0.04402254531628119,-0.17285970637383774,-0.7060812450686401,-0.4087088075763956,-0.44044906750083573,-0.4744665250703386,2.734119572378935,-0.3758727885879516,-0.3415123270783008,0.0
-0.2895238339690686,-1.0578624627673399,0.40895980891244144,0.40834350148873866,0.6393996391770862,0.039151260835004226,1.518845230355825,-1.2445465933921194,-1.0154657971909247,-0.07326830956410954,-0.7433387871977033,-0.13310347641241707,-0.2006027135712599,-0.06231769528497558,-0.2568645196271742,-0.18439088914585774,-0.34151232707830076,-0.06231769528497557,-0.04402254531628119,-0.17285970637383774,1.4162676136551213,-0.4087088075763956,-0.44044906750083573,-0.4744665250703386,2.734119572378935,-0.3758727885879516,-0.3415123270783008,0.0
-0.2895238339690686,-1.0578624627673399,-0.06250140475831883,-0.47155693767197093,0.7354346961473244,-0.597502593502545,-0.18775503802541343,1.1478447654185688,0.49298233125305885,-0.07326830956410954,-0.7433387871977033,-0.13310347641241707,-0.2006027135712599,-0.06231769528497558,-0.2568645196271742,-0.18439088914585774,-0.34151232707830076,-0.06231769528497557,-0.04402254531628119,-0.17285970637383774,1.4162676136551213,-0.4087088075763956,-0.44044906750083573,-0.4744665250703386,-0.36574845156823477,2.660474581724095,-0.3415123270783008,0.0
-0.2895238339690686,-1.0578624627673399,0.35456043810427496,-1.0060612897021002,0.5804873773382007,-0.04866306390120917,-0.8772904999976311,0.3503809791483394,-0.7361235511827796,-0.07326830956410954,-0.7433387871977033,-0.13310347641241707,-0.2006027135712599,-0.06231769528497558,-0.2568645196271742,-0.18439088914585774,-0.34151232707830076,-0.06231769528497557,-0.04402254531628119,5.785038173311103,-0.7060812450686401,-0.4087088075763956,-0.44044906750083573,2.1076302482071885,-0.36574845156823477,-0.3758727885879516,-0.3415123270783008,0.0
-1.1547482395298116,-1.871723911057094,-1.2048881917297722,-1.5874519884015388,-2.0737924745535,-1.5195530032327889,-0.8600521134483257,-0.26305270259799096,0.772324577261204,-0.07326830956410954,-0.7433387871977033,-0.13310347641241707,4.984977432245808,-0.06231769528497558,-0.2568645196271742,-0.18439088914585774,-0.34151232707830076,-0.06231769528497557,-0.04402254531628119,-0.17285970637383774,-0.7060812450686401,2.446729753464098,-0.44044906750083573,-0.4744665250703386,-0.36574845156823477,-0.3758727885879516,-0.3415123270783008,0.0
-1.1547482395298116,-1.871723911057094,-0.7334269780590145,-1.5264997377314362,-2.037476696707612,-0.8170384053430793,-1.1358662982372127,0.4117243473229724,-1.741755636812102,-0.07326830956410954,-0.7433387871977033,-0.13310347641241707,4.984977432245808,-0.06231769528497558,-0.2568645196271742,-0.18439088914585774,-0.34151232707830076,-0.06231769528497557,-0.04402254531628119,-0.17285970637383774,-0.7060812450686401,-0.4087088075763956,-0.44044906750083573,-0.4744665250703386,-0.36574845156823477,-0.3758727885879516,-0.3415123270783008,0.0
-1.1547482395298116,-1.871723911057094,-0.24383264078553374,-0.9310431350312048,-1.7985995802102137,0.126965585571218,-1.2737733906316564,-0.324396070772624,0.9957983740677198,-0.07326830956410954,-0.7433387871977033,-0.13310347641241707,-0.2006027135712599,-0.06231769528497558,-0.2568645196271742,-0.18439088914585774,2.9281519895787635,-0.06231769528497557,-0.04402254531628119,-0.17285970637383774,-0.7060812450686401,-0.4087088075763956,-0.44044906750083573,2.1076302482071885,-0.36574845156823477,-0.3758727885879516,-0.3415123270783008,0.0
-1.1547482395298116,-1.871723911057094,-0.24383264078553374,-0.9310431350312048,-1.7985995802102137,0.126965585571218,-2.308076583589983,0.9024712927200367,1.2751406200758648,-0.07326830956410954,-0.7433387871977033,-0.13310347641241707,-0.2006027135712599,-0.06231769528497558,-0.2568645196271742,-0.18439088914585774,2.9281519895787635,-0.06231769528497557,-0.04402254531628119,-0.17285970637383774,-0.7060812450686401,-0.4087088075763956,-0.44044906750083573,2.1076302482071885,-0.36574845156823477,-0.3758727885879516,-0.3415123270783008,0.0
-1.1547482395298116,-1.871723911057094,0.4270929325151619,-0.5559523616767282,-0.3282140860944702,-0.29015245692579694,-0.015371172532359034,-0.569769543471156,0.49298233125305885,-0.07326830956410954,1.3452816094393218,-0.13310347641241707,-0.2006027135712599,-0.06231769528497558,-0.2568645196271742,-0.18439088914585774,-0.34151232707830076,-0.06231769528497557,-0.04402254531628119,-0.17285970637383774,-0.7060812450686401,-0.4087088075763956,-0.44044906750083573,-0.4744665250703386,2.734119572378935,-0.3758727885879516,-0.3415123270783008,0.0
-1.1547482395298116,-1.871723911057094,-0.08063452836103929,-0.17617295365532076,0.33596113984255327,-0.597502593502545,0.32939655845374977,-0.6924562798204221,-0.7361235511827796,-0.07326830956410954,1.3452816094393218,-0.13310347641241707,-0.2006027135712599,-0.06231769528497558,-0.2568645196271742,-0.18439088914585774,-0.34151232707830076,-0.06231769528497557,-0.04402254531628119,-0.17285970637383774,-0.7060812450686401,-0.4087088075763956,-0.44044906750083573,2.1076302482071885,-0.36574845156823477,-0.3758727885879516,-0.3415123270783008,0.0
-1.1547482395298116,-1.871723911057094,0.08256358406345257,-0.11990933765214914,0.3666277966901919,-0.7072704994228122,0.725879449087775,-0.8151430161696882,-0.5126497543762636,-0.07326830956410954,1.3452816094393218,-0.13310347641241707,-0.2006027135712599,-0.06231769528497558,-0.2568645196271742,-0.18439088914585774,-0.34151232707830076,-0.06231769528497557,-0.04402254531628119,-0.17285970637383774,-0.7060812450686401,2.446729753464098,-0.44044906750083573,-0.4744665250703386,-0.36574845156823477,-0.3758727885879516,-0.3415123270783008,0.0
-1.1547482395298116,-1.871723911057094,0.19136232567978306,0.05357014502429618,0.4574172413049126,-0.597502593502545,-0.049847945630969795,-0.017679229899458825,0.2695085344465426,-0.07326830956410954,1.3452816094393218,-0.13310347641241707,-0.2006027135712599,-0.06231769528497558,-0.2568645196271742,-0.18439088914585774,-0.34151232707830076,-0.06231769528497557,-0.04402254531628119,-0.17285970637383774,-0.7060812450686401,-0.4087088075763956,-0.44044906750083573,-0.4744665250703386,2.734119572378935,-0.3758727885879516,-0.3415123270783008,0.0
-1.1547482395298116,-1.871723911057094,0.318294190898834,0.10983376102746781,0.48445232036796293,0.697758696356607,0.7086410625384694,-0.44708280712189,0.2695085344465426,-0.07326830956410954,-0.7433387871977033,-0.13310347641241707,-0.2006027135712599,-0.06231769528497558,-0.2568645196271742,-0.18439088914585774,-0.34151232707830076,-0.06231769528497557,-0.04402254531628119,-0.17285970637383774,1.4162676136551213,-0.4087088075763956,-0.44044906750083573,-0.4744665250703386,-0.36574845156823477,-0.3758727885879516,-0.3415123270783008,0.0
-1.1547482395298116,-1.871723911057094,0.318294190898834,0.10983376102746781,0.48445232036796293,0.697758696356607,0.12253591986208462,-0.6924562798204221,0.772324577261204,-0.07326830956410954,-0.7433387871977033,-0.13310347641241707,-0.2006027135712599,-0.06231769528497558,-0.2568645196271742,-0.18439088914585774,-0.34151232707830076,-0.06231769528497557,-0.04402254531628119,-0.17285970637383774,1.4162676136551213,-0.4087088075763956,-0.44044906750083573,-0.4744665250703386,-0.36574845156823477,-0.3758727885879516,-0.3415123270783008,0.0
-1.1547482395298116,-1.871723911057094,0.318294190898834,0.10983376102746781,0.48445232036796293,0.697758696356607,0.12253591986208462,-0.6924562798204221,1.2751406200758648,-0.07326830956410954,-0.7433387871977033,-0.13310347641241707,-0.2006027135712599,-0.06231769528497558,-0.2568645196271742,-0.18439088914585774,-0.34151232707830076,-0.06231769528497557,-0.04402254531628119,-0.17285970637383774,1.4162676136551213,-0.4087088075763956,-0.44044906750083573,-0.4744665250703386,-0.36574845156823477,-0.3758727885879516,-0.3415123270783008,0.0
-0.2895238339690686,0.5698604338121686,0.19136232567978306,-1.2123612150470622,-1.8982662149650402,-0.004755901533102472,-0.29118535732124634,-1.1218598570428533,0.2695085344465426,-0.07326830956410954,-0.7433387871977033,-0.13310347641241707,-0.2006027135712599,-0.06231769528497558,-0.2568645196271742,-0.18439088914585774,2.9281519895787635,-0.06231769528497557,-0.04402254531628119,-0.17285970637383774,-0.7060812450686401,-0.4087088075763956,-0.44044906750083573,-0.4744665250703386,-0.36574845156823477,-0.3758727885879516,-0.3415123270783008,0.0
-0.2895238339690686,0.5698604338121686,0.10069670766617561,-0.9779294817005144,-1.8163539604904255,0.7636194399087675,-0.5325227690115223,-1.0605164888682204,2.001430459697042,-0.07326830956410954,-0.7433387871977033,-0.13310347641241707,-0.2006027135712599,-0.06231769528497558,-0.2568645196271742,-0.18439088914585774,2.9281519895787635,-0.06231769528497557,-0.04402254531628119,-0.17285970637383774,-0.7060812450686401,-0.4087088075763956,-0.44044906750083573,-0.4744665250703386,-0.36574845156823477,-0.3758727885879516,-0.3415123270783008,0.0
-0.2895238339690686,0.5698604338121686,0.6628235393505407,-0.402790295890317,0.5825049205518611,1.510041200166584,-0.20499342457471914,-0.44708280712189,-0.2333075083681185,-0.07326830956410954,-0.7433387871977033,-0.13310347641241707,-0.2006027135712599,-0.06231769528497558,-0.2568645196271742,-0.18439088914585774,-0.34151232707830076,-0.06231769528497557,-0.04402254531628119,-0.17285970637383774,1.4162676136551213,-0.4087088075763956,-0.44044906750083573,-0.4744665250703386,-0.36574845156823477,-0.3758727885879516,-0.3415123270783008,0.0
0.14308836881130294,-0.24400101447758565,0.19136232567978306,-1.2123612150470622,-1.8982662149650402,-0.004755901533102472,-0.5669995421101334,-1.1832032252174864,1.2751406200758648,-0.07326830956410954,-0.7433387871977033,-0.13310347641241707,-0.2006027135712599,-0.06231769528497558,-0.2568645196271742,-0.18439088914585774,2.9281519895787635,-0.06231769528497557,-0.04402254531628119,-0.17285970637383774,-0.7060812450686401,-0.4087088075763956,-0.44044906750083573,-0.4744665250703386,-0.36574845156823477,-0.3758727885879516,-0.3415123270783008,0.0
0.14308836881130294,-0.24400101447758565,-0.3344982587991412,0.5693199583867017,0.26857519650629375,-0.004755901533102472,-0.27394697077194063,-0.07902259807409186,0.2695085344465426,-0.07326830956410954,1.3452816094393218,-0.13310347641241707,-0.2006027135712599,-0.06231769528497558,-0.2568645196271742,-0.18439088914585774,-0.34151232707830076,-0.06231769528497557,-0.04402254531628119,-0.17285970637383774,-0.7060812450686401,-0.4087088075763956,-0.44044906750083573,-0.4744665250703386,-0.36574845156823477,2.660474581724095,-0.3415123270783008,0.0
0.14308836881130294,-0.24400101447758565,0.4814923033233259,0.4739843868257719,0.6696627873819931,1.0709695764855154,1.50160684380652,-0.8764863843443212,-1.518281840005586,-0.07326830956410954,-0.7433387871977033,-0.13310347641241707,-0.2006027135712599,-0.06231769528497558,-0.2568645196271742,-0.18439088914585774,-0.34151232707830076,-0.06231769528497557,-0.04402254531628119,-0.17285970637383774,1.4162676136551213,-0.4087088075763956,-0.44044906750083573,-0.4744665250703386,-0.36574845156823477,-0.3758727885879516,-0.3415123270783008,0.0
1.8735371799327891,3.8253062269711857,-1.1686219445243287,-1.626523943959297,-2.103652114115675,-0.29015245692579694,-2.1012159449983177,2.1293386562126972,-0.5126497543762636,-0.07326830956410954,-0.7433387871977033,-0.13310347641241707,4.984977432245808,-0.06231769528497558,-0.2568645196271742,-0.18439088914585774,-0.34151232707830076,-0.06231769528497557,-0.04402254531628119,-0.17285970637383774,-0.7060812450686401,-0.4087088075763956,-0.44044906750083573,-0.4744665250703386,2.734119572378935,-0.3758727885879516,-0.3415123270783008,0.0
1.8735371799327891,3.8253062269711857,-0.7334269780590145,-1.5264997377314362,-2.037476696707612,-0.8170384053430793,-0.5497611555608279,-0.07902259807409186,-0.5126497543762636,-0.07326830956410954,-0.7433387871977033,-0.13310347641241707,4.984977432245808,-0.06231769528497558,-0.2568645196271742,-0.18439088914585774,-0.34151232707830076,-0.06231769528497557,-0.04402254531628119,-0.17285970637383774,-0.7060812450686401,-0.4087088075763956,-0.44044906750083573,-0.4744665250703386,-0.36574845156823477,-0.3758727885879516,-0.3415123270783008,0.0
-1.5873604423101833,-1.0578624627673399,-0.5520957420317996,-0.9169772310304118,-1.7921434419265,-0.8828991488952395,-1.8254017602094303,1.699935078990266,-0.5126497543762636,-0.07326830956410954,-0.7433387871977033,-0.13310347641241707,-0.2006027135712599,-0.06231769528497558,-0.2568645196271742,-0.18439088914585774,2.9281519895787635,-0.06231769528497557,-0.04402254531628119,-0.17285970637383774,-0.7060812450686401,2.446729753464098,-0.44044906750083573,-0.4744665250703386,-0.36574845156823477,-0.3758727885879516,-0.3415123270783008,0.0
-1.5873604423101833,-1.871723911057094,-0.09876765196376233,-0.04489118298125387,-0.07319662388778837,0.7636194399087675,-0.7221450210538823,1.3318748699424678,-0.7361235511827796,-0.07326830956410954,1.3452816094393218,-0.13310347641241707,-0.2006027135712599,-0.06231769528497558,-0.2568645196271742,-0.18439088914585774,-0.34151232707830076,-0.06231769528497557,-0.04402254531628119,-0.17285970637383774,-0.7060812450686401,-0.4087088075763956,-0.44044906750083573,-0.4744665250703386,-0.36574845156823477,-0.3758727885879516,-0.3415123270783008,0.0
-1.5873604423101833,-1.871723911057094,0.06443046046073211,0.16140874236370828,0.05511912450101716,-0.44382752521417096,0.4673036508481934,-1.5512634342652847,1.4986144168823812,-0.07326830956410954,1.3452816094393218,-0.13310347641241707,-0.2006027135712599,-0.06231769528497558,-0.2568645196271742,-0.18439088914585774,-0.34151232707830076,-0.06231769528497557,-0.04402254531628119,-0.17285970637383774,-0.7060812450686401,-0.4087088075763956,-0.44044906750083573,-0.4744665250703386,-0.36574845156823477,2.660474581724095,-0.3415123270783008,0.0
-1.5873604423101833,-1.871723911057094,0.1369629548716191,0.49273892549349596,0.2157155643083896,0.34650139741175223,0.10529753331277893,-0.324396070772624,1.2751406200758648,-0.07326830956410954,1.3452816094393218,-0.13310347641241707,-0.2006027135712599,-0.06231769528497558,-0.2568645196271742,-0.18439088914585774,-0.34151232707830076,-0.06231769528497557,-0.04402254531628119,-0.17285970637383774,-0.7060812450686401,-0.4087088075763956,-0.44044906750083573,2.1076302482071885,-0.36574845156823477,-0.3758727885879516,-0.3415123270783008,0.3435897043900769
-1.5873604423101833,-1.871723911057094,-0.08063452836103929,-0.17617295365532076,0.33596113984255327,-0.597502593502545,-0.17051665147610837,-0.017679229899458825,-1.0154657971909247,-0.07326830956410954,1.3452816094393218,-0.13310347641241707,-0.2006027135712599,-0.06231769528497558,-0.2568645196271742,-0.18439088914585774,-0.34151232707830076,-0.06231769528497557,-0.04402254531628119,-0.17285970637383774,-0.7060812450686401,-0.4087088075763956,-0.44044906750083573,2.1076302482071885,-0.36574845156823477,-0.3758727885879516,-0.3415123270783008,0.0
-1.5873604423101833,-1.871723911057094,0.7534891573641482,-0.04020254831432296,0.4001190140369558,1.7515305931911715,-0.049847945630969795,0.4117243473229724,0.2695085344465426,-0.07326830956410954,1.3452816094393218,-0.13310347641241707,-0.2006027135712599,-0.06231769528497558,-0.2568645196271742,-0.18439088914585774,-0.34151232707830076,-0.06231769528497557,-0.04402254531628119,-0.17285970637383774,-0.7060812450686401,-0.4087088075763956,-0.44044906750083573,-0.4744665250703386,-0.36574845156823477,2.660474581724095,-0.3415123270783008,0.0
-1.5873604423101833,-1.871723911057094,0.2638948200906675,0.0051209201326763805,0.4283646190282023,0.126965585571218,-0.39461567661707864,0.16635087462444026,-1.741755636812102,-0.07326830956410954,1.3452816094393218,-0.13310347641241707,-0.2006027135712599,-0.06231769528497558,-0.2568645196271742,-0.18439088914585774,-0.34151232707830076,-0.06231769528497557,-0.04402254531628119,-0.17285970637383774,-0.7060812450686401,-0.4087088075763956,-0.44044906750083573,-0.4744665250703386,-0.36574845156823477,-0.3758727885879516,2.9281519895787644,0.0
-1.5873604423101833,-1.871723911057094,0.19136232567978306,0.05357014502429618,0.4574172413049126,-0.597502593502545,0.2259662391579169,0.04366413827517421,-0.2333075083681185,-0.07326830956410954,1.3452816094393218,-0.13310347641241707,-0.2006027135712599,-0.06231769528497558,-0.2568645196271742,-0.18439088914585774,-0.34151232707830076,-0.06231769528497557,-0.04402254531628119,-0.17285970637383774,-0.7060812450686401,-0.4087088075763956,-0.44044906750083573,-0.4744665250703386,2.734119572378935,-0.3758727885879516,-0.3415123270783008,0.0
-1.5873604423101833,-1.871723911057094,0.40895980891244144,0.40834350148873866,0.6393996391770862,0.039151260835004226,0.45006526429888777,-1.7966369069638166,-1.741755636812102,-0.07326830956410954,-0.7433387871977033,-0.13310347641241707,-0.2006027135712599,-0.06231769528497558,-0.2568645196271742,-0.18439088914585774,-0.34151232707830076,-0.06231769528497557,-0.04402254531628119,-0.17285970637383774,1.4162676136551213,-0.4087088075763956,-0.44044906750083573,-0.4744665250703386,2.734119572378935,-0.3758727885879516,-0.3415123270783008,0.0
-1.5873604423101833,-1.871723911057094,0.40895980891244144,0.40834350148873866,0.6393996391770862,0.039151260835004226,1.1223623397217997,-1.0605164888682204,-1.0154657971909247,-0.07326830956410954,-0.7433387871977033,-0.13310347641241707,-0.2006027135712599,-0.06231769528497558,-0.2568645196271742,-0.18439088914585774,-0.34151232707830076,-0.06231769528497557,-0.04402254531628119,-0.17285970637383774,1.4162676136551213,-0.4087088075763956,-0.44044906750083573,-0.4744665250703386,2.734119572378935,-0.3758727885879516,-0.3415123270783008,0.0
-1.5873604423101833,-1.871723911057094,0.40895980891244144,0.40834350148873866,0.6393996391770862,0.039151260835004226,0.6052107432426365,-0.6311129116457891,-1.0154657971909247,-0.07326830956410954,-0.7433387871977033,-0.13310347641241707,-0.2006027135712599,-0.06231769528497558,-0.2568645196271742,-0.18439088914585774,-0.34151232707830076,-0.06231769528497557,-0.04402254531628119,-0.17285970637383774,1.4162676136551213,-0.4087088075763956,-0.44044906750083573,-0.4744665250703386,2.734119572378935,-0.3758727885879516,-0.3415123270783008,0.0
-1.5873604423101833,-1.871723911057094,0.5177585505287694,0.6005775228329081,0.7289785578636108,-0.20233813218958338,1.1051239531724946,-0.5084261752965231,-0.2333075083681185,-0.07326830956410954,-0.7433387871977033,-0.13310347641241707,-0.2006027135712599,-0.06231769528497558,-0.2568645196271742,-0.18439088914585774,-0.34151232707830076,-0.06231769528497557,-0.04402254531628119,-0.17285970637383774,1.4162676136551213,-0.4087088075763956,-0.44044906750083573,2.1076302482071885,-0.36574845156823477,-0.3758727885879516,-0.3415123270783008,0.0
0.5757005715916745,0.5698604338121686,0.19136232567978306,-1.1732892594893043,-1.8849504297548811,-0.2681988757417436,-0.2567085842226356,-1.1832032252174864,0.49298233125305885,-0.07326830956410954,-0.7433387871977033,-0.13310347641241707,-0.2006027135712599,-0.06231769528497558,-0.2568645196271742,-0.18439088914585774,2.9281519895787635,-0.06231769528497557,-0.04402254531628119,-0.17285970637383774,-0.7060812450686401,-0.4087088075763956,2.2704100741412128,-0.4744665250703386,-0.36574845156823477,-0.3758727885879516,-0.3415123270783008,0.0
0.5757005715916745,0.5698604338121686,-0.08063452836103929,-0.2183706656576992,0.30771553485130687,-0.02670948271715582,-0.7221450210538823,0.9024712927200367,0.9957983740677198,-0.07326830956410954,1.3452816094393218,-0.13310347641241707,-0.2006027135712599,-0.06231769528497558,-0.2568645196271742,-0.18439088914585774,-0.34151232707830076,-0.06231769528497557,-0.04402254531628119,-0.17285970637383774,-0.7060812450686401,-0.4087088075763956,2.2704100741412128,-0.4744665250703386,-0.36574845156823477,-0.3758727885879516,-0.3415123270783008,0.0
1.4409249771524177,1.3837218821019228,0.19136232567978306,-1.1732892594893043,-1.8849504297548811,-0.2681988757417436,-0.2567085842226356,-1.2445465933921194,0.772324577261204,-0.07326830956410954,-0.7433387871977033,-0.13310347641241707,-0.2006027135712599,-0.06231769528497558,-0.2568645196271742,-0.18439088914585774,2.9281519895787635,-0.06231769528497557,-0.04402254531628119,-0.17285970637383774,-0.7060812450686401,-0.4087088075763956,-0.44044906750083573,-0.4744665250703386,-0.36574845156823477,-0.3758727885879516,-0.3415123270783008,0.0
1.4409249771524177,1.3837218821019228,0.300161067296111,-0.39966453944569635,-0.24186323654980266,1.2465982259579427,0.32939655845374977,-0.7537996479950552,1.2751406200758648,-0.07326830956410954,1.3452816094393218,-0.13310347641241707,-0.2006027135712599,-0.06231769528497558,-0.2568645196271742,-0.18439088914585774,-0.34151232707830076,-0.06231769528497557,-0.04402254531628119,-0.17285970637383774,-0.7060812450686401,-0.4087088075763956,-0.44044906750083573,2.1076302482071885,-0.36574845156823477,-0.3758727885879516,-0.3415123270783008,0.0
1.4409249771524177,1.3837218821019228,0.1369629548716191,0.49273892549349596,0.2157155643083896,0.34650139741175223,-0.11880149182819193,-0.07902259807409186,0.49298233125305885,-0.07326830956410954,1.3452816094393218,-0.13310347641241707,-0.2006027135712599,-0.06231769528497558,-0.2568645196271742,-0.18439088914585774,-0.34151232707830076,-0.06231769528497557,-0.04402254531628119,-0.17285970637383774,-0.7060812450686401,-0.4087088075763956,-0.44044906750083573,2.1076302482071885,-0.36574845156823477,-0.3758727885879516,-0.3415123270783008,0.0
1.4409249771524177,1.3837218821019228,0.08256358406345257,-0.11990933765214914,0.3666277966901919,-0.7072704994228122,0.7775946087356909,-1.3672333297413855,-0.7361235511827796,-0.07326830956410954,1.3452816094393218,-0.13310347641241707,-0.2006027135712599,-0.06231769528497558,-0.2568645196271742,-0.18439088914585774,-0.34151232707830076,-0.06231769528497557,-0.04402254531628119,-0.17285970637383774,-0.7060812450686401,2.446729753464098,-0.44044906750083573,-0.4744665250703386,-0.36574845156823477,-0.3758727885879516,-0.3415123270783008,0.0
-0.2895238339690686,-0.24400101447758565,-0.17130014637464674,-0.3262092629971113,0.6313294663224444,-0.9268063112633463,-0.18775503802541343,1.2091881335932018,-1.518281840005586,-0.07326830956410954,-0.7433387871977033,-0.13310347641241707,-0.2006027135712599,-0.06231769528497558,-0.2568645196271742,-0.18439088914585774,-0.34151232707830076,-0.06231769528497557,-0.04402254531628119,-0.17285970637383774,1.4162676136551213,-0.4087088075763956,-0.44044906750083573,2.1076302482071885,-0.36574845156823477,-0.3758727885879516,-0.3415123270783008,0.0
-0.7221360367494402,-0.24400101447758565,-1.2230213153324927,-1.607769405291573,-2.0891258029773194,-1.4097850973125217,-1.0669127520399913,0.2276942427990733,-1.238939593997441,-0.07326830956410954,-0.7433387871977033,-0.13310347641241707,4.984977432245808,-0.06231769528497558,-0.2568645196271742,-0.18439088914585774,-0.34151232707830076,-0.06231769528497557,-0.04402254531628119,-0.17285970637383774,-0.7060812450686401,-0.4087088075763956,2.2704100741412128,-0.4744665250703386,-0.36574845156823477,-0.3758727885879516,-0.3415123270783008,0.0
-0.7221360367494402,-0.24400101447758565,-3.9248567321379957,-1.6952905857409506,-2.1484415734589373,-1.826903139809537,-0.2567085842226356,-1.2445465933921194,0.772324577261204,-0.07326830956410954,-0.7433387871977033,-0.13310347641241707,-0.2006027135712599,-0.06231769528497558,-0.2568645196271742,-0.18439088914585774,2.9281519895787635,-0.06231769528497557,-0.04402254531628119,-0.17285970637383774,-0.7060812450686401,-0.4087088075763956,2.2704100741412128,-0.4744665250703386,-0.36574845156823477,-0.3758727885879516,-0.3415123270783008,0.0
-0.7221360367494402,-0.24400101447758565,0.1369629548716191,0.49273892549349596,0.2157155643083896,0.34650139741175223,-1.256535004082351,2.6200856016097616,0.2695085344465426,-0.07326830956410954,1.3452816094393218,-0.13310347641241707,-0.2006027135712599,-0.06231769528497558,-0.2568645196271742,-0.18439088914585774,-0.34151232707830076,-0.06231769528497557,-0.04402254531628119,-0.17285970637383774,-0.7060812450686401,-0.4087088075763956,-0.44044906750083573,2.1076302482071885,-0.36574845156823477,-0.3758727885879516,-0.3415123270783008,0.0
-0.7221360367494402,-0.24400101447758565,0.1369629548716191,0.49273892549349596,0.2157155643083896,0.34650139741175223,0.15701269296069537,-0.324396070772624,0.772324577261204,-0.07326830956410954,1.3452816094393218,-0.13310347641241707,-0.2006027135712599,-0.06231769528497558,-0.2568645196271742,-0.18439088914585774,-0.34151232707830076,-0.06231769528497557,-0.04402254531628119,-0.17285970637383774,-0.7060812450686401,-0.4087088075763956,-0.44044906750083573,2.1076302482071885,-0.36574845156823477,-0.3758727885879516,-0.3415123270783008,0.0
-0.7221360367494402,-0.24400101447758565,0.1369629548716191,0.49273892549349596,0.2157155643083896,0.34650139741175223,0.15701269296069537,-0.324396070772624,0.772324577261204,-0.07326830956410954,1.3452816094393218,-0.13310347641241707,-0.2006027135712599,-0.06231769528497558,-0.2568645196271742,-0.18439088914585774,-0.34151232707830076,-0.06231769528497557,-0.04402254531628119,-0.17285970637383774,-0.7060812450686401,-0.4087088075763956,-0.44044906750083573,2.1076302482071885,-0.36574845156823477,-0.3758727885879516,-0.3415123270783008,0.0
-0.7221360367494402,-0.24400101447758565,-0.3344982587991412,0.5693199583867017,0.26857519650629375,-0.004755901533102472,-0.7738601807017985,1.3318748699424678,0.772324577261204,-0.07326830956410954,1.3452816094393218,-0.13310347641241707,-0.2006027135712599,-0.06231769528497558,-0.2568645196271742,-0.18439088914585774,-0.34151232707830076,-0.06231769528497557,-0.04402254531628119,-0.17285970637383774,-0.7060812450686401,-0.4087088075763956,-0.44044906750083573,-0.4744665250703386,-0.36574845156823477,2.660474581724095,-0.3415123270783008,0.0
-1.1547482395298116,-0.24400101447758565,0.7534891573641482,-0.04020254831432296,0.4001190140369558,1.7515305931911715,0.20872785260861182,-0.26305270259799096,-0.009833711561602487,-0.07326830956410954,1.3452816094393218,-0.13310347641241707,-0.2006027135712599,-0.06231769528497558,-0.2568645196271742,-0.18439088914585774,-0.34151232707830076,-0.06231769528497557,-0.04402254531628119,-0.17285970637383774,-0.7060812450686401,-0.4087088075763956,-0.44044906750083573,-0.4744665250703386,-0.36574845156823477,2.660474581724095,-0.3415123270783008,0.0
-1.1547482395298116,-0.24400101447758565,0.33642731450155444,0.15984586414139784,0.5102768735028168,-0.09257022626931626,0.8982633145808294,-0.9378297525189543,0.2695085344465426,-0.07326830956410954,-0.7433387871977033,-0.13310347641241707,-0.2006027135712599,-0.06231769528497558,-0.2568645196271742,-0.18439088914585774,-0.34151232707830076,-0.06231769528497557,-0.04402254531628119,-0.17285970637383774,1.4162676136551213,-0.4087088075763956,2.2704100741412128,-0.4744665250703386,-0.36574845156823477,-0.3758727885879516,-0.3415123270783008,0.0
-1.1547482395298116,-0.24400101447758565,-1.5494175401814816,-1.6749731688509166,-2.173459109308327,-1.3439243537603613,-2.3425533566885934,2.0679952880380643,-0.5126497543762636,-0.07326830956410954,-0.7433387871977033,-0.13310347641241707,-0.2006027135712599,16.046806535881213,-0.2568645196271742,-0.18439088914585774,-0.34151232707830076,-0.06231769528497557,-0.04402254531628119,-0.17285970637383774,-0.7060812450686401,-0.4087088075763956,2.2704100741412128,-0.4744665250703386,-0.36574845156823477,-0.3758727885879516,-0.3415123270783008,0.0
-0.2895238339690686,0.5698604338121686,-0.8603588432780629,-1.4280384097258862,-1.9797749607969228,-1.3658779349444148,-1.0669127520399913,0.4730677154976054,1.2751406200758648,-0.07326830956410954,-0.7433387871977033,-0.13310347641241707,-0.2006027135712599,-0.06231769528497558,-0.2568645196271742,-0.18439088914585774,2.9281519895787635,-0.06231769528497557,-0.04402254531628119,-0.17285970637383774,-0.7060812450686401,-0.4087088075763956,-0.44044906750083573,-0.4744665250703386,-0.36574845156823477,-0.3758727885879516,-0.3415123270783008,0.0
-0.2895238339690686,0.5698604338121686,0.1369629548716191,-1.2529960488271306,-1.9111784915324672,-0.3340596192939039,-0.11880149182819193,-0.9378297525189543,-0.5126497543762636,-0.07326830956410954,-0.7433387871977033,-0.13310347641241707,-0.2006027135712599,-0.06231769528497558,-0.2568645196271742,-0.18439088914585774,2.9281519895787635,-0.06231769528497557,-0.04402254531628119,-0.17285970637383774,-0.7060812450686401,-0.4087088075763956,-0.44044906750083573,-0.4744665250703386,2.734119572378935,-0.3758727885879516,-0.3415123270783008,0.0
-0.2895238339690686,0.5698604338121686,-0.08063452836103929,-0.17617295365532076,0.33596113984255327,-0.597502593502545,0.43282687774958206,-0.6924562798204221,-0.5126497543762636,-0.07326830956410954,1.3452816094393218,-0.13310347641241707,-0.2006027135712599,-0.06231769528497558,-0.2568645196271742,-0.18439088914585774,-0.34151232707830076,-0.06231769528497557,-0.04402254531628119,-0.17285970637383774,-0.7060812450686401,-0.4087088075763956,-0.44044906750083573,2.1076302482071885,-0.36574845156823477,-0.3758727885879516,-0.3415123270783008,0.0
-0.2895238339690686,0.5698604338121686,0.33642731450155444,-0.3574668274433177,0.6079259650439832,-0.42187394403011763,0.2432046257072226,0.04366413827517421,-0.5126497543762636,-0.07326830956410954,-0.7433387871977033,-0.13310347641241707,-0.2006027135712599,-0.06231769528497558,-0.2568645196271742,-0.18439088914585774,-0.34151232707830076,-0.06231769528497557,-0.04402254531628119,-0.17285970637383774,1.4162676136551213,-0.4087088075763956,2.2704100741412128,-0.4744665250703386,-0.36574845156823477,-0.3758727885879516,-0.3415123270783008,0.0
-0.2895238339690686,0.5698604338121686,-0.37076450600458466,-0.2980774549955256,0.6535224416727095,-0.42187394403011763,-0.2567085842226356,0.7184411881961376,0.772324577261204,-0.07326830956410954,-0.7433387871977033,-0.13310347641241707,-0.2006027135712599,-0.06231769528497558,-0.2568645196271742,-0.18439088914585774,-0.34151232707830076,-0.06231769528497557,-0.04402254531628119,-0.17285970637383774,1.4162676136551213,2.446729753464098,-0.44044906750083573,-0.4744665250703386,-0.36574845156823477,-0.3758727885879516,-0.3415123270783008,0.0
-0.2895238339690686,-0.24400101447758565,-0.8603588432780629,-1.4280384097258862,-1.9797749607969228,-1.3658779349444148,-0.8945288865469367,-0.07902259807409186,0.9957983740677198,-0.07326830956410954,-0.7433387871977033,-0.13310347641241707,-0.2006027135712599,-0.06231769528497558,-0.2568645196271742,-0.18439088914585774,2.9281519895787635,-0.06231769528497557,-0.04402254531628119,-0.17285970637383774,-0.7060812450686401,-0.4087088075763956,-0.44044906750083573,-0.4744665250703386,-0.36574845156823477,-0.3758727885879516,-0.3415123270783008,0.0
-0.7221360367494402,-0.24400101447758565,0.19136232567978306,-1.2123612150470622,-1.8982662149650402,-0.004755901533102472,-0.015371172532359034,-1.6126068024399176,0.2695085344465426,-0.07326830956410954,-0.7433387871977033,-0.13310347641241707,-0.2006027135712599,-0.06231769528497558,-0.2568645196271742,-0.18439088914585774,2.9281519895787635,-0.06231769528497557,-0.04402254531628119,-0.17285970637383774,-0.7060812450686401,-0.4087088075763956,-0.44044906750083573,-0.4744665250703386,-0.36574845156823477,-0.3758727885879516,-0.3415123270783008,0.0
-0.7221360367494402,-0.24400101447758565,-0.17130014637464674,-0.3262092629971113,0.6313294663224444,-0.9268063112633463,0.6741642894398586,-0.324396070772624,-0.2333075083681185,-0.07326830956410954,-0.7433387871977033,-0.13310347641241707,-0.2006027135712599,-0.06231769528497558,-0.2568645196271742,-0.18439088914585774,-0.34151232707830076,-0.06231769528497557,-0.04402254531628119,-0.17285970637383774,1.4162676136551213,-0.4087088075763956,-0.44044906750083573,2.1076302482071885,-0.36574845156823477,-0.3758727885879516,-0.3415123270783008,0.0
-0.7221360367494402,-0.24400101447758565,0.20949544928250352,-0.505940258562798,0.7116276862261306,0.039151260835004226,0.0018672140169460397,-0.569769543471156,-0.7361235511827796,-0.07326830956410954,-0.7433387871977033,-0.13310347641241707,-0.2006027135712599,-0.06231769528497558,-0.2568645196271742,-0.18439088914585774,-0.34151232707830076,-0.06231769528497557,-0.04402254531628119,-0.17285970637383774,1.4162676136551213,2.446729753464098,-0.44044906750083573,-0.4744665250703386,-0.36574845156823477,-0.3758727885879516,-0.3415123270783008,0.0
-0.7221360367494402,-0.24400101447758565,-0.4614301240181921,-1.3311399599426463,-1.9382135705955172,-1.1463421231038806,-0.5325227690115223,-1.0605164888682204,2.001430459697042,-0.07326830956410954,-0.7433387871977033,-0.13310347641241707,-0.2006027135712599,-0.06231769528497558,-0.2568645196271742,-0.18439088914585774,2.9281519895787635,-0.06231769528497557,-0.04402254531628119,-0.17285970637383774,-0.7060812450686401,-0.4087088075763956,-0.44044906750083573,-0.4744665250703386,-0.36574845156823477,2.660474581724095,-0.3415123270783008,0.0
-0.7221360367494402,0.5698604338121686,-0.4614301240181921,-1.3311399599426463,-1.9382135705955172,-1.1463421231038806,-0.5842379286594387,-1.0605164888682204,1.2751406200758648,-0.07326830956410954,-0.7433387871977033,-0.13310347641241707,-0.2006027135712599,-0.06231769528497558,-0.2568645196271742,-0.18439088914585774,2.9281519895787635,-0.06231769528497557,-0.04402254531628119,-0.17285970637383774,-0.7060812450686401,-0.4087088075763956,-0.44044906750083573,-0.4744665250703386,-0.36574845156823477,2.660474581724095,-0.3415123270783008,0.0
-0.7221360367494402,-0.24400101447758565,0.19136232567978306,-1.1732892594893043,-1.8849504297548811,-0.2681988757417436,-1.256535004082351,-0.8764863843443212,1.2751406200758648,-0.07326830956410954,-0.7433387871977033,-0.13310347641241707,-0.2006027135712599,-0.06231769528497558,-0.2568645196271742,-0.18439088914585774,2.9281519895787635,-0.06231769528497557,-0.04402254531628119,-0.17285970637383774,-0.7060812450686401,-0.4087088075763956,2.2704100741412128,-0.4744665250703386,-0.36574845156823477,-0.3758727885879516,-0.3415123270783008,0.0
-0.7221360367494402,-0.24400101447758565,0.19136232567978306,-1.1732892594893043,-1.8849504297548811,-0.2681988757417436,-0.6359530883073552,-1.0605164888682204,0.49298233125305885,-0.07326830956410954,-0.7433387871977033,-0.13310347641241707,-0.2006027135712599,-0.06231769528497558,-0.2568645196271742,-0.18439088914585774,2.9281519895787635,-0.06231769528497557,-0.04402254531628119,-0.17285970637383774,-0.7060812450686401,-0.4087088075763956,2.2704100741412128,-0.4744665250703386,-0.36574845156823477,-0.3758727885879516,-0.3415123270783008,0.0
-0.7221360367494402,-0.24400101447758565,-0.09876765196376233,-1.1123370088192017,-1.86154692847642,-0.6194561746865983,-1.4289188695754054,-0.8764863843443212,-0.009833711561602487,-0.07326830956410954,-0.7433387871977033,-0.13310347641241707,-0.2006027135712599,-0.06231769528497558,-0.2568645196271742,-0.18439088914585774,2.9281519895787635,-0.06231769528497557,-0.04402254531628119,-0.17285970637383774,-0.7060812450686401,2.446729753464098,-0.44044906750083573,-0.4744665250703386,-0.36574845156823477,-0.3758727885879516,-0.3415123270783008,0.0
-0.7221360367494402,-0.24400101447758565,0.4270929325151619,-0.5559523616767282,-0.3282140860944702,-0.29015245692579694,0.12253591986208462,-0.5084261752965231,-0.5126497543762636,-0.07326830956410954,1.3452816094393218,-0.13310347641241707,-0.2006027135712599,-0.06231769528497558,-0.2568645196271742,-0.18439088914585774,-0.34151232707830076,-0.06231769528497557,-0.04402254531628119,-0.17285970637383774,-0.7060812450686401,-0.4087088075763956,-0.44044906750083573,-0.4744665250703386,2.734119572378935,-0.3758727885879516,-0.3415123270783008,0.3435897043900769
-0.7221360367494402,-0.24400101447758565,0.15509607847433957,0.5396252721628055,0.24315415201417212,0.3684549785958056,-1.4806340292233215,1.8226218153395322,-1.0154657971909247,-0.07326830956410954,1.3452816094393218,-0.13310347641241707,-0.2006027135712599,-0.06231769528497558,-0.2568645196271742,-0.18439088914585774,-0.34151232707830076,-0.06231769528497557,-0.04402254531628119,-0.17285970637383774,-0.7060812450686401,2.446729753464098,-0.44044906750083573,-0.4744665250703386,-0.36574845156823477,-0.3758727885879516,-0.3415123270783008,0.0
-0.7221360367494402,-0.24400101447758565,0.15509607847433957,0.5396252721628055,0.24315415201417212,0.3684549785958056,-0.30842374387055144,-0.07902259807409186,0.772324577261204,-0.07326830956410954,1.3452816094393218,-0.13310347641241707,-0.2006027135712599,-0.06231769528497558,-0.2568645196271742,-0.18439088914585774,-0.34151232707830076,-0.06231769528497557,-0.04402254531628119,-0.17285970637383774,-0.7060812450686401,2.446729753464098,-0.44044906750083573,-0.4744665250703386,-0.36574845156823477,-0.3758727885879516,-0.3415123270783008,0.0
-0.7221360367494402,-0.24400101447758565,0.318294190898834,0.20673221081070742,0.5356979179949388,-0.1145238074533696,0.6224491297919421,-0.14036596624872488,0.772324577261204,-0.07326830956410954,-0.7433387871977033,-0.13310347641241707,-0.2006027135712599,-0.06231769528497558,-0.2568645196271742,-0.18439088914585774,-0.34151232707830076,-0.06231769528497557,-0.04402254531628119,-0.17285970637383774,1.4162676136551213,-0.4087088075763956,-0.44044906750083573,2.1076302482071885,-0.36574845156823477,-0.3758727885879516,-0.3415123270783008,0.0
-0.7221360367494402,-0.24400101447758565,-1.1323556973188853,-0.5856470479006242,0.5001891574345144,-1.278063610208201,-0.17051665147610837,0.04366413827517421,-0.5126497543762636,-0.07326830956410954,-0.7433387871977033,-0.13310347641241707,-0.2006027135712599,-0.06231769528497558,-0.2568645196271742,-0.18439088914585774,-0.34151232707830076,-0.06231769528497557,-0.04402254531628119,-0.17285970637383774,1.4162676136551213,-0.4087088075763956,-0.44044906750083573,-0.4744665250703386,-0.36574845156823477,2.660474581724095,-0.3415123270783008,0.0
-0.7221360367494402,-0.24400101447758565,0.6628235393505407,-0.402790295890317,0.5825049205518611,1.510041200166584,0.15701269296069537,0.3503809791483394,0.772324577261204,-0.07326830956410954,-0.7433387871977033,-0.13310347641241707,-0.2006027135712599,-0.06231769528497558,-0.2568645196271742,-0.18439088914585774,-0.34151232707830076,-0.06231769528497557,-0.04402254531628119,-0.17285970637383774,1.4162676136551213,-0.4087088075763956,-0.44044906750083573,-0.4744665250703386,-0.36574845156823477,-0.3758727885879516,-0.3415123270783008,0.0
-0.7221360367494402,-0.24400101447758565,0.35456043810427496,-1.0060612897021002,0.5804873773382007,-0.04866306390120917,0.294919785355139,-1.2445465933921194,0.772324577261204,-0.07326830956410954,-0.7433387871977033,-0.13310347641241707,-0.2006027135712599,-0.06231769528497558,-0.2568645196271742,-0.18439088914585774,-0.34151232707830076,-0.06231769528497557,-0.04402254531628119,5.785038173311103,-0.7060812450686401,-0.4087088075763956,-0.44044906750083573,2.1076302482071885,-0.36574845156823477,-0.3758727885879516,-0.3415123270783008,0.0
-0.7221360367494402,0.5698604338121686,-0.5520957420317996,-0.9169772310304118,-1.7921434419265,-0.8828991488952395,-1.7047330543642925,0.28903761097370634,-1.0154657971909247,-0.07326830956410954,-0.7433387871977033,-0.13310347641241707,-0.2006027135712599,-0.06231769528497558,-0.2568645196271742,-0.18439088914585774,2.9281519895787635,-0.06231769528497557,-0.04402254531628119,-0.17285970637383774,-0.7060812450686401,2.446729753464098,-0.44044906750083573,-0.4744665250703386,-0.36574845156823477,-0.3758727885879516,-0.3415123270783008,0.0
-0.7221360367494402,0.5698604338121686,0.5177585505287694,0.6005775228329081,0.7289785578636108,-0.20233813218958338,-0.29118535732124634,-0.07902259807409186,-0.5126497543762636,-0.07326830956410954,-0.7433387871977033,-0.13310347641241707,-0.2006027135712599,-0.06231769528497558,-0.2568645196271742,-0.18439088914585774,-0.34151232707830076,-0.06231769528497557,-0.04402254531628119,-0.17285970637383774,1.4162676136551213,-0.4087088075763956,-0.44044906750083573,-0.4744665250703386,-0.36574845156823477,-0.3758727885879516,-0.3415123270783008,0.2851789422336624
-0.7221360367494402,0.5698604338121686,0.1369629548716191,-1.1404688168207875,0.5078558216464241,-0.8389919865271326,-0.5152843824622169,0.10500750644980723,-0.2333075083681185,-0.07326830956410954,-0.7433387871977033,-0.13310347641241707,-0.2006027135712599,-0.06231769528497558,-0.2568645196271742,-0.18439088914585774,-0.34151232707830076,-0.06231769528497557,-0.04402254531628119,5.785038173311103,-0.7060812450686401,-0.4087088075763956,-0.44044906750083573,-0.4744665250703386,-0.36574845156823477,-0.3758727885879516,2.9281519895787644,0.0
-1.1547482395298116,0.5698604338121686,0.35456043810427496,-1.0060612897021002,0.5804873773382007,-0.04866306390120917,-0.6014763152087441,-0.569769543471156,-1.741755636812102,-0.07326830956410954,-0.7433387871977033,-0.13310347641241707,-0.2006027135712599,-0.06231769528497558,-0.2568645196271742,-0.18439088914585774,-0.34151232707830076,-0.06231769528497557,-0.04402254531628119,5.785038173311103,-0.7060812450686401,-0.4087088075763956,-0.44044906750083573,2.1076302482071885,-0.36574845156823477,-0.3758727885879516,-0.3415123270783008,0.0
-0.2895238339690686,1.3837218821019228,-4.069921720959767,-1.39678084527968,-1.8591258766200274,-1.8049495586254831,-0.6014763152087441,-0.26305270259799096,-0.7361235511827796,-0.07326830956410954,-0.7433387871977033,-0.13310347641241707,4.984977432245808,-0.06231769528497558,-0.2568645196271742,-0.18439088914585774,-0.34151232707830076,-0.06231769528497557,-0.04402254531628119,-0.17285970637383774,-0.7060812450686401,-0.4087088075763956,2.2704100741412128,-0.4744665250703386,-0.36574845156823477,-0.3758727885879516,-0.3415123270783008,0.0
-0.2895238339690686,1.3837218821019228,-0.624628236442684,-1.359271767944232,-1.9499153212347482,-1.0804813795517203,-0.8428137268990203,-0.324396070772624,-0.5126497543762636,-0.07326830956410954,-0.7433387871977033,-0.13310347641241707,-0.2006027135712599,-0.06231769528497558,-0.2568645196271742,-0.18439088914585774,2.9281519895787635,-0.06231769528497557,-0.04402254531628119,-0.17285970637383774,-0.7060812450686401,2.446729753464098,-0.44044906750083573,-0.4744665250703386,-0.36574845156823477,-0.3758727885879516,-0.3415123270783008,0.0
-0.2895238339690686,1.3837218821019228,-0.24383264078553374,-0.9310431350312048,-1.7985995802102137,0.126965585571218,-1.4289188695754054,0.10500750644980723,0.49298233125305885,-0.07326830956410954,-0.7433387871977033,-0.13310347641241707,-0.2006027135712599,-0.06231769528497558,-0.2568645196271742,-0.18439088914585774,2.9281519895787635,-0.06231769528497557,-0.04402254531628119,-0.17285970637383774,-0.7060812450686401,-0.4087088075763956,-0.44044906750083573,2.1076302482071885,-0.36574845156823477,-0.3758727885879516,-0.3415123270783008,0.0
-0.2895238339690686,1.3837218821019228,0.5540247977342129,-0.4684311812273502,0.5538558069178829,1.949112823847652,-0.2222318111240242,-0.14036596624872488,-0.5126497543762636,-0.07326830956410954,-0.7433387871977033,-0.13310347641241707,-0.2006027135712599,-0.06231769528497558,-0.2568645196271742,-0.18439088914585774,-0.34151232707830076,-0.06231769528497557,-0.04402254531628119,-0.17285970637383774,1.4162676136551213,-0.4087088075763956,-0.44044906750083573,-0.4744665250703386,2.734119572378935,-0.3758727885879516,-0.3415123270783008,0.0
-0.7221360367494402,0.5698604338121686,-0.4614301240181921,-1.3311399599426463,-1.9382135705955172,-1.1463421231038806,-0.6876682479552713,-0.385739438947257,-0.7361235511827796,-0.07326830956410954,-0.7433387871977033,-0.13310347641241707,-0.2006027135712599,-0.06231769528497558,-0.2568645196271742,-0.18439088914585774,2.9281519895787635,-0.06231769528497557,-0.04402254531628119,-0.17285970637383774,-0.7060812450686401,-0.4087088075763956,-0.44044906750083573,-0.4744665250703386,-0.36574845156823477,2.660474581724095,-0.3415123270783008,0.0
-0.7221360367494402,0.5698604338121686,0.5177585505287694,0.4458525788241864,0.18666294203167924,2.475998772264935,-0.2222318111240242,0.4730677154976054,0.9957983740677198,-0.07326830956410954,1.3452816094393218,-0.13310347641241707,-0.2006027135712599,-0.06231769528497558,-0.2568645196271742,-0.18439088914585774,-0.34151232707830076,-0.06231769528497557,-0.04402254531628119,-0.17285970637383774,-0.7060812450686401,-0.4087088075763956,2.2704100741412128,-0.4744665250703386,-0.36574845156823477,-0.3758727885879516,-0.3415123270783008,0.0
-0.7221360367494402,1.3837218821019228,0.318294190898834,0.20673221081070742,0.5356979179949388,-0.1145238074533696,-0.29118535732124634,0.8411279245454036,-1.518281840005586,-0.07326830956410954,-0.7433387871977033,-0.13310347641241707,-0.2006027135712599,-0.06231769528497558,-0.2568645196271742,-0.18439088914585774,-0.34151232707830076,-0.06231769528497557,-0.04402254531628119,-0.17285970637383774,1.4162676136551213,-0.4087088075763956,-0.44044906750083573,2.1076302482071885,-0.36574845156823477,-0.3758727885879516,-0.3415123270783008,0.0
-0.7221360367494402,1.3837218821019228,0.046297336858011656,0.24424128814615514,0.5591014192734,-0.44382752521417096,-0.5669995421101334,1.3318748699424678,-0.5126497543762636,-0.07326830956410954,-0.7433387871977033,-0.13310347641241707,-0.2006027135712599,-0.06231769528497558,-0.2568645196271742,-0.18439088914585774,-0.34151232707830076,-0.06231769528497557,-0.04402254531628119,-0.17285970637383774,1.4162676136551213,2.446729753464098,-0.44044906750083573,-0.4744665250703386,-0.36574845156823477,-0.3758727885879516,-0.3415123270783008,0.2851789422336624
1.8735371799327891,3.8253062269711857,-0.8784919668807859,-0.9779294817005144,-0.9463893267600354,-1.1243885419198272,-0.1532782649268027,-0.14036596624872488,-0.7361235511827796,-0.07326830956410954,-0.7433387871977033,-0.13310347641241707,-0.2006027135712599,-0.06231769528497558,3.8931028755993595,-0.18439088914585774,-0.34151232707830076,-0.06231769528497557,-0.04402254531628119,-0.17285970637383774,-0.7060812450686401,-0.4087088075763956,-0.44044906750083573,-0.4744665250703386,-0.36574845156823477,2.660474581724095,-0.3415123270783008,0.0
-1.5873604423101833,-0.24400101447758565,0.06443046046073211,0.2911276348154647,0.5837154464800577,-0.44382752521417096,0.4845420373974985,-0.385739438947257,-1.0154657971909247,-0.07326830956410954,-0.7433387871977033,-0.13310347641241707,-0.2006027135712599,-0.06231769528497558,-0.2568645196271742,-0.18439088914585774,-0.34151232707830076,-0.06231769528497557,-0.04402254531628119,-0.17285970637383774,1.4162676136551213,-0.4087088075763956,-0.44044906750083573,-0.4744665250703386,-0.36574845156823477,2.660474581724095,-0.3415123270783008,0.0
-1.1547482395298116,0.5698604338121686,0.046297336858011656,0.24424128814615514,0.5591014192734,-0.44382752521417096,0.5190188104961093,-0.324396070772624,-1.238939593997441,-0.07326830956410954,-0.7433387871977033,-0.13310347641241707,-0.2006027135712599,-0.06231769528497558,-0.2568645196271742,-0.18439088914585774,-0.34151232707830076,-0.06231769528497557,-0.04402254531628119,-0.17285970637383774,1.4162676136551213,2.446729753464098,-0.44044906750083573,-0.4744665250703386,-0.36574845156823477,-0.3758727885879516,-0.3415123270783008,0.0
-1.5873604423101833,-1.871723911057094,0.8804210225831992,-0.17148431898838962,-0.13977554993858354,0.9172945081971412,0.7603562221863858,-0.8151430161696882,0.2695085344465426,-0.07326830956410954,1.3452816094393218,-0.13310347641241707,-0.2006027135712599,-0.06231769528497558,-0.2568645196271742,-0.18439088914585774,-0.34151232707830076,-0.06231769528497557,-0.04402254531628119,-0.17285970637383774,-0.7060812450686401,-0.4087088075763956,-0.44044906750083573,-0.4744665250703386,-0.36574845156823477,-0.3758727885879516,2.9281519895787644,1.9600947840472698
1.4409249771524177,1.3837218821019228,-0.09876765196376233,-0.04489118298125387,-0.07319662388778837,0.7636194399087675,0.3983501046509713,0.4117243473229724,2.7277202993182197,-0.07326830956410954,1.3452816094393218,-0.13310347641241707,-0.2006027135712599,-0.06231769528497558,-0.2568645196271742,-0.18439088914585774,-0.34151232707830076,-0.06231769528497557,-0.04402254531628119,-0.17285970637383774,-0.7060812450686401,-0.4087088075763956,-0.44044906750083573,-0.4744665250703386,-0.36574845156823477,-0.3758727885879516,-0.3415123270783008,1.0116009116784799
-1.5873604423101833,-1.871723911057094,-0.11690077556648279,-0.9310431350312048,-1.0153893046672229,-0.0706166450852629,-0.39461567661707864,0.5344110836722384,0.772324577261204,-0.07326830956410954,-0.7433387871977033,-0.13310347641241707,-0.2006027135712599,-0.06231769528497558,3.8931028755993595,-0.18439088914585774,-0.34151232707830076,-0.06231769528497557,-0.04402254531628119,-0.17285970637383774,-0.7060812450686401,-0.4087088075763956,2.2704100741412128,-0.4744665250703386,-0.36574845156823477,-0.3758727885879516,-0.3415123270783008,1.8547342683894434
-1.1547482395298116,0.5698604338121686,0.8804210225831992,-0.17148431898838962,-0.13977554993858354,0.9172945081971412,0.846548154932913,-0.7537996479950552,0.772324577261204,-0.07326830956410954,1.3452816094393218,-0.13310347641241707,-0.2006027135712599,-0.06231769528497558,-0.2568645196271742,-0.18439088914585774,-0.34151232707830076,-0.06231769528497557,-0.04402254531628119,-0.17285970637383774,-0.7060812450686401,-0.4087088075763956,-0.44044906750083573,-0.4744665250703386,-0.36574845156823477,-0.3758727885879516,2.9281519895787644,1.534714366238164
0.5757005715916745,0.5698604338121686,0.8260216517750352,0.32551095570629157,0.1245226110509367,0.3025942350436456,1.4671300707079085,-1.3672333297413855,-0.009833711561602487,-0.07326830956410954,1.3452816094393218,-0.13310347641241707,-0.2006027135712599,-0.06231769528497558,-0.2568645196271742,-0.18439088914585774,-0.34151232707830076,-0.06231769528497557,-0.04402254531628119,-0.17285970637383774,-0.7060812450686401,-0.4087088075763956,-0.44044906750083573,-0.4744665250703386,2.734119572378935,-0.3758727885879516,-0.3415123270783008,1.0116009116784799
0.14308836881130294,-0.24400101447758565,-0.09876765196376233,-1.1123370088192017,-1.86154692847642,-0.6194561746865983,-0.980720819293464,-0.26305270259799096,0.772324577261204,-0.07326830956410954,-0.7433387871977033,-0.13310347641241707,-0.2006027135712599,-0.06231769528497558,-0.2568645196271742,-0.18439088914585774,2.9281519895787635,-0.06231769528497557,-0.04402254531628119,-0.17285970637383774,-0.7060812450686401,2.446729753464098,-0.44044906750083573,-0.4744665250703386,-0.36574845156823477,-0.3758727885879516,-0.3415123270783008,0.5364933705145685
1.4409249771524177,-1.0578624627673399,-1.1323556973188853,-0.5856470479006242,0.5001891574345144,-1.278063610208201,0.9155017011301345,-0.9991731206935873,-0.2333075083681185,-0.07326830956410954,-0.7433387871977033,-0.13310347641241707,-0.2006027135712599,-0.06231769528497558,-0.2568645196271742,-0.18439088914585774,-0.34151232707830076,-0.06231769528497557,-0.04402254531628119,-0.17285970637383774,1.4162676136551213,-0.4087088075763956,-0.44044906750083573,-0.4744665250703386,-0.36574845156823477,2.660474581724095,-0.3415123270783008,1.998773638612381
-1.1547482395298116,-1.871723911057094,0.7534891573641482,-0.04020254831432296,0.4001190140369558,1.7515305931911715,-0.2567085842226356,-0.07902259807409186,1.4986144168823812,-0.07326830956410954,1.3452816094393218,-0.13310347641241707,-0.2006027135712599,-0.06231769528497558,-0.2568645196271742,-0.18439088914585774,-0.34151232707830076,-0.06231769528497557,-0.04402254531628119,-0.17285970637383774,-0.7060812450686401,-0.4087088075763956,-0.44044906750083573,-0.4744665250703386,-0.36574845156823477,2.660474581724095,-0.3415123270783008,1.5496879080283263
1.4409249771524177,1.3837218821019228,0.5540247977342129,-0.4684311812273502,0.5538558069178829,1.949112823847652,0.8293097683836074,-1.1832032252174864,0.2695085344465426,-0.07326830956410954,-0.7433387871977033,-0.13310347641241707,-0.2006027135712599,-0.06231769528497558,-0.2568645196271742,-0.18439088914585774,-0.34151232707830076,-0.06231769528497557,-0.04402254531628119,-0.17285970637383774,1.4162676136551213,-0.4087088075763956,-0.44044906750083573,-0.4744665250703386,2.734119572378935,-0.3758727885879516,-0.3415123270783008,1.4655675420143985
0.5757005715916745,0.5698604338121686,0.33642731450155444,-0.8513363456933786,-0.4625824641242569,-0.42187394403011763,0.7431178356370801,-0.324396070772624,0.772324577261204,-0.07326830956410954,-0.7433387871977033,-0.13310347641241707,-0.2006027135712599,-0.06231769528497558,-0.2568645196271742,5.423261445466405,-0.34151232707830076,-0.06231769528497557,-0.04402254531628119,-0.17285970637383774,-0.7060812450686401,-0.4087088075763956,-0.44044906750083573,-0.4744665250703386,-0.36574845156823477,-0.3758727885879516,-0.3415123270783008,0.7371640659767197
1.8735371799327891,3.8253062269711857,-0.09876765196376233,-0.6606652025715196,-0.7777227140980209,-0.3999203628460641,1.0189320204259675,-0.9378297525189543,-1.0154657971909247,-0.07326830956410954,-0.7433387871977033,-0.13310347641241707,-0.2006027135712599,-0.06231769528497558,3.8931028755993595,-0.18439088914585774,-0.34151232707830076,-0.06231769528497557,-0.04402254531628119,-0.17285970637383774,-0.7060812450686401,-0.4087088075763956,-0.44044906750083573,2.1076302482071885,-0.36574845156823477,-0.3758727885879516,-0.3415123270783008,0.5596157879354227
-0.7221360367494402,-0.24400101447758565,-0.09876765196376233,-0.932606013253515,-0.4997052592556093,-0.6194561746865983,0.9844552473273567,-0.07902259807409186,-1.238939593997441,-0.07326830956410954,-0.7433387871977033,-0.13310347641241707,-0.2006027135712599,-0.06231769528497558,3.8931028755993595,-0.18439088914585774,-0.34151232707830076,-0.06231769528497557,-0.04402254531628119,-0.17285970637383774,-0.7060812450686401,-0.4087088075763956,2.2704100741412128,-0.4744665250703386,-0.36574845156823477,-0.3758727885879516,-0.3415123270783008,1.4327007339340463
0.14308836881130294,-0.24400101447758565,0.6628235393505407,-0.402790295890317,0.5825049205518611,1.510041200166584,0.20872785260861182,0.16635087462444026,0.49298233125305885,-0.07326830956410954,-0.7433387871977033,-0.13310347641241707,-0.2006027135712599,-0.06231769528497558,-0.2568645196271742,-0.18439088914585774,-0.34151232707830076,-0.06231769528497557,-0.04402254531628119,-0.17285970637383774,1.4162676136551213,-0.4087088075763956,-0.44044906750083573,-0.4744665250703386,-0.36574845156823477,-0.3758727885879516,-0.3415123270783008,1.6900958154515549
-1.5873604423101833,0.5698604338121686,0.4996254269260489,0.5396252721628055,0.6999259355869,-0.20233813218958338,1.8463745747926288,-1.0605164888682204,-0.7361235511827796,-0.07326830956410954,-0.7433387871977033,-0.13310347641241707,-0.2006027135712599,-0.06231769528497558,-0.2568645196271742,-0.18439088914585774,-0.34151232707830076,-0.06231769528497557,-0.04402254531628119,-0.17285970637383774,1.4162676136551213,-0.4087088075763956,2.2704100741412128,-0.4744665250703386,-0.36574845156823477,-0.3758727885879516,-0.3415123270783008,1.3270750014599193
1.0083127743720461,-0.24400101447758565,0.7534891573641482,-0.04020254831432296,0.4001190140369558,1.7515305931911715,-0.42909244971569,0.16635087462444026,-1.518281840005586,-0.07326830956410954,1.3452816094393218,-0.13310347641241707,-0.2006027135712599,-0.06231769528497558,-0.2568645196271742,-0.18439088914585774,-0.34151232707830076,-0.06231769528497557,-0.04402254531628119,-0.17285970637383774,-0.7060812450686401,-0.4087088075763956,-0.44044906750083573,2.1076302482071885,-0.36574845156823477,-0.3758727885879516,-0.3415123270783008,1.235471471385307
-1.1547482395298116,-0.24400101447758565,0.4996254269260489,0.5396252721628055,0.6999259355869,-0.20233813218958338,1.6739907092995743,-1.0605164888682204,-1.0154657971909247,-0.07326830956410954,-0.7433387871977033,-0.13310347641241707,-0.2006027135712599,-0.06231769528497558,-0.2568645196271742,-0.18439088914585774,-0.34151232707830076,-0.06231769528497557,-0.04402254531628119,-0.17285970637383774,1.4162676136551213,-0.4087088075763956,2.2704100741412128,-0.4744665250703386,-0.36574845156823477,-0.3758727885879516,-0.3415123270783008,0.9895411936137477
-1.1547482395298116,-1.871723911057094,0.2638948200906675,0.0051209201326763805,0.4283646190282023,0.126965585571218,-0.08432471872958117,0.04366413827517421,-0.2333075083681185,-0.07326830956410954,1.3452816094393218,-0.13310347641241707,-0.2006027135712599,-0.06231769528497558,-0.2568645196271742,-0.18439088914585774,-0.34151232707830076,-0.06231769528497557,-0.04402254531628119,-0.17285970637383774,-0.7060812450686401,-0.4087088075763956,-0.44044906750083573,-0.4744665250703386,-0.36574845156823477,-0.3758727885879516,2.9281519895787644,1.3056264580524357
-1.1547482395298116,-0.24400101447758565,0.2638948200906675,0.0051209201326763805,0.4283646190282023,0.126965585571218,0.27768139880583337,-0.569769543471156,-0.009833711561602487,-0.07326830956410954,1.3452816094393218,-0.13310347641241707,-0.2006027135712599,-0.06231769528497558,-0.2568645196271742,-0.18439088914585774,-0.34151232707830076,-0.06231769528497557,-0.04402254531628119,-0.17285970637383774,-0.7060812450686401,-0.4087088075763956,-0.44044906750083573,-0.4744665250703386,-0.36574845156823477,-0.3758727885879516,2.9281519895787644,1.9213246735826988
1.0083127743720461,-0.24400101447758565,0.318294190898834,0.10983376102746781,0.48445232036796293,0.697758696356607,0.019105600566251726,-0.6311129116457891,0.9957983740677198,-0.07326830956410954,-0.7433387871977033,-0.13310347641241707,-0.2006027135712599,-0.06231769528497558,-0.2568645196271742,-0.18439088914585774,-0.34151232707830076,-0.06231769528497557,-0.04402254531628119,-0.17285970637383774,1.4162676136551213,-0.4087088075763956,-0.44044906750083573,-0.4744665250703386,-0.36574845156823477,-0.3758727885879516,-0.3415123270783008,0.6678293725756554
1.0083127743720461,-0.24400101447758565,-0.09876765196376233,-1.1123370088192017,-1.86154692847642,-0.6194561746865983,-0.48080760936360584,-0.9378297525189543,-0.5126497543762636,-0.07326830956410954,-0.7433387871977033,-0.13310347641241707,-0.2006027135712599,-0.06231769528497558,-0.2568645196271742,-0.18439088914585774,2.9281519895787635,-0.06231769528497557,-0.04402254531628119,-0.17285970637383774,-0.7060812450686401,2.446729753464098,-0.44044906750083573,-0.4744665250703386,-0.36574845156823477,-0.3758727885879516,-0.3415123270783008,0.6418538861723948
0.5757005715916745,-0.24400101447758565,0.8260216517750352,0.32551095570629157,0.1245226110509367,0.3025942350436456,0.2432046257072226,-0.20170933442335792,-0.009833711561602487,-0.07326830956410954,1.3452816094393218,-0.13310347641241707,-0.2006027135712599,-0.06231769528497558,-0.2568645196271742,-0.18439088914585774,-0.34151232707830076,-0.06231769528497557,-0.04402254531628119,-0.17285970637383774,-0.7060812450686401,-0.4087088075763956,-0.44044906750083573,-0.4744665250703386,2.734119572378935,-0.3758727885879516,-0.3415123270783008,1.4586150226995167
0.5757005715916745,-1.0578624627673399,-0.008102033950154875,-0.9497976736989285,-1.8058627357793913,-0.2681988757417436,-0.6359530883073552,-0.8151430161696882,2.504246502511703,-0.07326830956410954,-0.7433387871977033,-0.13310347641241707,-0.2006027135712599,-0.06231769528497558,-0.2568645196271742,-0.18439088914585774,2.9281519895787635,-0.06231769528497557,-0.04402254531628119,-0.17285970637383774,-0.7060812450686401,-0.4087088075763956,2.2704100741412128,-0.4744665250703386,-0.36574845156823477,-0.3758727885879516,-0.3415123270783008,1.5644405465033644
1.4409249771524177,1.3837218821019228,0.33642731450155444,0.15984586414139784,0.5102768735028168,-0.09257022626931626,-0.18775503802541343,0.7184411881961376,-1.238939593997441,-0.07326830956410954,-0.7433387871977033,-0.13310347641241707,-0.2006027135712599,-0.06231769528497558,-0.2568645196271742,-0.18439088914585774,-0.34151232707830076,-0.06231769528497557,-0.04402254531628119,-0.17285970637383774,1.4162676136551213,-0.4087088075763956,2.2704100741412128,-0.4744665250703386,-0.36574845156823477,-0.3758727885879516,-0.3415123270783008,1.916922612182061
1.4409249771524177,0.5698604338121686,-0.17130014637464674,-0.3262092629971113,0.6313294663224444,-0.9268063112633463,-0.18775503802541343,1.3932182381171008,-1.0154657971909247,-0.07326830956410954,-0.7433387871977033,-0.13310347641241707,-0.2006027135712599,-0.06231769528497558,-0.2568645196271742,-0.18439088914585774,-0.34151232707830076,-0.06231769528497557,-0.04402254531628119,-0.17285970637383774,1.4162676136551213,-0.4087088075763956,-0.44044906750083573,2.1076302482071885,-0.36574845156823477,-0.3758727885879516,-0.3415123270783008,1.7715567619105355
0.5757005715916745,0.5698604338121686,-1.0416900793052777,-1.4483558266159204,-1.989055659579761,-1.321970772576308,-2.3425533566885934,1.577248342641,0.2695085344465426,-0.07326830956410954,-0.7433387871977033,-0.13310347641241707,-0.2006027135712599,-0.06231769528497558,-0.2568645196271742,-0.18439088914585774,2.9281519895787635,-0.06231769528497557,-0.04402254531628119,-0.17285970637383774,-0.7060812450686401,-0.4087088075763956,-0.44044906750083573,-0.4744665250703386,2.734119572378935,-0.3758727885879516,-0.3415123270783008,0.4762341789963716
0.5757005715916745,0.5698604338121686,0.2638948200906675,0.0051209201326763805,0.4283646190282023,0.126965585571218,-0.39461567661707864,0.16635087462444026,-1.741755636812102,-0.07326830956410954,1.3452816094393218,-0.13310347641241707,-0.2006027135712599,-0.06231769528497558,-0.2568645196271742,-0.18439088914585774,-0.34151232707830076,-0.06231769528497557,-0.04402254531628119,-0.17285970637383774,-0.7060812450686401,-0.4087088075763956,-0.44044906750083573,-0.4744665250703386,-0.36574845156823477,-0.3758727885879516,2.9281519895787644,0.5822156198526637
0.5757005715916745,0.5698604338121686,0.9710866405968066,0.253618557480017,0.09103139370417325,1.6417626872709044,0.7775946087356909,-0.6924562798204221,0.2695085344465426,-0.07326830956410954,1.3452816094393218,-0.13310347641241707,-0.2006027135712599,-0.06231769528497558,-0.2568645196271742,-0.18439088914585774,-0.34151232707830076,-0.06231769528497557,-0.04402254531628119,-0.17285970637383774,-0.7060812450686401,-0.4087088075763956,-0.44044906750083573,-0.4744665250703386,-0.36574845156823477,-0.3758727885879516,2.9281519895787644,0.5709795465857378
0.5757005715916745,0.5698604338121686,0.10069670766617561,-0.9779294817005144,-1.8163539604904255,0.7636194399087675,-0.7393834076031878,-1.1218598570428533,3.0070625453263644,-0.07326830956410954,-0.7433387871977033,-0.13310347641241707,-0.2006027135712599,-0.06231769528497558,-0.2568645196271742,-0.18439088914585774,2.9281519895787635,-0.06231769528497557,-0.04402254531628119,-0.17285970637383774,-0.7060812450686401,-0.4087088075763956,-0.44044906750083573,-0.4744665250703386,-0.36574845156823477,-0.3758727885879516,-0.3415123270783008,0.8878912573524571
1.4409249771524177,1.3837218821019228,0.8260216517750352,0.32551095570629157,0.1245226110509367,0.3025942350436456,0.3121581719044441,0.04366413827517421,-1.0154657971909247,-0.07326830956410954,1.3452816094393218,-0.13310347641241707,-0.2006027135712599,-0.06231769528497558,-0.2568645196271742,-0.18439088914585774,-0.34151232707830076,-0.06231769528497557,-0.04402254531628119,-0.17285970637383774,-0.7060812450686401,-0.4087088075763956,-0.44044906750083573,-0.4744665250703386,2.734119572378935,-0.3758727885879516,-0.3415123270783008,1.5325568680981427
0.14308836881130294,-0.24400101447758565,0.40895980891244144,0.350517007263257,0.6119610514713041,0.039151260835004226,0.5190188104961093,-0.569769543471156,-1.238939593997441,-0.07326830956410954,-0.7433387871977033,-0.13310347641241707,-0.2006027135712599,-0.06231769528497558,-0.2568645196271742,-0.18439088914585774,-0.34151232707830076,-0.06231769528497557,-0.04402254531628119,-0.17285970637383774,1.4162676136551213,-0.4087088075763956,-0.44044906750083573,-0.4744665250703386,-0.36574845156823477,-0.3758727885879516,2.9281519895787644,1.5496879080283263
1.4409249771524177,1.3837218821019228,-0.9147582140862294,-0.3199577501078699,0.24880327301242133,-0.5316418499503848,-0.2567085842226356,0.3503809791483394,-0.009833711561602487,-0.07326830956410954,1.3452816094393218,-0.13310347641241707,-0.2006027135712599,-0.06231769528497558,-0.2568645196271742,-0.18439088914585774,-0.34151232707830076,-0.06231769528497557,-0.04402254531628119,-0.17285970637383774,-0.7060812450686401,-0.4087088075763956,-0.44044906750083573,-0.4744665250703386,-0.36574845156823477,-0.3758727885879516,2.9281519895787644,1.925707441737794
1.0083127743720461,-0.24400101447758565,0.1369629548716191,0.49273892549349596,0.2157155643083896,0.34650139741175223,0.20872785260861182,-0.324396070772624,0.772324577261204,-0.07326830956410954,1.3452816094393218,-0.13310347641241707,-0.2006027135712599,-0.06231769528497558,-0.2568645196271742,-0.18439088914585774,-0.34151232707830076,-0.06231769528497557,-0.04402254531628119,-0.17285970637383774,-0.7060812450686401,-0.4087088075763956,-0.44044906750083573,2.1076302482071885,-0.36574845156823477,-0.3758727885879516,-0.3415123270783008,0.6981347220709844
-0.2895238339690686,-0.24400101447758565,0.046297336858011656,0.24424128814615514,0.5591014192734,-0.44382752521417096,-0.20499342457471914,-0.324396070772624,-1.0154657971909247,-0.07326830956410954,-0.7433387871977033,-0.13310347641241707,-0.2006027135712599,-0.06231769528497558,-0.2568645196271742,-0.18439088914585774,-0.34151232707830076,-0.06231769528497557,-0.04402254531628119,-0.17285970637383774,1.4162676136551213,2.446729753464098,-0.44044906750083573,-0.4744665250703386,-0.36574845156823477,-0.3758727885879516,-0.3415123270783008,1.7387102481382397
-1.5873604423101833,-0.24400101447758565,-0.08063452836103929,-0.2183706656576992,0.30771553485130687,-0.02670948271715582,-0.8083369538004096,0.5344110836722384,-1.238939593997441,-0.07326830956410954,1.3452816094393218,-0.13310347641241707,-0.2006027135712599,-0.06231769528497558,-0.2568645196271742,-0.18439088914585774,-0.34151232707830076,-0.06231769528497557,-0.04402254531628119,-0.17285970637383774,-0.7060812450686401,-0.4087088075763956,2.2704100741412128,-0.4744665250703386,-0.36574845156823477,-0.3758727885879516,-0.3415123270783008,0.6418538861723948
-1.5873604423101833,-0.24400101447758565,-0.08063452836103929,-0.2183706656576992,0.30771553485130687,-0.02670948271715582,0.2432046257072226,-0.324396070772624,0.49298233125305885,-0.07326830956410954,1.3452816094393218,-0.13310347641241707,-0.2006027135712599,-0.06231769528497558,-0.2568645196271742,-0.18439088914585774,-0.34151232707830076,-0.06231769528497557,-0.04402254531628119,-0.17285970637383774,-0.7060812450686401,-0.4087088075763956,2.2704100741412128,-0.4744665250703386,-0.36574845156823477,-0.3758727885879516,-0.3415123270783008,0.9042181506398859
0.5757005715916745,0.5698604338121686,-1.6582162817978094,-1.5905777448461595,-1.9882486422942969,-1.3878315161284682,-2.2563614239420664,0.5957544518468715,0.9957983740677198,-0.07326830956410954,-0.7433387871977033,-0.13310347641241707,-0.2006027135712599,-0.06231769528497558,-0.2568645196271742,-0.18439088914585774,-0.34151232707830076,-0.06231769528497557,-0.04402254531628119,-0.17285970637383774,-0.7060812450686401,-0.4087088075763956,-0.44044906750083573,-0.4744665250703386,2.734119572378935,-0.3758727885879516,-0.3415123270783008,0.9001613499442714
-1.1547482395298116,0.5698604338121686,-0.08063452836103929,-0.17617295365532076,0.33596113984255327,-0.597502593502545,0.05358237366486249,-0.017679229899458825,-0.7361235511827796,-0.07326830956410954,1.3452816094393218,-0.13310347641241707,-0.2006027135712599,-0.06231769528497558,-0.2568645196271742,-0.18439088914585774,-0.34151232707830076,-0.06231769528497557,-0.04402254531628119,-0.17285970637383774,-0.7060812450686401,-0.4087088075763956,-0.44044906750083573,2.1076302482071885,-0.36574845156823477,-0.3758727885879516,-0.3415123270783008,0.8671004876833833
-1.1547482395298116,0.5698604338121686,-0.09876765196376233,-0.43717361678114386,0.7576276714975895,-0.6194561746865983,-0.10156310527888623,0.04366413827517421,-1.0154657971909247,-0.07326830956410954,-0.7433387871977033,-0.13310347641241707,-0.2006027135712599,-0.06231769528497558,-0.2568645196271742,-0.18439088914585774,-0.34151232707830076,-0.06231769528497557,-0.04402254531628119,-0.17285970637383774,1.4162676136551213,-0.4087088075763956,-0.44044906750083573,-0.4744665250703386,-0.36574845156823477,-0.3758727885879516,2.9281519895787644,1.534714366238164
1.4409249771524177,1.3837218821019228,-0.3344982587991412,0.5693199583867017,0.26857519650629375,-0.004755901533102472,-0.7738601807017985,1.3318748699424678,0.772324577261204,-0.07326830956410954,1.3452816094393218,-0.13310347641241707,-0.2006027135712599,-0.06231769528497558,-0.2568645196271742,-0.18439088914585774,-0.34151232707830076,-0.06231769528497557,-0.04402254531628119,-0.17285970637383774,-0.7060812450686401,-0.4087088075763956,-0.44044906750083573,-0.4744665250703386,-0.36574845156823477,2.660474581724095,-0.3415123270783008,1.144222799920162
-1.5873604423101833,-1.0578624627673399,0.318294190898834,0.20673221081070742,0.5356979179949388,-0.1145238074533696,0.8637865414822181,-0.7537996479950552,1.4986144168823812,-0.07326830956410954,-0.7433387871977033,-0.13310347641241707,-0.2006027135712599,-0.06231769528497558,-0.2568645196271742,-0.18439088914585774,-0.34151232707830076,-0.06231769528497557,-0.04402254531628119,-0.17285970637383774,1.4162676136551213,-0.4087088075763956,-0.44044906750083573,2.1076302482071885,-0.36574845156823477,-0.3758727885879516,-0.3415123270783008,1.1216775615991057
1.4409249771524177,1.3837218821019228,-1.0416900793052777,-1.2201756061586138,0.46911899194414364,-1.321970772576308,0.03634398711555741,-0.7537996479950552,-0.009833711561602487,-0.07326830956410954,-0.7433387871977033,-0.13310347641241707,-0.2006027135712599,-0.06231769528497558,-0.2568645196271742,-0.18439088914585774,-0.34151232707830076,-0.06231769528497557,-0.04402254531628119,5.785038173311103,-0.7060812450686401,2.446729753464098,-0.44044906750083573,-0.4744665250703386,-0.36574845156823477,-0.3758727885879516,-0.3415123270783008,1.7101878155342434
0.14308836881130294,-0.24400101447758565,-0.697160730853571,-1.4889906603959888,-2.016090738642811,-1.1243885419198272,-1.1186279116879074,0.5344110836722384,-1.0154657971909247,-0.07326830956410954,-0.7433387871977033,-0.13310347641241707,4.984977432245808,-0.06231769528497558,-0.2568645196271742,-0.18439088914585774,-0.34151232707830076,-0.06231769528497557,-0.04402254531628119,-0.17285970637383774,-0.7060812450686401,-0.4087088075763956,-0.44044906750083573,2.1076302482071885,-0.36574845156823477,-0.3758727885879516,-0.3415123270783008,0.8671004876833833
1.0083127743720461,-0.24400101447758565,0.19136232567978306,-0.9748037252558938,0.5978382489756809,0.45626930333201937,-0.36013890351846783,0.04366413827517421,0.2695085344465426,-0.07326830956410954,-0.7433387871977033,-0.13310347641241707,-0.2006027135712599,-0.06231769528497558,-0.2568645196271742,-0.18439088914585774,-0.34151232707830076,-0.06231769528497557,-0.04402254531628119,5.785038173311103,-0.7060812450686401,2.446729753464098,-0.44044906750083573,-0.4744665250703386,-0.36574845156823477,-0.3758727885879516,-0.3415123270783008,2.8118094353930627
1.4409249771524177,1.3837218821019228,0.5902910449396563,0.3880260845987043,0.15639979382677235,1.3344125506941564,0.32939655845374977,-0.6311129116457891,0.49298233125305885,-0.07326830956410954,1.3452816094393218,-0.13310347641241707,-0.2006027135712599,-0.06231769528497558,-0.2568645196271742,-0.18439088914585774,-0.34151232707830076,-0.06231769528497557,-0.04402254531628119,-0.17285970637383774,-0.7060812450686401,-0.4087088075763956,-0.44044906750083573,-0.4744665250703386,-0.36574845156823477,-0.3758727885879516,-0.3415123270783008,4.129228964075603
-1.1547482395298116,0.5698604338121686,0.06443046046073211,0.2911276348154647,0.5837154464800577,-0.44382752521417096,-0.2222318111240242,0.10500750644980723,-0.5126497543762636,-0.07326830956410954,-0.7433387871977033,-0.13310347641241707,-0.2006027135712599,-0.06231769528497558,-0.2568645196271742,-0.18439088914585774,-0.34151232707830076,-0.06231769528497557,-0.04402254531628119,-0.17285970637383774,1.4162676136551213,-0.4087088075763956,-0.44044906750083573,-0.4744665250703386,-0.36574845156823477,2.660474581724095,-0.3415123270783008,2.9014215940827497
1.4409249771524177,1.3837218821019228,-0.24383264078553374,-0.9310431350312048,-1.7985995802102137,0.126965585571218,-1.2737733906316564,-0.324396070772624,0.9957983740677198,-0.07326830956410954,-0.7433387871977033,-0.13310347641241707,-0.2006027135712599,-0.06231769528497558,-0.2568645196271742,-0.18439088914585774,2.9281519895787635,-0.06231769528497557,-0.04402254531628119,-0.17285970637383774,-0.7060812450686401,-0.4087088075763956,-0.44044906750083573,2.1076302482071885,-0.36574845156823477,-0.3758727885879516,-0.3415123270783008,2.745345985845907
-1.5873604423101833,0.5698604338121686,0.046297336858011656,0.24424128814615514,0.5591014192734,-0.44382752521417096,0.36387333155236057,-0.14036596624872488,-1.0154657971909247,-0.07326830956410954,-0.7433387871977033,-0.13310347641241707,-0.2006027135712599,-0.06231769528497558,-0.2568645196271742,-0.18439088914585774,-0.34151232707830076,-0.06231769528497557,-0.04402254531628119,-0.17285970637383774,1.4162676136551213,2.446729753464098,-0.44044906750083573,-0.4744665250703386,-0.36574845156823477,-0.3758727885879516,-0.3415123270783008,3.487986511734546
0.5757005715916745,-0.24400101447758565,0.02816421325528862,-1.0779536879283746,-1.8502486864799215,-0.24624529455769006,-0.9634824327441583,-0.14036596624872488,-1.741755636812102,-0.07326830956410954,-0.7433387871977033,-0.13310347641241707,-0.2006027135712599,-0.06231769528497558,-0.2568645196271742,-0.18439088914585774,2.9281519895787635,-0.06231769528497557,-0.04402254531628119,-0.17285970637383774,-0.7060812450686401,-0.4087088075763956,2.2704100741412128,-0.4744665250703386,-0.36574845156823477,-0.3758727885879516,-0.3415123270783008,2.428336298299606
1.0083127743720461,-0.24400101447758565,0.010031089652568161,-1.045133245259858,-1.8381434271979586,-0.7731312429749724,-1.2737733906316564,0.9638146608946697,-0.009833711561602487,-0.07326830956410954,-0.7433387871977033,-0.13310347641241707,-0.2006027135712599,-0.06231769528497558,-0.2568645196271742,-0.18439088914585774,2.9281519895787635,-0.06231769528497557,-0.04402254531628119,-0.17285970637383774,-0.7060812450686401,-0.4087088075763956,-0.44044906750083573,2.1076302482071885,-0.36574845156823477,-0.3758727885879516,-0.3415123270783008,2.503073953743449
0.5757005715916745,0.5698604338121686,0.10069670766617561,-0.9779294817005144,-1.8163539604904255,0.7636194399087675,-1.2392966175330455,-0.6924562798204221,-0.009833711561602487,-0.07326830956410954,-0.7433387871977033,-0.13310347641241707,-0.2006027135712599,-0.06231769528497558,-0.2568645196271742,-0.18439088914585774,2.9281519895787635,-0.06231769528497557,-0.04402254531628119,-0.17285970637383774,-0.7060812450686401,-0.4087088075763956,-0.44044906750083573,-0.4744665250703386,-0.36574845156823477,-0.3758727885879516,-0.3415123270783008,5.285637313390662
-1.1547482395298116,0.5698604338121686,0.8260216517750352,0.32551095570629157,0.1245226110509367,0.3025942350436456,0.9155017011301345,-0.9991731206935873,-0.7361235511827796,-0.07326830956410954,1.3452816094393218,-0.13310347641241707,-0.2006027135712599,-0.06231769528497558,-0.2568645196271742,-0.18439088914585774,-0.34151232707830076,-0.06231769528497557,-0.04402254531628119,-0.17285970637383774,-0.7060812450686401,-0.4087088075763956,-0.44044906750083573,-0.4744665250703386,2.734119572378935,-0.3758727885879516,-0.3415123270783008,2.1174596088673567
-1.1547482395298116,-1.871723911057094,0.7534891573641482,-0.04020254831432296,0.4001190140369558,1.7515305931911715,0.9844552473273567,-1.3672333297413855,0.2695085344465426,-0.07326830956410954,1.3452816094393218,-0.13310347641241707,-0.2006027135712599,-0.06231769528497558,-0.2568645196271742,-0.18439088914585774,-0.34151232707830076,-0.06231769528497557,-0.04402254531628119,-0.17285970637383774,-0.7060812450686401,-0.4087088075763956,-0.44044906750083573,-0.4744665250703386,-0.36574845156823477,2.660474581724095,-0.3415123270783008,2.511223958105374
-0.2895238339690686,0.5698604338121686,0.40895980891244144,0.350517007263257,0.6119610514713041,0.039151260835004226,0.9327400876794403,-1.1832032252174864,-0.009833711561602487,-0.07326830956410954,-0.7433387871977033,-0.13310347641241707,-0.2006027135712599,-0.06231769528497558,-0.2568645196271742,-0.18439088914585774,-0.34151232707830076,-0.06231769528497557,-0.04402254531628119,-0.17285970637383774,1.4162676136551213,-0.4087088075763956,-0.44044906750083573,-0.4744665250703386,-0.36574845156823477,-0.3758727885879516,2.9281519895787644,4.494126887194767
-1.1547482395298116,-1.871723911057094,0.7534891573641482,-0.04020254831432296,0.4001190140369558,1.7515305931911715,0.9844552473273567,-1.3672333297413855,0.2695085344465426,-0.07326830956410954,1.3452816094393218,-0.13310347641241707,-0.2006027135712599,-0.06231769528497558,-0.2568645196271742,-0.18439088914585774,-0.34151232707830076,-0.06231769528497557,-0.04402254531628119,-0.17285970637383774,-0.7060812450686401,-0.4087088075763956,-0.44044906750083573,-0.4744665250703386,-0.36574845156823477,2.660474581724095,-0.3415123270783008,4.427836170705175
-1.1547482395298116,0.5698604338121686,0.5902910449396563,0.3880260845987043,0.15639979382677235,1.3344125506941564,0.7948329952849966,-0.5084261752965231,0.772324577261204,-0.07326830956410954,1.3452816094393218,-0.13310347641241707,-0.2006027135712599,-0.06231769528497558,-0.2568645196271742,-0.18439088914585774,-0.34151232707830076,-0.06231769528497557,-0.04402254531628119,-0.17285970637383774,-0.7060812450686401,-0.4087088075763956,-0.44044906750083573,-0.4744665250703386,-0.36574845156823477,-0.3758727885879516,-0.3415123270783008,2.800325477211381
0.5757005715916745,0.5698604338121686,-1.6582162817978094,-1.5905777448461595,-1.9882486422942969,-1.3878315161284682,-2.2563614239420664,0.5957544518468715,0.9957983740677198,-0.07326830956410954,-0.7433387871977033,-0.13310347641241707,-0.2006027135712599,-0.06231769528497558,-0.2568645196271742,-0.18439088914585774,-0.34151232707830076,-0.06231769528497557,-0.04402254531628119,-0.17285970637383774,-0.7060812450686401,-0.4087088075763956,-0.44044906750083573,-0.4744665250703386,2.734119572378935,-0.3758727885879516,-0.3415123270783008,2.21046980408624
-0.2895238339690686,0.5698604338121686,0.40895980891244144,0.40834350148873866,0.6393996391770862,0.039151260835004226,0.45006526429888777,-1.7966369069638166,-1.741755636812102,-0.07326830956410954,-0.7433387871977033,-0.13310347641241707,-0.2006027135712599,-0.06231769528497558,-0.2568645196271742,-0.18439088914585774,-0.34151232707830076,-0.06231769528497557,-0.04402254531628119,-0.17285970637383774,1.4162676136551213,-0.4087088075763956,-0.44044906750083573,-0.4744665250703386,2.734119572378935,-0.3758727885879516,-0.3415123270783008,2.0255131996542803
-0.7221360367494402,-0.24400101447758565,0.06443046046073211,0.2911276348154647,0.5837154464800577,-0.44382752521417096,-0.8600521134483257,0.9024712927200367,1.2751406200758648,-0.07326830956410954,-0.7433387871977033,-0.13310347641241707,-0.2006027135712599,-0.06231769528497558,-0.2568645196271742,-0.18439088914585774,-0.34151232707830076,-0.06231769528497557,-0.04402254531628119,-0.17285970637383774,1.4162676136551213,-0.4087088075763956,-0.44044906750083573,-0.4744665250703386,-0.36574845156823477,2.660474581724095,-0.3415123270783008,3.487986511734546
-1.1547482395298116,-0.24400101447758565,-4.9221785302876775,-0.6262818816806927,0.4735575870141963,-1.8049495586254831,0.6396875163412479,-0.385739438947257,-0.2333075083681185,-0.07326830956410954,-0.7433387871977033,-0.13310347641241707,-0.2006027135712599,-0.06231769528497558,-0.2568645196271742,-0.18439088914585774,-0.34151232707830076,-0.06231769528497557,-0.04402254531628119,-0.17285970637383774,1.4162676136551213,2.446729753464098,-0.44044906750083573,-0.4744665250703386,-0.36574845156823477,-0.3758727885879516,-0.3415123270783008,2.528125768907977
-1.5873604423101833,0.5698604338121686,0.06443046046073211,0.2911276348154647,0.5837154464800577,-0.44382752521417096,0.4673036508481934,-0.6924562798204221,-1.0154657971909247,-0.07326830956410954,-0.7433387871977033,-0.13310347641241707,-0.2006027135712599,-0.06231769528497558,-0.2568645196271742,-0.18439088914585774,-0.34151232707830076,-0.06231769528497557,-0.04402254531628119,-0.17285970637383774,1.4162676136551213,-0.4087088075763956,-0.44044906750083573,-0.4744665250703386,-0.36574845156823477,2.660474581724095,-0.3415123270783008,3.726656818447966
0.5757005715916745,0.5698604338121686,-0.09876765196376233,-1.1451574514877185,-1.8732486791156506,-0.3999203628460641,-1.1186279116879074,0.5957544518468715,-0.2333075083681185,-0.07326830956410954,-0.7433387871977033,-0.13310347641241707,-0.2006027135712599,-0.06231769528497558,-0.2568645196271742,-0.18439088914585774,2.9281519895787635,-0.06231769528497557,-0.04402254531628119,-0.17285970637383774,-0.7060812450686401,-0.4087088075763956,-0.44044906750083573,2.1076302482071885,-0.36574845156823477,-0.3758727885879516,-0.3415123270783008,3.3738261848660236
1.0083127743720461,-0.24400101447758565,-1.2230213153324927,-1.5968292577354006,-2.08145913876541,-1.5195530032327889,-1.739209827462903,1.454561606291734,-1.0154657971909247,-0.07326830956410954,-0.7433387871977033,-0.13310347641241707,4.984977432245808,-0.06231769528497558,-0.2568645196271742,-0.18439088914585774,-0.34151232707830076,-0.06231769528497557,-0.04402254531628119,-0.17285970637383774,-0.7060812450686401,-0.4087088075763956,-0.44044906750083573,2.1076302482071885,-0.36574845156823477,-0.3758727885879516,-0.3415123270783008,2.3427668826268775
1.4409249771524177,1.3837218821019228,0.1369629548716191,-1.1404688168207875,0.5078558216464241,-0.8389919865271326,0.2259662391579169,-0.44708280712189,-0.7361235511827796,-0.07326830956410954,-0.7433387871977033,-0.13310347641241707,-0.2006027135712599,-0.06231769528497558,-0.2568645196271742,-0.18439088914585774,-0.34151232707830076,-0.06231769528497557,-0.04402254531628119,5.785038173311103,-0.7060812450686401,-0.4087088075763956,-0.44044906750083573,-0.4744665250703386,-0.36574845156823477,-0.3758727885879516,2.9281519895787644,2.166765369851511
0.14308836881130294,1.3837218821019228,-0.008102033950154875,-0.9497976736989285,-1.8058627357793913,-0.2681988757417436,-0.6531914748566605,1.2091881335932018,-0.009833711561602487,-0.07326830956410954,-0.7433387871977033,-0.13310347641241707,-0.2006027135712599,-0.06231769528497558,-0.2568645196271742,-0.18439088914585774,2.9281519895787635,-0.06231769528497557,-0.04402254531628119,-0.17285970637383774,-0.7060812450686401,-0.4087088075763956,2.2704100741412128,-0.4744665250703386,-0.36574845156823477,-0.3758727885879516,-0.3415123270783008,3.4442568711226023
-0.2895238339690686,0.5698604338121686,0.40895980891244144,0.40834350148873866,0.6393996391770862,0.039151260835004226,0.5534955835947206,-0.6311129116457891,-1.238939593997441,-0.07326830956410954,-0.7433387871977033,-0.13310347641241707,-0.2006027135712599,-0.06231769528497558,-0.2568645196271742,-0.18439088914585774,-0.34151232707830076,-0.06231769528497557,-0.04402254531628119,-0.17285970637383774,1.4162676136551213,-0.4087088075763956,-0.44044906750083573,-0.4744665250703386,2.734119572378935,-0.3758727885879516,-0.3415123270783008,3.228430037673012
-1.1547482395298116,-1.871723911057094,0.5177585505287694,0.4458525788241864,0.18666294203167924,2.475998772264935,0.6914026759891637,-0.8151430161696882,1.7779566628905261,-0.07326830956410954,1.3452816094393218,-0.13310347641241707,-0.2006027135712599,-0.06231769528497558,-0.2568645196271742,-0.18439088914585774,-0.34151232707830076,-0.06231769528497557,-0.04402254531628119,-0.17285970637383774,-0.7060812450686401,-0.4087088075763956,2.2704100741412128,-0.4744665250703386,-0.36574845156823477,-0.3758727885879516,-0.3415123270783008,2.498151876538021
1.0083127743720461,0.5698604338121686,0.06443046046073211,0.2911276348154647,0.5837154464800577,-0.44382752521417096,0.3121581719044441,-0.44708280712189,-1.0154657971909247,-0.07326830956410954,-0.7433387871977033,-0.13310347641241707,-0.2006027135712599,-0.06231769528497558,-0.2568645196271742,-0.18439088914585774,-0.34151232707830076,-0.06231769528497557,-0.04402254531628119,-0.17285970637383774,1.4162676136551213,-0.4087088075763956,-0.44044906750083573,-0.4744665250703386,-0.36574845156823477,2.660474581724095,-0.3415123270783008,2.3997118037247684
0.5757005715916745,0.5698604338121686,0.318294190898834,0.10983376102746781,0.48445232036796293,0.697758696356607,0.12253591986208462,-0.6924562798204221,1.2751406200758648,-0.07326830956410954,-0.7433387871977033,-0.13310347641241707,-0.2006027135712599,-0.06231769528497558,-0.2568645196271742,-0.18439088914585774,-0.34151232707830076,-0.06231769528497557,-0.04402254531628119,-0.17285970637383774,1.4162676136551213,-0.4087088075763956,-0.44044906750083573,-0.4744665250703386,-0.36574845156823477,-0.3758727885879516,-0.3415123270783008,2.50470927708418
1.4409249771524177,-1.0578624627673399,0.5540247977342129,-0.4684311812273502,0.5538558069178829,1.949112823847652,0.7431178356370801,-1.1218598570428533,0.49298233125305885,-0.07326830956410954,-0.7433387871977033,-0.13310347641241707,-0.2006027135712599,-0.06231769528497558,-0.2568645196271742,-0.18439088914585774,-0.34151232707830076,-0.06231769528497557,-0.04402254531628119,-0.17285970637383774,1.4162676136551213,-0.4087088075763956,-0.44044906750083573,-0.4744665250703386,2.734119572378935,-0.3758727885879516,-0.3415123270783008,3.607669398688393
-0.2895238339690686,-0.24400101447758565,-0.008102033950154875,-1.0498218799267889,0.5607154538443283,-0.5096882687663312,-0.08432471872958117,-1.1832032252174864,-0.5126497543762636,-0.07326830956410954,-0.7433387871977033,-0.13310347641241707,-0.2006027135712599,-0.06231769528497558,-0.2568645196271742,-0.18439088914585774,-0.34151232707830076,-0.06231769528497557,-0.04402254531628119,5.785038173311103,-0.7060812450686401,-0.4087088075763956,2.2704100741412128,-0.4744665250703386,-0.36574845156823477,-0.3758727885879516,-0.3415123270783008,2.856470206220483
1.0083127743720461,-0.24400101447758565,0.5177585505287694,0.4458525788241864,0.18666294203167924,2.475998772264935,-2.3770301297872045,3.172175915181459,0.9957983740677198,-0.07326830956410954,1.3452816094393218,-0.13310347641241707,-0.2006027135712599,-0.06231769528497558,-0.2568645196271742,-0.18439088914585774,-0.34151232707830076,-0.06231769528497557,-0.04402254531628119,-0.17285970637383774,-0.7060812450686401,-0.4087088075763956,2.2704100741412128,-0.4744665250703386,-0.36574845156823477,-0.3758727885879516,-0.3415123270783008,2.2874714551839976
1.0083127743720461,-0.24400101447758565,0.6628235393505407,-0.402790295890317,0.5825049205518611,1.510041200166584,0.20872785260861182,0.16635087462444026,0.49298233125305885,-0.07326830956410954,-0.7433387871977033,-0.13310347641241707,-0.2006027135712599,-0.06231769528497558,-0.2568645196271742,-0.18439088914585774,-0.34151232707830076,-0.06231769528497557,-0.04402254531628119,-0.17285970637383774,1.4162676136551213,-0.4087088075763956,-0.44044906750083573,-0.4744665250703386,-0.36574845156823477,-0.3758727885879516,-0.3415123270783008,2.329227023940467
1.0083127743720461,-1.0578624627673399,-0.5520957420317996,-0.9169772310304118,-1.7921434419265,-0.8828991488952395,-1.3599653233781837,0.10500750644980723,0.9957983740677198,-0.07326830956410954,-0.7433387871977033,-0.13310347641241707,-0.2006027135712599,-0.06231769528497558,-0.2568645196271742,-0.18439088914585774,2.9281519895787635,-0.06231769528497557,-0.04402254531628119,-0.17285970637383774,-0.7060812450686401,2.446729753464098,-0.44044906750083573,-0.4744665250703386,-0.36574845156823477,-0.3758727885879516,-0.3415123270783008,2.2700619012884857
-0.2895238339690686,-0.24400101447758565,0.19136232567978306,-1.1732892594893043,-1.8849504297548811,-0.2681988757417436,-0.3256621304198571,-1.0605164888682204,0.49298233125305885,-0.07326830956410954,-0.7433387871977033,-0.13310347641241707,-0.2006027135712599,-0.06231769528497558,-0.2568645196271742,-0.18439088914585774,2.9281519895787635,-0.06231769528497557,-0.04402254531628119,-0.17285970637383774,-0.7060812450686401,-0.4087088075763956,2.2704100741412128,-0.4744665250703386,-0.36574845156823477,-0.3758727885879516,-0.3415123270783008,5.285637313390662
-0.2895238339690686,-0.24400101447758565,0.19136232567978306,-1.1732892594893043,-1.8849504297548811,-0.2681988757417436,-0.3256621304198571,-1.0605164888682204,0.49298233125305885,-0.07326830956410954,-0.7433387871977033,-0.13310347641241707,-0.2006027135712599,-0.06231769528497558,-0.2568645196271742,-0.18439088914585774,2.9281519895787635,-0.06231769528497557,-0.04402254531628119,-0.17285970637383774,-0.7060812450686401,-0.4087088075763956,2.2704100741412128,-0.4744665250703386,-0.36574845156823477,-0.3758727885879516,-0.3415123270783008,2.727199019940971
-0.2895238339690686,-0.24400101447758565,0.318294190898834,0.20673221081070742,0.5356979179949388,-0.1145238074533696,-0.3429005169691628,0.9638146608946697,-1.518281840005586,-0.07326830956410954,-0.7433387871977033,-0.13310347641241707,-0.2006027135712599,-0.06231769528497558,-0.2568645196271742,-0.18439088914585774,-0.34151232707830076,-0.06231769528497557,-0.04402254531628119,-0.17285970637383774,1.4162676136551213,-0.4087088075763956,-0.44044906750083573,2.1076302482071885,-0.36574845156823477,-0.3758727885879516,-0.3415123270783008,4.566221435849517
-1.5873604423101833,-1.0578624627673399,-0.37076450600458466,-0.2980774549955256,0.6535224416727095,-0.42187394403011763,-1.1186279116879074,1.761278447164899,1.2751406200758648,-0.07326830956410954,-0.7433387871977033,-0.13310347641241707,-0.2006027135712599,-0.06231769528497558,-0.2568645196271742,-0.18439088914585774,-0.34151232707830076,-0.06231769528497557,-0.04402254531628119,-0.17285970637383774,1.4162676136551213,2.446729753464098,-0.44044906750083573,-0.4744665250703386,-0.36574845156823477,-0.3758727885879516,-0.3415123270783008,2.329227023940467
-0.2895238339690686,0.5698604338121686,0.40895980891244144,0.350517007263257,0.6119610514713041,0.039151260835004226,0.08805914676347325,-1.5512634342652847,-1.518281840005586,-0.07326830956410954,-0.7433387871977033,-0.13310347641241707,-0.2006027135712599,-0.06231769528497558,-0.2568645196271742,-0.18439088914585774,-0.34151232707830076,-0.06231769528497557,-0.04402254531628119,-0.17285970637383774,1.4162676136551213,-0.4087088075763956,-0.44044906750083573,-0.4744665250703386,-0.36574845156823477,-0.3758727885879516,2.9281519895787644,5.229824370102736
0.5757005715916745,0.5698604338121686,-0.09876765196376233,-1.1123370088192017,-1.86154692847642,-0.6194561746865983,-0.6359530883073552,-1.0605164888682204,-0.5126497543762636,-0.07326830956410954,-0.7433387871977033,-0.13310347641241707,-0.2006027135712599,-0.06231769528497558,-0.2568645196271742,-0.18439088914585774,2.9281519895787635,-0.06231769528497557,-0.04402254531628119,-0.17285970637383774,-0.7060812450686401,2.446729753464098,-0.44044906750083573,-0.4744665250703386,-0.36574845156823477,-0.3758727885879516,-0.3415123270783008,3.2280337626529665
1.4409249771524177,1.3837218821019228,-0.08063452836103929,-0.17617295365532076,0.33596113984255327,-0.597502593502545,-0.46356922281430074,0.9024712927200367,-0.5126497543762636,-0.07326830956410954,1.3452816094393218,-0.13310347641241707,-0.2006027135712599,-0.06231769528497558,-0.2568645196271742,-0.18439088914585774,-0.34151232707830076,-0.06231769528497557,-0.04402254531628119,-0.17285970637383774,-0.7060812450686401,-0.4087088075763956,-0.44044906750083573,2.1076302482071885,-0.36574845156823477,-0.3758727885879516,-0.3415123270783008,2.3997118037247684
-0.7221360367494402,-0.24400101447758565,0.4814923033233259,0.4739843868257719,0.6696627873819931,1.0709695764855154,-0.049847945630969795,0.28903761097370634,-0.2333075083681185,-0.07326830956410954,-0.7433387871977033,-0.13310347641241707,-0.2006027135712599,-0.06231769528497558,-0.2568645196271742,-0.18439088914585774,-0.34151232707830076,-0.06231769528497557,-0.04402254531628119,-0.17285970637383774,1.4162676136551213,-0.4087088075763956,-0.44044906750083573,-0.4744665250703386,-0.36574845156823477,-0.3758727885879516,-0.3415123270783008,2.578700529074361
-0.2895238339690686,-1.0578624627673399,-0.5520957420317996,-0.9169772310304118,-1.7921434419265,-0.8828991488952395,-1.3599653233781837,0.10500750644980723,0.9957983740677198,-0.07326830956410954,-0.7433387871977033,-0.13310347641241707,-0.2006027135712599,-0.06231769528497558,-0.2568645196271742,-0.18439088914585774,2.9281519895787635,-0.06231769528497557,-0.04402254531628119,-0.17285970637383774,-0.7060812450686401,2.446729753464098,-0.44044906750083573,-0.4744665250703386,-0.36574845156823477,-0.3758727885879516,-0.3415123270783008,3.389799336709786
-1.1547482395298116,-1.871723911057094,-0.42516387681274864,0.6162063050560113,-0.9605121292556585,-0.4877346875822779,-0.9462440461948529,2.1293386562126972,-0.2333075083681185,-0.07326830956410954,-0.7433387871977033,-0.13310347641241707,-0.2006027135712599,-0.06231769528497558,3.8931028755993595,-0.18439088914585774,-0.34151232707830076,-0.06231769528497557,-0.04402254531628119,-0.17285970637383774,-0.7060812450686401,-0.4087088075763956,-0.44044906750083573,-0.4744665250703386,-0.36574845156823477,-0.3758727885879516,-0.3415123270783008,2.727199019940971
1.0083127743720461,-0.24400101447758565,-0.09876765196376233,-0.43717361678114386,0.7576276714975895,-0.6194561746865983,-0.6014763152087441,0.7797845563707706,0.2695085344465426,-0.07326830956410954,-0.7433387871977033,-0.13310347641241707,-0.2006027135712599,-0.06231769528497558,-0.2568645196271742,-0.18439088914585774,-0.34151232707830076,-0.06231769528497557,-0.04402254531628119,-0.17285970637383774,1.4162676136551213,-0.4087088075763956,-0.44044906750083573,-0.4744665250703386,-0.36574845156823477,-0.3758727885879516,2.9281519895787644,2.128231705849268
-0.2895238339690686,-0.24400101447758565,0.5177585505287694,0.6005775228329081,0.7289785578636108,-0.20233813218958338,0.6914026759891637,-0.324396070772624,0.49298233125305885,-0.07326830956410954,-0.7433387871977033,-0.13310347641241707,-0.2006027135712599,-0.06231769528497558,-0.2568645196271742,-0.18439088914585774,-0.34151232707830076,-0.06231769528497557,-0.04402254531628119,-0.17285970637383774,1.4162676136551213,-0.4087088075763956,-0.44044906750083573,2.1076302482071885,-0.36574845156823477,-0.3758727885879516,-0.3415123270783008,4.175924549214524
1.0083127743720461,0.5698604338121686,0.19136232567978306,-0.9748037252558938,0.5978382489756809,0.45626930333201937,-0.48080760936360584,-0.017679229899458825,-0.009833711561602487,-0.07326830956410954,-0.7433387871977033,-0.13310347641241707,-0.2006027135712599,-0.06231769528497558,-0.2568645196271742,-0.18439088914585774,-0.34151232707830076,-0.06231769528497557,-0.04402254531628119,5.785038173311103,-0.7060812450686401,2.446729753464098,-0.44044906750083573,-0.4744665250703386,-0.36574845156823477,-0.3758727885879516,-0.3415123270783008,4.129228964075603
1.4409249771524177,1.3837218821019228,0.2820279436933905,-0.4543652772265575,-0.2709158588265132,0.6318979528044469,0.20872785260861182,-0.6311129116457891,0.2695085344465426,-0.07326830956410954,1.3452816094393218,-0.13310347641241707,-0.2006027135712599,-0.06231769528497558,-0.2568645196271742,-0.18439088914585774,-0.34151232707830076,-0.06231769528497557,-0.04402254531628119,-0.17285970637383774,-0.7060812450686401,-0.4087088075763956,2.2704100741412128,-0.4744665250703386,-0.36574845156823477,-0.3758727885879516,-0.3415123270783008,2.5726122302071057
-0.2895238339690686,1.3837218821019228,0.5177585505287694,0.6005775228329081,0.7289785578636108,-0.20233813218958338,1.6222755496516579,-1.1218598570428533,-0.5126497543762636,-0.07326830956410954,-0.7433387871977033,-0.13310347641241707,-0.2006027135712599,-0.06231769528497558,-0.2568645196271742,-0.18439088914585774,-0.34151232707830076,-0.06231769528497557,-0.04402254531628119,-0.17285970637383774,1.4162676136551213,-0.4087088075763956,-0.44044906750083573,2.1076302482071885,-0.36574845156823477,-0.3758727885879516,-0.3415123270783008,3.389799336709786
1.4409249771524177,1.3837218821019228,0.2820279436933905,-0.4543652772265575,-0.2709158588265132,0.6318979528044469,-0.42909244971569,-0.07902259807409186,-0.009833711561602487,-0.07326830956410954,1.3452816094393218,-0.13310347641241707,-0.2006027135712599,-0.06231769528497558,-0.2568645196271742,-0.18439088914585774,-0.34151232707830076,-0.06231769528497557,-0.04402254531628119,-0.17285970637383774,-0.7060812450686401,-0.4087088075763956,2.2704100741412128,-0.4744665250703386,-0.36574845156823477,-0.3758727885879516,-0.3415123270783008,2.800325477211381
-0.2895238339690686,-0.24400101447758565,0.40895980891244144,0.350517007263257,0.6119610514713041,0.039151260835004226,1.2947462052148542,-1.4285766979160186,0.2695085344465426,-0.07326830956410954,-0.7433387871977033,-0.13310347641241707,-0.2006027135712599,-0.06231769528497558,-0.2568645196271742,-0.18439088914585774,-0.34151232707830076,-0.06231769528497557,-0.04402254531628119,-0.17285970637383774,1.4162676136551213,-0.4087088075763956,-0.44044906750083573,-0.4744665250703386,-0.36574845156823477,-0.3758727885879516,2.9281519895787644,2.462149662665384
-1.5873604423101833,0.5698604338121686,0.5177585505287694,0.6005775228329081,0.7289785578636108,-0.20233813218958338,1.5360836169051306,-1.0605164888682204,-0.5126497543762636,-0.07326830956410954,-0.7433387871977033,-0.13310347641241707,-0.2006027135712599,-0.06231769528497558,-0.2568645196271742,-0.18439088914585774,-0.34151232707830076,-0.06231769528497557,-0.04402254531628119,-0.17285970637383774,1.4162676136551213,-0.4087088075763956,-0.44044906750083573,2.1076302482071885,-0.36574845156823477,-0.3758727885879516,-0.3415123270783008,2.4898941912990393
0.5757005715916745,-0.24400101447758565,0.06443046046073211,0.2911276348154647,0.5837154464800577,-0.44382752521417096,-0.03260955908166472,-0.07902259807409186,-0.7361235511827796,-0.07326830956410954,-0.7433387871977033,-0.13310347641241707,-0.2006027135712599,-0.06231769528497558,-0.2568645196271742,-0.18439088914585774,-0.34151232707830076,-0.06231769528497557,-0.04402254531628119,-0.17285970637383774,1.4162676136551213,-0.4087088075763956,-0.44044906750083573,-0.4744665250703386,-0.36574845156823477,2.660474581724095,-0.3415123270783008,3.4442568711226023
1.8735371799327891,-0.24400101447758565,-1.1323556973188853,-0.5856470479006242,0.5001891574345144,-1.278063610208201,0.9327400876794403,-0.5084261752965231,-0.5126497543762636,-0.07326830956410954,-0.7433387871977033,-0.13310347641241707,-0.2006027135712599,-0.06231769528497558,-0.2568645196271742,-0.18439088914585774,-0.34151232707830076,-0.06231769528497557,-0.04402254531628119,-0.17285970637383774,1.4162676136551213,-0.4087088075763956,-0.44044906750083573,-0.4744665250703386,-0.36574845156823477,2.660474581724095,-0.3415123270783008,2.0592388343623163
-0.2895238339690686,0.5698604338121686,0.33642731450155444,0.15984586414139784,0.5102768735028168,-0.09257022626931626,-0.20499342457471914,-1.1832032252174864,-0.5126497543762636,-0.07326830956410954,-0.7433387871977033,-0.13310347641241707,-0.2006027135712599,-0.06231769528497558,-0.2568645196271742,-0.18439088914585774,-0.34151232707830076,-0.06231769528497557,-0.04402254531628119,-0.17285970637383774,1.4162676136551213,-0.4087088075763956,2.2704100741412128,-0.4744665250703386,-0.36574845156823477,-0.3758727885879516,-0.3415123270783008,3.6381123370602833
1.4409249771524177,1.3837218821019228,0.1369629548716191,0.49273892549349596,0.2157155643083896,0.34650139741175223,0.12253591986208462,-0.20170933442335792,0.9957983740677198,-0.07326830956410954,1.3452816094393218,-0.13310347641241707,-0.2006027135712599,-0.06231769528497558,-0.2568645196271742,-0.18439088914585774,-0.34151232707830076,-0.06231769528497557,-0.04402254531628119,-0.17285970637383774,-0.7060812450686401,-0.4087088075763956,-0.44044906750083573,2.1076302482071885,-0.36574845156823477,-0.3758727885879516,-0.3415123270783008,2.613006652415316
-1.1547482395298116,-1.871723911057094,0.33642731450155444,0.15984586414139784,0.5102768735028168,-0.09257022626931626,-0.11880149182819193,0.10500750644980723,-1.238939593997441,-0.07326830956410954,-0.7433387871977033,-0.13310347641241707,-0.2006027135712599,-0.06231769528497558,-0.2568645196271742,-0.18439088914585774,-0.34151232707830076,-0.06231769528497557,-0.04402254531628119,-0.17285970637383774,1.4162676136551213,-0.4087088075763956,2.2704100741412128,-0.4744665250703386,-0.36574845156823477,-0.3758727885879516,-0.3415123270783008,2.3997118037247684
-1.5873604423101833,-1.871723911057094,0.06443046046073211,0.2911276348154647,0.5837154464800577,-0.44382752521417096,-0.015371172532359034,-0.26305270259799096,-1.0154657971909247,-0.07326830956410954,-0.7433387871977033,-0.13310347641241707,-0.2006027135712599,-0.06231769528497558,-0.2568645196271742,-0.18439088914585774,-0.34151232707830076,-0.06231769528497557,-0.04402254531628119,-0.17285970637383774,1.4162676136551213,-0.4087088075763956,-0.44044906750083573,-0.4744665250703386,-0.36574845156823477,2.660474581724095,-0.3415123270783008,2.9014215940827497
0.5757005715916745,0.5698604338121686,0.33642731450155444,0.15984586414139784,0.5102768735028168,-0.09257022626931626,1.070647180073884,-1.0605164888682204,-0.009833711561602487,-0.07326830956410954,-0.7433387871977033,-0.13310347641241707,-0.2006027135712599,-0.06231769528497558,-0.2568645196271742,-0.18439088914585774,-0.34151232707830076,-0.06231769528497557,-0.04402254531628119,-0.17285970637383774,1.4162676136551213,-0.4087088075763956,2.2704100741412128,-0.4744665250703386,-0.36574845156823477,-0.3758727885879516,-0.3415123270783008,3.487986511734546
1.0083127743720461,0.5698604338121686,-1.5856837873869225,-1.685913316407089,-2.1791082303065763,-1.212202866656041,-0.9462440461948529,1.883965183514165,-1.238939593997441,-0.07326830956410954,-0.7433387871977033,-0.13310347641241707,-0.2006027135712599,-0.06231769528497558,-0.2568645196271742,-0.18439088914585774,-0.34151232707830076,-0.06231769528497557,-0.04402254531628119,-0.17285970637383774,-0.7060812450686401,-0.4087088075763956,-0.44044906750083573,2.1076302482071885,-0.36574845156823477,-0.3758727885879516,-0.3415123270783008,0.0
0.5757005715916745,-1.0578624627673399,-0.47956324762091257,-1.4639846088390236,-2.0354591534939517,-1.1463421231038806,-0.6359530883073552,0.4117243473229724,-0.7361235511827796,-0.07326830956410954,-0.7433387871977033,-0.13310347641241707,-0.2006027135712599,-0.06231769528497558,-0.2568645196271742,-0.18439088914585774,-0.34151232707830076,-0.06231769528497557,-0.04402254531628119,-0.17285970637383774,-0.7060812450686401,-0.4087088075763956,-0.44044906750083573,-0.4744665250703386,-0.36574845156823477,-0.3758727885879516,2.9281519895787644,0.0
-0.2895238339690686,-0.24400101447758565,-1.386219427756987,-1.3686490372780942,-1.866792540831937,-1.475645840864682,-0.37737729006777354,-1.4899200660906515,-0.5126497543762636,-0.07326830956410954,-0.7433387871977033,-0.13310347641241707,-0.2006027135712599,-0.06231769528497558,-0.2568645196271742,-0.18439088914585774,-0.34151232707830076,-0.06231769528497557,-0.04402254531628119,-0.17285970637383774,-0.7060812450686401,-0.4087088075763956,-0.44044906750083573,-0.4744665250703386,-0.36574845156823477,-0.3758727885879516,-0.3415123270783008,0.0
-1.1547482395298116,-0.24400101447758565,0.6446904157478203,0.1786004028091217,0.16931207039419902,0.8514337646449812,-0.6014763152087441,1.3318748699424678,-0.009833711561602487,-0.07326830956410954,1.3452816094393218,-0.13310347641241707,-0.2006027135712599,-0.06231769528497558,-0.2568645196271742,-0.18439088914585774,-0.34151232707830076,-0.06231769528497557,-0.04402254531628119,-0.17285970637383774,-0.7060812450686401,-0.4087088075763956,-0.44044906750083573,2.1076302482071885,-0.36574845156823477,-0.3758727885879516,-0.3415123270783008,2.2235418856535927
1.0083127743720461,-0.24400101447758565,0.20949544928250352,1.0038001041889701,0.6163996465413573,1.0490159953014622,0.5190188104961093,1.761278447164899,2.001430459697042,3.308849194422019,1.3452816094393218,-0.13310347641241707,-0.2006027135712599,-0.06231769528497558,-0.2568645196271742,-0.18439088914585774,-0.34151232707830076,-0.06231769528497557,-0.04402254531628119,-0.17285970637383774,-0.7060812450686401,-0.4087088075763956,-0.44044906750083573,2.1076302482071885,-0.36574845156823477,-0.3758727885879516,-0.3415123270783008,0.0
-1.1547482395298116,-0.24400101447758565,0.20949544928250352,1.0038001041889701,0.6163996465413573,1.0490159953014622,0.6052107432426365,0.5957544518468715,2.001430459697042,-0.07326830956410954,1.3452816094393218,-0.13310347641241707,-0.2006027135712599,-0.06231769528497558,-0.2568645196271742,-0.18439088914585774,-0.34151232707830076,-0.06231769528497557,-0.04402254531628119,-0.17285970637383774,-0.7060812450686401,-0.4087088075763956,-0.44044906750083573,2.1076302482071885,-0.36574845156823477,-0.3758727885879516,-0.3415123270783008,1.0784095813505903
-0.7221360367494402,-0.24400101447758565,0.20949544928250352,1.0038001041889701,0.6163996465413573,1.0490159953014622,1.3636997514120763,-0.385739438947257,1.2751406200758648,-0.07326830956410954,1.3452816094393218,-0.13310347641241707,-0.2006027135712599,-0.06231769528497558,-0.2568645196271742,-0.18439088914585774,-0.34151232707830076,-0.06231769528497557,-0.04402254531628119,-0.17285970637383774,-0.7060812450686401,-0.4087088075763956,-0.44044906750083573,2.1076302482071885,-0.36574845156823477,-0.3758727885879516,-0.3415123270783008,0.8153648132841945
0.14308836881130294,-0.24400101447758565,0.20949544928250352,1.0038001041889701,0.6163996465413573,1.0490159953014622,1.174077499369716,-0.324396070772624,0.772324577261204,-0.07326830956410954,1.3452816094393218,-0.13310347641241707,-0.2006027135712599,-0.06231769528497558,-0.2568645196271742,-0.18439088914585774,-0.34151232707830076,-0.06231769528497557,-0.04402254531628119,-0.17285970637383774,-0.7060812450686401,-0.4087088075763956,-0.44044906750083573,2.1076302482071885,-0.36574845156823477,-0.3758727885879516,-0.3415123270783008,0.0
-1.1547482395298116,-0.24400101447758565,0.2820279436933905,-0.3012032114401463,-0.1789158882835962,0.126965585571218,0.3121581719044441,1.577248342641,-1.0154657971909247,-0.07326830956410954,1.3452816094393218,-0.13310347641241707,-0.2006027135712599,-0.06231769528497558,-0.2568645196271742,-0.18439088914585774,-0.34151232707830076,-0.06231769528497557,-0.04402254531628119,-0.17285970637383774,-0.7060812450686401,-0.4087088075763956,-0.44044906750083573,-0.4744665250703386,-0.36574845156823477,-0.3758727885879516,2.9281519895787644,1.3532545070416904
1.4409249771524177,1.3837218821019228,0.4452260561178824,0.7256077806177336,0.47920670801244597,0.9831552517493016,1.6912290958488794,-0.9991731206935873,-0.7361235511827796,-0.07326830956410954,1.3452816094393218,-0.13310347641241707,-0.2006027135712599,-0.06231769528497558,-0.2568645196271742,-0.18439088914585774,-0.34151232707830076,-0.06231769528497557,-0.04402254531628119,-0.17285970637383774,-0.7060812450686401,-0.4087088075763956,-0.44044906750083573,-0.4744665250703386,-0.36574845156823477,-0.3758727885879516,2.9281519895787644,0.0
-0.7221360367494402,-0.24400101447758565,0.4452260561178824,0.7256077806177336,0.47920670801244597,0.9831552517493016,0.4845420373974985,-0.26305270259799096,-2.0210978828202473,-0.07326830956410954,1.3452816094393218,-0.13310347641241707,-0.2006027135712599,-0.06231769528497558,-0.2568645196271742,-0.18439088914585774,-0.34151232707830076,-0.06231769528497557,-0.04402254531628119,-0.17285970637383774,-0.7060812450686401,-0.4087088075763956,-0.44044906750083573,-0.4744665250703386,-0.36574845156823477,-0.3758727885879516,2.9281519895787644,0.5596157879354227
1.4409249771524177,0.5698604338121686,0.4452260561178824,0.7256077806177336,0.47920670801244597,0.9831552517493016,1.3636997514120763,-1.1832032252174864,-0.5126497543762636,-0.07326830956410954,1.3452816094393218,-0.13310347641241707,-0.2006027135712599,-0.06231769528497558,-0.2568645196271742,-0.18439088914585774,-0.34151232707830076,-0.06231769528497557,-0.04402254531628119,-0.17285970637383774,-0.7060812450686401,-0.4087088075763956,-0.44044906750083573,-0.4744665250703386,-0.36574845156823477,-0.3758727885879516,2.9281519895787644,1.244154593958768
1.4409249771524177,0.5698604338121686,0.4452260561178824,0.7256077806177336,0.47920670801244597,0.9831552517493016,0.8810249280315238,-0.5084261752965231,-0.5126497543762636,-0.07326830956410954,1.3452816094393218,-0.13310347641241707,-0.2006027135712599,-0.06231769528497558,-0.2568645196271742,-0.18439088914585774,-0.34151232707830076,-0.06231769528497557,-0.04402254531628119,-0.17285970637383774,-0.7060812450686401,-0.4087088075763956,-0.44044906750083573,-0.4744665250703386,-0.36574845156823477,-0.3758727885879516,2.9281519895787644,0.0
0.5757005715916745,0.5698604338121686,0.4452260561178824,0.7256077806177336,0.47920670801244597,0.9831552517493016,0.5534955835947206,-0.44708280712189,-0.2333075083681185,-0.07326830956410954,1.3452816094393218,-0.13310347641241707,-0.2006027135712599,-0.06231769528497558,-0.2568645196271742,-0.18439088914585774,-0.34151232707830076,-0.06231769528497557,-0.04402254531628119,-0.17285970637383774,-0.7060812450686401,-0.4087088075763956,-0.44044906750083573,-0.4744665250703386,-0.36574845156823477,-0.3758727885879516,2.9281519895787644,0.0
1.0083127743720461,-0.24400101447758565,0.22762857288522656,-0.02613664431353,0.07085596156756865,-0.22429171337363674,0.43282687774958206,-0.385739438947257,-0.7361235511827796,-0.07326830956410954,1.3452816094393218,-0.13310347641241707,-0.2006027135712599,-0.06231769528497558,-0.2568645196271742,-0.18439088914585774,-0.34151232707830076,-0.06231769528497557,-0.04402254531628119,-0.17285970637383774,-0.7060812450686401,-0.4087088075763956,-0.44044906750083573,-0.4744665250703386,2.734119572378935,-0.3758727885879516,-0.3415123270783008,1.9416152247724325
0.5757005715916745,-1.0578624627673399,0.17322920207706002,0.4255351619341521,0.29762781878300454,-0.597502593502545,0.0018672140169460397,-0.20170933442335792,-0.5126497543762636,-0.07326830956410954,1.3452816094393218,-0.13310347641241707,-0.2006027135712599,-0.06231769528497558,-0.2568645196271742,-0.18439088914585774,-0.34151232707830076,-0.06231769528497557,-0.04402254531628119,-0.17285970637383774,-0.7060812450686401,-0.4087088075763956,-0.44044906750083573,-0.4744665250703386,2.734119572378935,-0.3758727885879516,-0.3415123270783008,2.1234584270966104
-1.1547482395298116,0.5698604338121686,-0.57022886563452,-0.5293834318974527,0.5925926366201635,-0.8828991488952395,0.5879723566933314,0.10500750644980723,-0.009833711561602487,-0.07326830956410954,1.3452816094393218,-0.13310347641241707,-0.2006027135712599,-0.06231769528497558,-0.2568645196271742,-0.18439088914585774,-0.34151232707830076,-0.06231769528497557,-0.04402254531628119,-0.17285970637383774,-0.7060812450686401,-0.4087088075763956,-0.44044906750083573,-0.4744665250703386,2.734119572378935,-0.3758727885879516,-0.3415123270783008,0.0
1.4409249771524177,1.3837218821019228,0.6446904157478203,0.09889361347129552,0.13380330983377509,0.43431572214796604,0.8637865414822181,-0.20170933442335792,-1.0154657971909247,-0.07326830956410954,1.3452816094393218,-0.13310347641241707,-0.2006027135712599,-0.06231769528497558,-0.2568645196271742,-0.18439088914585774,-0.34151232707830076,-0.06231769528497557,-0.04402254531628119,-0.17285970637383774,-0.7060812450686401,-0.4087088075763956,2.2704100741412128,-0.4744665250703386,-0.36574845156823477,-0.3758727885879516,-0.3415123270783008,2.7073833121145063
-0.2895238339690686,-1.0578624627673399,0.6446904157478203,0.09889361347129552,0.13380330983377509,0.43431572214796604,0.43282687774958206,-0.017679229899458825,-0.7361235511827796,-0.07326830956410954,1.3452816094393218,-0.13310347641241707,-0.2006027135712599,-0.06231769528497558,-0.2568645196271742,-0.18439088914585774,-0.34151232707830076,-0.06231769528497557,-0.04402254531628119,-0.17285970637383774,-0.7060812450686401,-0.4087088075763956,2.2704100741412128,-0.4744665250703386,-0.36574845156823477,-0.3758727885879516,-0.3415123270783008,1.1568811967920856
-0.7221360367494402,-0.24400101447758565,0.20949544928250352,0.9381592188519369,0.5825049205518611,1.0270624141174083,0.294919785355139,0.9024712927200367,-1.741755636812102,-0.07326830956410954,1.3452816094393218,-0.13310347641241707,-0.2006027135712599,-0.06231769528497558,-0.2568645196271742,-0.18439088914585774,-0.34151232707830076,-0.06231769528497557,-0.04402254531628119,-0.17285970637383774,-0.7060812450686401,-0.4087088075763956,2.2704100741412128,-0.4744665250703386,-0.36574845156823477,-0.3758727885879516,-0.3415123270783008,0.41871033485818504
1.0083127743720461,-0.24400101447758565,0.20949544928250352,0.9381592188519369,0.5825049205518611,1.0270624141174083,0.8293097683836074,-0.26305270259799096,-1.238939593997441,-0.07326830956410954,1.3452816094393218,-0.13310347641241707,-0.2006027135712599,-0.06231769528497558,-0.2568645196271742,-0.18439088914585774,-0.34151232707830076,-0.06231769528497557,-0.04402254531628119,-0.17285970637383774,-0.7060812450686401,-0.4087088075763956,2.2704100741412128,-0.4744665250703386,-0.36574845156823477,-0.3758727885879516,-0.3415123270783008,1.430311246536665
-1.1547482395298116,-0.24400101447758565,0.5358916741314899,-0.202741883434596,-0.023968569474472966,1.1807374824057826,1.6222755496516579,-0.7537996479950552,-0.009833711561602487,-0.07326830956410954,1.3452816094393218,-0.13310347641241707,-0.2006027135712599,-0.06231769528497558,-0.2568645196271742,-0.18439088914585774,-0.34151232707830076,-0.06231769528497557,-0.04402254531628119,-0.17285970637383774,-0.7060812450686401,2.446729753464098,-0.44044906750083573,-0.4744665250703386,-0.36574845156823477,-0.3758727885879516,-0.3415123270783008,3.966132331075178
-0.7221360367494402,-0.24400101447758565,0.17322920207706002,0.023875458800400255,0.10111910977247555,-0.02670948271715582,-1.3254885502795728,2.4360554970858623,2.001430459697042,-0.07326830956410954,1.3452816094393218,-0.13310347641241707,-0.2006027135712599,-0.06231769528497558,-0.2568645196271742,-0.18439088914585774,-0.34151232707830076,-0.06231769528497557,-0.04402254531628119,-0.17285970637383774,-0.7060812450686401,-0.4087088075763956,-0.44044906750083573,-0.4744665250703386,-0.36574845156823477,-0.3758727885879516,-0.3415123270783008,0.7275486072772778
-1.1547482395298116,-0.24400101447758565,0.17322920207706002,0.023875458800400255,0.10111910977247555,-0.02670948271715582,0.43282687774958206,-0.14036596624872488,-0.5126497543762636,-0.07326830956410954,1.3452816094393218,-0.13310347641241707,-0.2006027135712599,-0.06231769528497558,-0.2568645196271742,-0.18439088914585774,-0.34151232707830076,-0.06231769528497557,-0.04402254531628119,-0.17285970637383774,-0.7060812450686401,-0.4087088075763956,-0.44044906750083573,-0.4744665250703386,-0.36574845156823477,-0.3758727885879516,-0.3415123270783008,1.2669476034873244
0.5757005715916745,-1.0578624627673399,0.08256358406345257,0.47242150860346166,0.3274874583451793,-0.42187394403011763,0.07082076021416817,-0.324396070772624,-0.2333075083681185,-0.07326830956410954,1.3452816094393218,-0.13310347641241707,-0.2006027135712599,-0.06231769528497558,-0.2568645196271742,-0.18439088914585774,-0.34151232707830076,-0.06231769528497557,-0.04402254531628119,-0.17285970637383774,-0.7060812450686401,-0.4087088075763956,-0.44044906750083573,-0.4744665250703386,-0.36574845156823477,-0.3758727885879516,-0.3415123270783008,1.916922612182061
-0.2895238339690686,-0.24400101447758565,0.6628235393505407,0.8865842375156961,0.5506277377760259,0.8733873458290345,0.5017804239468042,0.5344110836722384,-0.5126497543762636,-0.07326830956410954,1.3452816094393218,-0.13310347641241707,-0.2006027135712599,-0.06231769528497558,-0.2568645196271742,-0.18439088914585774,-0.34151232707830076,-0.06231769528497557,-0.04402254531628119,-0.17285970637383774,-0.7060812450686401,-0.4087088075763956,-0.44044906750083573,-0.4744665250703386,-0.36574845156823477,-0.3758727885879516,-0.3415123270783008,1.1216775615991057
-0.2895238339690686,-0.24400101447758565,0.5540247977342129,-0.13553811987525233,0.009522647872290489,1.2246446447738892,0.5534955835947206,0.5957544518468715,2.001430459697042,-0.07326830956410954,1.3452816094393218,-0.13310347641241707,-0.2006027135712599,-0.06231769528497558,-0.2568645196271742,-0.18439088914585774,-0.34151232707830076,-0.06231769528497557,-0.04402254531628119,-0.17285970637383774,-0.7060812450686401,-0.4087088075763956,-0.44044906750083573,-0.4744665250703386,-0.36574845156823477,2.660474581724095,-0.3415123270783008,1.208960345836975
0.5757005715916745,0.5698604338121686,0.6628235393505407,0.32551095570629157,0.23871555694411903,3.0028847206822165,0.08805914676347325,0.6570978200215045,-0.009833711561602487,-0.07326830956410954,1.3452816094393218,-0.13310347641241707,-0.2006027135712599,-0.06231769528497558,-0.2568645196271742,-0.18439088914585774,-0.34151232707830076,-0.06231769528497557,-0.04402254531628119,-0.17285970637383774,-0.7060812450686401,-0.4087088075763956,-0.44044906750083573,-0.4744665250703386,-0.36574845156823477,2.660474581724095,-0.3415123270783008,0.0
-1.1547482395298116,-1.871723911057094,0.2638948200906675,0.6521525041691484,0.4449084733802181,1.1587839012217291,0.8293097683836074,-1.2445465933921194,-0.5126497543762636,-0.07326830956410954,1.3452816094393218,-0.13310347641241707,-0.2006027135712599,-0.06231769528497558,-0.2568645196271742,-0.18439088914585774,-0.34151232707830076,-0.06231769528497557,-0.04402254531628119,-0.17285970637383774,-0.7060812450686401,-0.4087088075763956,-0.44044906750083573,-0.4744665250703386,-0.36574845156823477,2.660474581724095,-0.3415123270783008,0.0
-0.7221360367494402,-0.24400101447758565,0.2638948200906675,0.6521525041691484,0.4449084733802181,1.1587839012217291,0.36387333155236057,-0.7537996479950552,-0.5126497543762636,-0.07326830956410954,1.3452816094393218,-0.13310347641241707,-0.2006027135712599,-0.06231769528497558,-0.2568645196271742,-0.18439088914585774,-0.34151232707830076,-0.06231769528497557,-0.04402254531628119,-0.17285970637383774,-0.7060812450686401,-0.4087088075763956,-0.44044906750083573,-0.4744665250703386,-0.36574845156823477,2.660474581724095,-0.3415123270783008,0.0
-0.2895238339690686,-0.24400101447758565,0.2638948200906675,0.6521525041691484,0.4449084733802181,1.1587839012217291,0.03634398711555741,0.5344110836722384,-0.7361235511827796,-0.07326830956410954,1.3452816094393218,-0.13310347641241707,-0.2006027135712599,-0.06231769528497558,-0.2568645196271742,-0.18439088914585774,-0.34151232707830076,-0.06231769528497557,-0.04402254531628119,-0.17285970637383774,-0.7060812450686401,-0.4087088075763956,-0.44044906750083573,-0.4744665250703386,-0.36574845156823477,2.660474581724095,-0.3415123270783008,1.9416152247724325
-1.1547482395298116,-1.871723911057094,0.2638948200906675,0.6521525041691484,0.4449084733802181,1.1587839012217291,0.5017804239468042,0.7184411881961376,-0.5126497543762636,-0.07326830956410954,1.3452816094393218,-0.13310347641241707,-0.2006027135712599,-0.06231769528497558,-0.2568645196271742,-0.18439088914585774,-0.34151232707830076,-0.06231769528497557,-0.04402254531628119,-0.17285970637383774,-0.7060812450686401,-0.4087088075763956,-0.44044906750083573,-0.4744665250703386,-0.36574845156823477,2.660474581724095,-0.3415123270783008,0.0
1.4409249771524177,1.3837218821019228,0.2638948200906675,0.6521525041691484,0.4449084733802181,1.1587839012217291,0.20872785260861182,0.8411279245454036,0.2695085344465426,-0.07326830956410954,1.3452816094393218,-0.13310347641241707,-0.2006027135712599,-0.06231769528497558,-0.2568645196271742,-0.18439088914585774,-0.34151232707830076,-0.06231769528497557,-0.04402254531628119,-0.17285970637383774,-0.7060812450686401,-0.4087088075763956,-0.44044906750083573,-0.4744665250703386,-0.36574845156823477,2.660474581724095,-0.3415123270783008,3.607669398688393
-1.1547482395298116,0.5698604338121686,0.2638948200906675,0.6521525041691484,0.4449084733802181,1.1587839012217291,0.2259662391579169,0.16635087462444026,-0.009833711561602487,-0.07326830956410954,1.3452816094393218,-0.13310347641241707,-0.2006027135712599,-0.06231769528497558,-0.2568645196271742,-0.18439088914585774,-0.34151232707830076,-0.06231769528497557,-0.04402254531628119,-0.17285970637383774,-0.7060812450686401,-0.4087088075763956,-0.44044906750083573,-0.4744665250703386,-0.36574845156823477,2.660474581724095,-0.3415123270783008,1.8625285401162623
-0.2895238339690686,1.3837218821019228,-1.1323556973188853,-1.3076967866079916,-0.7845823610244664,-0.4877346875822779,-2.428745289435121,0.7797845563707706,2.504246502511703,-0.07326830956410954,-0.7433387871977033,7.512951779723096,-0.2006027135712599,-0.06231769528497558,-0.2568645196271742,-0.18439088914585774,-0.34151232707830076,-0.06231769528497557,-0.04402254531628119,-0.17285970637383774,-0.7060812450686401,-0.4087088075763956,-0.44044906750083573,2.1076302482071885,-0.36574845156823477,-0.3758727885879516,-0.3415123270783008,3.389799336709786
1.4409249771524177,1.3837218821019228,-1.2048881917297722,-1.2983195172741298,-0.7801437659544133,-0.8170384053430793,-2.3770301297872045,1.0251580290693028,2.2249042565035584,-0.07326830956410954,-0.7433387871977033,7.512951779723096,-0.2006027135712599,-0.06231769528497558,-0.2568645196271742,-0.18439088914585774,-0.34151232707830076,-0.06231769528497557,-0.04402254531628119,-0.17285970637383774,-0.7060812450686401,-0.4087088075763956,-0.44044906750083573,-0.4744665250703386,-0.36574845156823477,-0.3758727885879516,2.9281519895787644,2.1162555148025524
-0.2895238339690686,1.3837218821019228,-1.0960894501134444,-1.3201998123864742,-0.7906349906654477,-1.5415065844168423,-2.3770301297872045,1.0251580290693028,0.49298233125305885,-0.07326830956410954,-0.7433387871977033,7.512951779723096,-0.2006027135712599,-0.06231769528497558,-0.2568645196271742,-0.18439088914585774,-0.34151232707830076,-0.06231769528497557,-0.04402254531628119,-0.17285970637383774,-0.7060812450686401,-0.4087088075763956,-0.44044906750083573,-0.4744665250703386,2.734119572378935,-0.3758727885879516,-0.3415123270783008,0.7839015438284094
-0.2895238339690686,-0.24400101447758565,-0.9510244612916703,-1.3358285946095774,-0.799915689448286,-1.4097850973125217,-2.463222062533732,-1.4285766979160186,2.504246502511703,-0.07326830956410954,-0.7433387871977033,7.512951779723096,-0.2006027135712599,-0.06231769528497558,-0.2568645196271742,-0.18439088914585774,-0.34151232707830076,-0.06231769528497557,-0.04402254531628119,-0.17285970637383774,-0.7060812450686401,2.446729753464098,-0.44044906750083573,-0.4744665250703386,-0.36574845156823477,-0.3758727885879516,-0.3415123270783008,2.166765369851511
-0.7221360367494402,-0.24400101447758565,-0.9510244612916703,-1.3358285946095774,-0.799915689448286,-1.4097850973125217,-2.463222062533732,-1.4285766979160186,2.504246502511703,-0.07326830956410954,-0.7433387871977033,7.512951779723096,-0.2006027135712599,-0.06231769528497558,-0.2568645196271742,-0.18439088914585774,-0.34151232707830076,-0.06231769528497557,-0.04402254531628119,-0.17285970637383774,-0.7060812450686401,2.446729753464098,-0.44044906750083573,-0.4744665250703386,-0.36574845156823477,-0.3758727885879516,-0.3415123270783008,2.5726122302071057
-0.2895238339690686,-0.24400101447758565,-0.9510244612916703,-1.3358285946095774,-0.799915689448286,-1.4097850973125217,-2.463222062533732,-1.4285766979160186,2.504246502511703,-0.07326830956410954,-0.7433387871977033,7.512951779723096,-0.2006027135712599,-0.06231769528497558,-0.2568645196271742,-0.18439088914585774,-0.34151232707830076,-0.06231769528497557,-0.04402254531628119,-0.17285970637383774,-0.7060812450686401,2.446729753464098,-0.44044906750083573,-0.4744665250703386,-0.36574845156823477,-0.3758727885879516,-0.3415123270783008,3.2422016501716975
-0.2895238339690686,-0.24400101447758565,-0.9510244612916703,-1.3358285946095774,-0.799915689448286,-1.4097850973125217,-2.463222062533732,-1.4285766979160186,2.504246502511703,-0.07326830956410954,-0.7433387871977033,7.512951779723096,-0.2006027135712599,-0.06231769528497558,-0.2568645196271742,-0.18439088914585774,-0.34151232707830076,-0.06231769528497557,-0.04402254531628119,-0.17285970637383774,-0.7060812450686401,2.446729753464098,-0.44044906750083573,-0.4744665250703386,-0.36574845156823477,-0.3758727885879516,-0.3415123270783008,2.642622395779755
-0.2895238339690686,1.3837218821019228,-1.0779563265107213,-1.3155111777195432,-0.7882139388090551,-1.0804813795517203,-2.8769433397170627,0.9024712927200367,0.49298233125305885,-0.07326830956410954,-0.7433387871977033,7.512951779723096,-0.2006027135712599,-0.06231769528497558,-0.2568645196271742,-0.18439088914585774,-0.34151232707830076,-0.06231769528497557,-0.04402254531628119,-0.17285970637383774,-0.7060812450686401,-0.4087088075763956,-0.44044906750083573,-0.4744665250703386,-0.36574845156823477,-0.3758727885879516,-0.3415123270783008,3.3738261848660236
0.5757005715916745,0.5698604338121686,-0.9510244612916703,-1.3358285946095774,-0.799915689448286,-1.4097850973125217,-2.3770301297872045,-1.2445465933921194,2.504246502511703,-0.07326830956410954,-0.7433387871977033,7.512951779723096,-0.2006027135712599,-0.06231769528497558,-0.2568645196271742,-0.18439088914585774,-0.34151232707830076,-0.06231769528497557,-0.04402254531628119,-0.17285970637383774,-0.7060812450686401,-0.4087088075763956,-0.44044906750083573,-0.4744665250703386,-0.36574845156823477,2.660474581724095,-0.3415123270783008,2.511223958105374
0.5757005715916745,-1.0578624627673399,-1.0416900793052777,-1.3030081519410608,-0.7845823610244664,-1.2341564478400942,-2.5321756087309537,0.4117243473229724,-0.009833711561602487,-0.07326830956410954,-0.7433387871977033,-0.13310347641241707,4.984977432245808,-0.06231769528497558,-0.2568645196271742,-0.18439088914585774,-0.34151232707830076,-0.06231769528497557,-0.04402254531628119,-0.17285970637383774,-0.7060812450686401,-0.4087088075763956,-0.44044906750083573,2.1076302482071885,-0.36574845156823477,-0.3758727885879516,-0.3415123270783008,0.0
-0.7221360367494402,-0.24400101447758565,-0.679027607250848,-1.6296497004039174,-2.13552929689151,-1.278063610208201,-1.739209827462903,-0.569769543471156,-0.5126497543762636,-0.07326830956410954,-0.7433387871977033,-0.13310347641241707,4.984977432245808,-0.06231769528497558,-0.2568645196271742,-0.18439088914585774,-0.34151232707830076,-0.06231769528497557,-0.04402254531628119,-0.17285970637383774,-0.7060812450686401,-0.4087088075763956,-0.44044906750083573,-0.4744665250703386,-0.36574845156823477,-0.3758727885879516,2.9281519895787644,1.1568811967920856
0.14308836881130294,-0.24400101447758565,-0.9872907084971138,-1.6562186301831927,-2.1472310475307412,-0.597502593502545,-1.963308852603874,0.10500750644980723,2.2249042565035584,-0.07326830956410954,-0.7433387871977033,-0.13310347641241707,4.984977432245808,-0.06231769528497558,-0.2568645196271742,-0.18439088914585774,-0.34151232707830076,-0.06231769528497557,-0.04402254531628119,-0.17285970637383774,-0.7060812450686401,-0.4087088075763956,-0.44044906750083573,-0.4744665250703386,-0.36574845156823477,-0.3758727885879516,-0.3415123270783008,4.27332721775054
-1.1547482395298116,0.5698604338121686,0.5902910449396563,0.9194046801842128,-0.5493368223116567,0.7197122775406607,0.7775946087356909,-0.26305270259799096,1.2751406200758648,-0.07326830956410954,-0.7433387871977033,-0.13310347641241707,-0.2006027135712599,-0.06231769528497558,3.8931028755993595,-0.18439088914585774,-0.34151232707830076,-0.06231769528497557,-0.04402254531628119,-0.17285970637383774,-0.7060812450686401,-0.4087088075763956,-0.44044906750083573,2.1076302482071885,-0.36574845156823477,-0.3758727885879516,-0.3415123270783008,0.0
1.0083127743720461,1.3837218821019228,0.10069670766617561,1.1288303619737956,-0.444828083844045,0.7636194399087675,-1.0841511385892966,2.804115706133661,2.001430459697042,0.6031551912331161,-0.7433387871977033,-0.13310347641241707,-0.2006027135712599,-0.06231769528497558,3.8931028755993595,-0.18439088914585774,-0.34151232707830076,-0.06231769528497557,-0.04402254531628119,-0.17285970637383774,-0.7060812450686401,-0.4087088075763956,-0.44044906750083573,-0.4744665250703386,-0.36574845156823477,-0.3758727885879516,2.9281519895787644,0.0
1.0083127743720461,-0.24400101447758565,0.17322920207706002,-0.10428055542904595,-0.2947228687477068,-0.004755901533102472,0.5534955835947206,0.28903761097370634,-0.7361235511827796,-0.07326830956410954,-0.7433387871977033,-0.13310347641241707,-0.2006027135712599,-0.06231769528497558,3.8931028755993595,-0.18439088914585774,-0.34151232707830076,-0.06231769528497557,-0.04402254531628119,-0.17285970637383774,-0.7060812450686401,-0.4087088075763956,2.2704100741412128,-0.4744665250703386,-0.36574845156823477,-0.3758727885879516,-0.3415123270783008,0.41871033485818504
1.0083127743720461,-0.24400101447758565,0.17322920207706002,-0.10428055542904595,-0.2947228687477068,-0.004755901533102472,0.9155017011301345,-0.7537996479950552,-1.238939593997441,-0.07326830956410954,-0.7433387871977033,-0.13310347641241707,-0.2006027135712599,-0.06231769528497558,3.8931028755993595,-0.18439088914585774,-0.34151232707830076,-0.06231769528497557,-0.04402254531628119,-0.17285970637383774,-0.7060812450686401,-0.4087088075763956,2.2704100741412128,-0.4744665250703386,-0.36574845156823477,-0.3758727885879516,-0.3415123270783008,0.0
1.0083127743720461,-0.24400101447758565,0.17322920207706002,-0.10428055542904595,-0.2947228687477068,-0.004755901533102472,0.9327400876794403,-0.8764863843443212,-1.238939593997441,-0.07326830956410954,-0.7433387871977033,-0.13310347641241707,-0.2006027135712599,-0.06231769528497558,3.8931028755993595,-0.18439088914585774,-0.34151232707830076,-0.06231769528497557,-0.04402254531628119,-0.17285970637383774,-0.7060812450686401,-0.4087088075763956,2.2704100741412128,-0.4744665250703386,-0.36574845156823477,-0.3758727885879516,-0.3415123270783008,0.2851789422336624
-1.1547482395298116,0.5698604338121686,0.17322920207706002,-0.10428055542904595,-0.2947228687477068,-0.004755901533102472,-0.03260955908166472,0.5344110836722384,-1.238939593997441,-0.07326830956410954,-0.7433387871977033,-0.13310347641241707,-0.2006027135712599,-0.06231769528497558,3.8931028755993595,-0.18439088914585774,-0.34151232707830076,-0.06231769528497557,-0.04402254531628119,-0.17285970637383774,-0.7060812450686401,-0.4087088075763956,2.2704100741412128,-0.4744665250703386,-0.36574845156823477,-0.3758727885879516,-0.3415123270783008,0.0
1.8735371799327891,-0.24400101447758565,0.17322920207706002,-0.10428055542904595,-0.2947228687477068,-0.004755901533102472,1.1051239531724946,-0.324396070772624,-1.741755636812102,-0.07326830956410954,-0.7433387871977033,-0.13310347641241707,-0.2006027135712599,-0.06231769528497558,3.8931028755993595,-0.18439088914585774,-0.34151232707830076,-0.06231769528497557,-0.04402254531628119,-0.17285970637383774,-0.7060812450686401,-0.4087088075763956,2.2704100741412128,-0.4744665250703386,-0.36574845156823477,-0.3758727885879516,-0.3415123270783008,2.329227023940467
-0.2895238339690686,0.5698604338121686,0.17322920207706002,-0.16679568432145872,-0.32942461202266654,-0.597502593502545,0.6914026759891637,-0.26305270259799096,-1.518281840005586,-0.07326830956410954,-0.7433387871977033,-0.13310347641241707,-0.2006027135712599,-0.06231769528497558,3.8931028755993595,-0.18439088914585774,-0.34151232707830076,-0.06231769528497557,-0.04402254531628119,-0.17285970637383774,-0.7060812450686401,-0.4087088075763956,-0.44044906750083573,-0.4744665250703386,-0.36574845156823477,-0.3758727885879516,-0.3415123270783008,1.5644405465033644
1.0083127743720461,1.3837218821019228,0.4452260561178824,1.0866326499714172,-0.47267018019255924,0.43431572214796604,1.3809381379613814,-0.9991731206935873,0.772324577261204,-0.07326830956410954,-0.7433387871977033,-0.13310347641241707,-0.2006027135712599,-0.06231769528497558,3.8931028755993595,-0.18439088914585774,-0.34151232707830076,-0.06231769528497557,-0.04402254531628119,-0.17285970637383774,-0.7060812450686401,-0.4087088075763956,-0.44044906750083573,-0.4744665250703386,-0.36574845156823477,2.660474581724095,-0.3415123270783008,2.21046980408624
1.4409249771524177,1.3837218821019228,0.300161067296111,-0.3449638016648352,-0.43191580727661805,-0.1145238074533696,-0.30842374387055144,1.3932182381171008,-0.2333075083681185,-0.07326830956410954,-0.7433387871977033,-0.13310347641241707,-0.2006027135712599,-0.06231769528497558,3.8931028755993595,-0.18439088914585774,-0.34151232707830076,-0.06231769528497557,-0.04402254531628119,-0.17285970637383774,-0.7060812450686401,-0.4087088075763956,-0.44044906750083573,-0.4744665250703386,-0.36574845156823477,2.660474581724095,-0.3415123270783008,1.1908875647772805
1.0083127743720461,0.5698604338121686,0.4452260561178824,1.0866326499714172,-0.47267018019255924,0.43431572214796604,0.5707339701440257,0.2276942427990733,-1.518281840005586,-0.07326830956410954,-0.7433387871977033,-0.13310347641241707,-0.2006027135712599,-0.06231769528497558,-0.2568645196271742,5.423261445466405,-0.34151232707830076,-0.06231769528497557,-0.04402254531628119,-0.17285970637383774,-0.7060812450686401,-0.4087088075763956,-0.44044906750083573,2.1076302482071885,-0.36574845156823477,-0.3758727885879516,-0.3415123270783008,0.0
0.5757005715916745,-0.24400101447758565,-0.044368281155595796,-0.3340236541086629,-1.037582280017488,-0.5755490123184914,-0.7910985672511038,0.10500750644980723,-1.238939593997441,-0.07326830956410954,-0.7433387871977033,-0.13310347641241707,-0.2006027135712599,-0.06231769528497558,-0.2568645196271742,5.423261445466405,-0.34151232707830076,-0.06231769528497557,-0.04402254531628119,-0.17285970637383774,-0.7060812450686401,-0.4087088075763956,-0.44044906750083573,2.1076302482071885,-0.36574845156823477,-0.3758727885879516,-0.3415123270783008,1.1019400787607843
1.4409249771524177,1.3837218821019228,-0.044368281155595796,-0.3340236541086629,-1.037582280017488,-0.5755490123184914,-0.6014763152087441,0.04366413827517421,-1.0154657971909247,-0.07326830956410954,-0.7433387871977033,-0.13310347641241707,-0.2006027135712599,-0.06231769528497558,-0.2568645196271742,5.423261445466405,-0.34151232707830076,-0.06231769528497557,-0.04402254531628119,-0.17285970637383774,-0.7060812450686401,-0.4087088075763956,-0.44044906750083573,2.1076302482071885,-0.36574845156823477,-0.3758727885879516,-0.3415123270783008,0.0
1.4409249771524177,1.3837218821019228,0.10069670766617561,0.5771343494982533,-0.6889508126969607,0.8075266022768741,0.12253591986208462,-0.07902259807409186,0.49298233125305885,-0.07326830956410954,-0.7433387871977033,-0.13310347641241707,-0.2006027135712599,-0.06231769528497558,-0.2568645196271742,5.423261445466405,-0.34151232707830076,-0.06231769528497557,-0.04402254531628119,-0.17285970637383774,-0.7060812450686401,-0.4087088075763956,-0.44044906750083573,-0.4744665250703386,-0.36574845156823477,-0.3758727885879516,2.9281519895787644,0.0
0.5757005715916745,0.5698604338121686,-6.753624014162549,-0.6231561252360719,-1.2675822063747804,-1.8927638833616969,-1.4289188695754054,2.804115706133661,-0.7361235511827796,-0.07326830956410954,-0.7433387871977033,-0.13310347641241707,-0.2006027135712599,-0.06231769528497558,-0.2568645196271742,5.423261445466405,-0.34151232707830076,-0.06231769528497557,-0.04402254531628119,-0.17285970637383774,-0.7060812450686401,-0.4087088075763956,2.2704100741412128,-0.4744665250703386,-0.36574845156823477,-0.3758727885879516,-0.3415123270783008,0.3852624007906449
0.5757005715916745,0.5698604338121686,-0.044368281155595796,-0.27463428166087084,-1.0081261490980453,-0.3340596192939039,0.3121581719044441,-1.1832032252174864,0.49298233125305885,-0.07326830956410954,-0.7433387871977033,-0.13310347641241707,-0.2006027135712599,-0.06231769528497558,-0.2568645196271742,5.423261445466405,-0.34151232707830076,-0.06231769528497557,-0.04402254531628119,-0.17285970637383774,-0.7060812450686401,2.446729753464098,-0.44044906750083573,-0.4744665250703386,-0.36574845156823477,-0.3758727885879516,-0.3415123270783008,0.0
0.5757005715916745,0.5698604338121686,-0.044368281155595796,-0.27463428166087084,-1.0081261490980453,-0.3340596192939039,0.03634398711555741,-0.324396070772624,0.772324577261204,-0.07326830956410954,-0.7433387871977033,-0.13310347641241707,-0.2006027135712599,-0.06231769528497558,-0.2568645196271742,5.423261445466405,-0.34151232707830076,-0.06231769528497557,-0.04402254531628119,-0.17285970637383774,-0.7060812450686401,2.446729753464098,-0.44044906750083573,-0.4744665250703386,-0.36574845156823477,-0.3758727885879516,-0.3415123270783008,2.020222182019865
-0.7221360367494402,1.3837218821019228,0.08256358406345257,-0.26213125588238834,-1.274441853301226,-0.42187394403011763,0.05358237366486249,-0.385739438947257,0.2695085344465426,-0.07326830956410954,-0.7433387871977033,-0.13310347641241707,-0.2006027135712599,-0.06231769528497558,-0.2568645196271742,5.423261445466405,-0.34151232707830076,-0.06231769528497557,-0.04402254531628119,-0.17285970637383774,-0.7060812450686401,-0.4087088075763956,-0.44044906750083573,-0.4744665250703386,-0.36574845156823477,-0.3758727885879516,-0.3415123270783008,0.0
-0.7221360367494402,1.3837218821019228,0.08256358406345257,-0.26213125588238834,-1.274441853301226,-0.42187394403011763,0.05358237366486249,-0.385739438947257,0.2695085344465426,-0.07326830956410954,-0.7433387871977033,-0.13310347641241707,-0.2006027135712599,-0.06231769528497558,-0.2568645196271742,5.423261445466405,-0.34151232707830076,-0.06231769528497557,-0.04402254531628119,-0.17285970637383774,-0.7060812450686401,-0.4087088075763956,-0.44044906750083573,-0.4744665250703386,-0.36574845156823477,-0.3758727885879516,-0.3415123270783008,0.0
0.5757005715916745,0.5698604338121686,-1.0054238320998368,-1.2951937608295092,-1.7517925776532908,-1.212202866656041,-1.308250163730267,3.0494891788321925,0.49298233125305885,-0.07326830956410954,-0.7433387871977033,-0.13310347641241707,-0.2006027135712599,-0.06231769528497558,-0.2568645196271742,-0.18439088914585774,-0.34151232707830076,16.04680653588121,-0.04402254531628119,-0.17285970637383774,-0.7060812450686401,-0.4087088075763956,2.2704100741412128,-0.4744665250703386,-0.36574845156823477,-0.3758727885879516,-0.3415123270783008,0.0
-1.5873604423101833,-0.24400101447758565,-0.18943326997736978,-0.4184190781134202,0.6712768219529214,-0.7292240806068655,0.019105600566251726,0.4730677154976054,-1.0154657971909247,-0.07326830956410954,-0.7433387871977033,-0.13310347641241707,-0.2006027135712599,-0.06231769528497558,-0.2568645196271742,-0.18439088914585774,-0.34151232707830076,-0.06231769528497557,-0.04402254531628119,-0.17285970637383774,1.4162676136551213,-0.4087088075763956,-0.44044906750083573,2.1076302482071885,-0.36574845156823477,-0.3758727885879516,-0.3415123270783008,0.0
1.0083127743720461,-0.24400101447758565,-0.18943326997736978,-0.4184190781134202,0.6712768219529214,-0.7292240806068655,-0.30842374387055144,0.5344110836722384,0.772324577261204,-0.07326830956410954,-0.7433387871977033,-0.13310347641241707,-0.2006027135712599,-0.06231769528497558,-0.2568645196271742,-0.18439088914585774,-0.34151232707830076,-0.06231769528497557,-0.04402254531628119,-0.17285970637383774,1.4162676136551213,-0.4087088075763956,-0.44044906750083573,2.1076302482071885,-0.36574845156823477,-0.3758727885879516,-0.3415123270783008,0.0
-0.7221360367494402,-0.24400101447758565,-0.18943326997736978,-0.4184190781134202,0.6712768219529214,-0.7292240806068655,0.846548154932913,-0.569769543471156,-0.2333075083681185,-0.07326830956410954,-0.7433387871977033,-0.13310347641241707,-0.2006027135712599,-0.06231769528497558,-0.2568645196271742,-0.18439088914585774,-0.34151232707830076,-0.06231769528497557,-0.04402254531628119,-0.17285970637383774,1.4162676136551213,-0.4087088075763956,-0.44044906750083573,2.1076302482071885,-0.36574845156823477,-0.3758727885879516,-0.3415123270783008,0.5653138090500605
-1.1547482395298116,-0.24400101447758565,0.318294190898834,-0.07927450387208093,0.848013607469578,0.19282632912337844,-0.4980459959129115,0.04366413827517421,-1.238939593997441,-0.07326830956410954,-0.7433387871977033,-0.13310347641241707,-0.2006027135712599,-0.06231769528497558,-0.2568645196271742,-0.18439088914585774,-0.34151232707830076,-0.06231769528497557,-0.04402254531628119,-0.17285970637383774,1.4162676136551213,-0.4087088075763956,-0.44044906750083573,2.1076302482071885,-0.36574845156823477,-0.3758727885879516,-0.3415123270783008,0.0
-1.1547482395298116,-0.24400101447758565,0.318294190898834,-0.07927450387208093,0.848013607469578,0.19282632912337844,1.0361704069752724,-1.0605164888682204,-1.0154657971909247,-0.07326830956410954,-0.7433387871977033,-0.13310347641241707,-0.2006027135712599,-0.06231769528497558,-0.2568645196271742,-0.18439088914585774,-0.34151232707830076,-0.06231769528497557,-0.04402254531628119,-0.17285970637383774,1.4162676136551213,-0.4087088075763956,-0.44044906750083573,2.1076302482071885,-0.36574845156823477,-0.3758727885879516,-0.3415123270783008,0.0
1.0083127743720461,-0.24400101447758565,0.318294190898834,-0.07927450387208093,0.848013607469578,0.19282632912337844,1.1051239531724946,-1.0605164888682204,-0.7361235511827796,-0.07326830956410954,-0.7433387871977033,-0.13310347641241707,-0.2006027135712599,-0.06231769528497558,-0.2568645196271742,-0.18439088914585774,-0.34151232707830076,-0.06231769528497557,-0.04402254531628119,-0.17285970637383774,1.4162676136551213,-0.4087088075763956,-0.44044906750083573,2.1076302482071885,-0.36574845156823477,-0.3758727885879516,-0.3415123270783008,0.0
0.5757005715916745,-1.0578624627673399,0.318294190898834,-0.07927450387208093,0.848013607469578,0.19282632912337844,1.0189320204259675,-0.9991731206935873,-1.238939593997441,-0.07326830956410954,-0.7433387871977033,-0.13310347641241707,-0.2006027135712599,-0.06231769528497558,-0.2568645196271742,-0.18439088914585774,-0.34151232707830076,-0.06231769528497557,-0.04402254531628119,-0.17285970637383774,1.4162676136551213,-0.4087088075763956,-0.44044906750083573,2.1076302482071885,-0.36574845156823477,-0.3758727885879516,-0.3415123270783008,2.462149662665384
-1.1547482395298116,-0.24400101447758565,-7.297617722244193,-1.010749924369031,0.6402066564625506,-1.8927638833616969,-1.1531046847865183,2.0679952880380643,1.2751406200758648,-0.07326830956410954,-0.7433387871977033,-0.13310347641241707,-0.2006027135712599,-0.06231769528497558,-0.2568645196271742,-0.18439088914585774,-0.34151232707830076,-0.06231769528497557,-0.04402254531628119,-0.17285970637383774,1.4162676136551213,-0.4087088075763956,-0.44044906750083573,2.1076302482071885,-0.36574845156823477,-0.3758727885879516,-0.3415123270783008,0.0
0.5757005715916745,0.5698604338121686,0.35456043810427496,0.07076180546970982,0.9246802495886755,-0.04866306390120917,0.9327400876794403,-1.0605164888682204,0.49298233125305885,-0.07326830956410954,-0.7433387871977033,-0.13310347641241707,-0.2006027135712599,-0.06231769528497558,-0.2568645196271742,-0.18439088914585774,-0.34151232707830076,-0.06231769528497557,-0.04402254531628119,-0.17285970637383774,1.4162676136551213,-0.4087088075763956,-0.44044906750083573,-0.4744665250703386,-0.36574845156823477,-0.3758727885879516,2.9281519895787644,0.0
-0.2895238339690686,-0.24400101447758565,0.35456043810427496,0.07076180546970982,0.9246802495886755,-0.04866306390120917,0.1397743064113897,-0.20170933442335792,-1.238939593997441,-0.07326830956410954,-0.7433387871977033,-0.13310347641241707,-0.2006027135712599,-0.06231769528497558,-0.2568645196271742,-0.18439088914585774,-0.34151232707830076,-0.06231769528497557,-0.04402254531628119,-0.17285970637383774,1.4162676136551213,-0.4087088075763956,-0.44044906750083573,-0.4744665250703386,-0.36574845156823477,-0.3758727885879516,2.9281519895787644,0.8153648132841945
-0.7221360367494402,-0.24400101447758565,0.10069670766617561,0.37239730237560115,1.0876977412524405,-0.3999203628460641,-0.06708633218027547,-0.8764863843443212,-0.7361235511827796,-0.07326830956410954,-0.7433387871977033,-0.13310347641241707,-0.2006027135712599,-0.06231769528497558,-0.2568645196271742,-0.18439088914585774,-0.34151232707830076,-0.06231769528497557,-0.04402254531628119,-0.17285970637383774,1.4162676136551213,-0.4087088075763956,-0.44044906750083573,-0.4744665250703386,-0.36574845156823477,-0.3758727885879516,2.9281519895787644,0.3435897043900769
-0.2895238339690686,0.5698604338121686,0.318294190898834,-0.22931081321387148,0.7725574912786766,-0.09257022626931626,-0.049847945630969795,-1.2445465933921194,0.9957983740677198,-0.07326830956410954,-0.7433387871977033,-0.13310347641241707,-0.2006027135712599,-0.06231769528497558,-0.2568645196271742,-0.18439088914585774,-0.34151232707830076,-0.06231769528497557,-0.04402254531628119,-0.17285970637383774,1.4162676136551213,-0.4087088075763956,-0.44044906750083573,-0.4744665250703386,2.734119572378935,-0.3758727885879516,-0.3415123270783008,0.0
-0.2895238339690686,-0.24400101447758565,0.318294190898834,-0.22931081321387148,0.7725574912786766,-0.09257022626931626,0.05358237366486249,-1.2445465933921194,0.49298233125305885,-0.07326830956410954,-0.7433387871977033,-0.13310347641241707,-0.2006027135712599,-0.06231769528497558,-0.2568645196271742,-0.18439088914585774,-0.34151232707830076,-0.06231769528497557,-0.04402254531628119,-0.17285970637383774,1.4162676136551213,-0.4087088075763956,-0.44044906750083573,-0.4744665250703386,2.734119572378935,-0.3758727885879516,-0.3415123270783008,1.0647107369924282
0.5757005715916745,0.5698604338121686,0.3908266853097184,0.12702542147288123,0.9505048027235292,-0.3340596192939039,0.4673036508481934,-1.0605164888682204,-1.0154657971909247,-0.07326830956410954,-0.7433387871977033,-0.13310347641241707,-0.2006027135712599,-0.06231769528497558,-0.2568645196271742,-0.18439088914585774,-0.34151232707830076,-0.06231769528497557,-0.04402254531628119,-0.17285970637383774,1.4162676136551213,-0.4087088075763956,-0.44044906750083573,-0.4744665250703386,2.734119572378935,-0.3758727885879516,-0.3415123270783008,0.0
0.14308836881130294,-0.24400101447758565,0.3908266853097184,0.12702542147288123,0.9505048027235292,-0.3340596192939039,0.4673036508481934,-0.9991731206935873,1.2751406200758648,-0.07326830956410954,-0.7433387871977033,-0.13310347641241707,-0.2006027135712599,-0.06231769528497558,-0.2568645196271742,-0.18439088914585774,-0.34151232707830076,-0.06231769528497557,-0.04402254531628119,-0.17285970637383774,1.4162676136551213,-0.4087088075763956,-0.44044906750083573,-0.4744665250703386,2.734119572378935,-0.3758727885879516,-0.3415123270783008,2.020222182019865
0.5757005715916745,-1.0578624627673399,0.3908266853097184,0.12702542147288123,0.9505048027235292,-0.3340596192939039,0.0018672140169460397,-0.6311129116457891,1.7779566628905261,-0.07326830956410954,-0.7433387871977033,-0.13310347641241707,-0.2006027135712599,-0.06231769528497558,-0.2568645196271742,-0.18439088914585774,-0.34151232707830076,-0.06231769528497557,-0.04402254531628119,-0.17285970637383774,1.4162676136551213,-0.4087088075763956,-0.44044906750083573,-0.4744665250703386,2.734119572378935,-0.3758727885879516,-0.3415123270783008,3.2422016501716975
-1.5873604423101833,-0.24400101447758565,0.3908266853097184,0.12702542147288123,0.9505048027235292,-0.3340596192939039,-0.36013890351846783,-0.9991731206935873,-0.009833711561602487,-0.07326830956410954,-0.7433387871977033,-0.13310347641241707,-0.2006027135712599,-0.06231769528497558,-0.2568645196271742,-0.18439088914585774,-0.34151232707830076,-0.06231769528497557,-0.04402254531628119,-0.17285970637383774,1.4162676136551213,-0.4087088075763956,-0.44044906750083573,-0.4744665250703386,2.734119572378935,-0.3758727885879516,-0.3415123270783008,2.727199019940971
0.5757005715916745,0.5698604338121686,0.3908266853097184,0.12702542147288123,0.9505048027235292,-0.3340596192939039,-0.36013890351846783,-0.9991731206935873,-0.009833711561602487,-0.07326830956410954,-0.7433387871977033,-0.13310347641241707,-0.2006027135712599,-0.06231769528497558,-0.2568645196271742,-0.18439088914585774,-0.34151232707830076,-0.06231769528497557,-0.04402254531628119,-0.17285970637383774,1.4162676136551213,-0.4087088075763956,-0.44044906750083573,-0.4744665250703386,2.734119572378935,-0.3758727885879516,-0.3415123270783008,1.925707441737794
-0.7221360367494402,0.5698604338121686,0.010031089652568161,0.40678062326642844,1.1090836993172413,-0.4877346875822779,-1.0324359789413802,-0.324396070772624,-0.7361235511827796,-0.07326830956410954,-0.7433387871977033,-0.13310347641241707,-0.2006027135712599,-0.06231769528497558,-0.2568645196271742,-0.18439088914585774,-0.34151232707830076,-0.06231769528497557,-0.04402254531628119,-0.17285970637383774,1.4162676136551213,-0.4087088075763956,-0.44044906750083573,-0.4744665250703386,2.734119572378935,-0.3758727885879516,-0.3415123270783008,1.208960345836975
0.5757005715916745,0.5698604338121686,-0.4614301240181921,-0.8997855705849984,0.7221189109371651,-0.7950848241590257,-0.8945288865469367,0.7184411881961376,-1.238939593997441,-0.07326830956410954,-0.7433387871977033,-0.13310347641241707,-0.2006027135712599,-0.06231769528497558,-0.2568645196271742,-0.18439088914585774,-0.34151232707830076,-0.06231769528497557,-0.04402254531628119,-0.17285970637383774,1.4162676136551213,-0.4087088075763956,-0.44044906750083573,-0.4744665250703386,2.734119572378935,-0.3758727885879516,-0.3415123270783008,0.6678293725756554
-1.5873604423101833,-0.24400101447758565,0.2820279436933905,-0.1339752416529421,0.8213820370492598,-0.13647738863742295,0.9155017011301345,-1.0605164888682204,-0.5126497543762636,-0.07326830956410954,-0.7433387871977033,-0.13310347641241707,-0.2006027135712599,-0.06231769528497558,-0.2568645196271742,-0.18439088914585774,-0.34151232707830076,-0.06231769528497557,-0.04402254531628119,-0.17285970637383774,1.4162676136551213,-0.4087088075763956,2.2704100741412128,-0.4744665250703386,-0.36574845156823477,-0.3758727885879516,-0.3415123270783008,0.0
0.14308836881130294,-0.24400101447758565,0.2820279436933905,-0.1339752416529421,0.8213820370492598,-0.13647738863742295,0.8982633145808294,-1.0605164888682204,-0.5126497543762636,-0.07326830956410954,-0.7433387871977033,-0.13310347641241707,-0.2006027135712599,-0.06231769528497558,-0.2568645196271742,-0.18439088914585774,-0.34151232707830076,-0.06231769528497557,-0.04402254531628119,-0.17285970637383774,1.4162676136551213,-0.4087088075763956,2.2704100741412128,-0.4744665250703386,-0.36574845156823477,-0.3758727885879516,-0.3415123270783008,0.0
0.5757005715916745,0.5698604338121686,0.2820279436933905,-0.1339752416529421,0.8213820370492598,-0.13647738863742295,0.3983501046509713,-0.7537996479950552,-1.0154657971909247,-0.07326830956410954,-0.7433387871977033,-0.13310347641241707,-0.2006027135712599,-0.06231769528497558,-0.2568645196271742,-0.18439088914585774,-0.34151232707830076,-0.06231769528497557,-0.04402254531628119,-0.17285970637383774,1.4162676136551213,-0.4087088075763956,2.2704100741412128,-0.4744665250703386,-0.36574845156823477,-0.3758727885879516,-0.3415123270783008,0.0
0.5757005715916745,0.5698604338121686,0.2820279436933905,-0.1339752416529421,0.8213820370492598,-0.13647738863742295,0.1397743064113897,-0.569769543471156,-1.238939593997441,-0.07326830956410954,-0.7433387871977033,-0.13310347641241707,-0.2006027135712599,-0.06231769528497558,-0.2568645196271742,-0.18439088914585774,-0.34151232707830076,-0.06231769528497557,-0.04402254531628119,-0.17285970637383774,1.4162676136551213,-0.4087088075763956,2.2704100741412128,-0.4744665250703386,-0.36574845156823477,-0.3758727885879516,-0.3415123270783008,0.0
-0.2895238339690686,-1.0578624627673399,0.2820279436933905,-0.1339752416529421,0.8213820370492598,-0.13647738863742295,0.7948329952849966,-1.0605164888682204,-0.009833711561602487,-0.07326830956410954,-0.7433387871977033,-0.13310347641241707,-0.2006027135712599,-0.06231769528497558,-0.2568645196271742,-0.18439088914585774,-0.34151232707830076,-0.06231769528497557,-0.04402254531628119,-0.17285970637383774,1.4162676136551213,-0.4087088075763956,2.2704100741412128,-0.4744665250703386,-0.36574845156823477,-0.3758727885879516,-0.3415123270783008,1.951608170169951
-0.7221360367494402,-1.0578624627673399,0.2820279436933905,-0.1339752416529421,0.8213820370492598,-0.13647738863742295,0.9155017011301345,-1.0605164888682204,-0.5126497543762636,-0.07326830956410954,-0.7433387871977033,-0.13310347641241707,-0.2006027135712599,-0.06231769528497558,-0.2568645196271742,-0.18439088914585774,-0.34151232707830076,-0.06231769528497557,-0.04402254531628119,-0.17285970637383774,1.4162676136551213,-0.4087088075763956,2.2704100741412128,-0.4744665250703386,-0.36574845156823477,-0.3758727885879516,-0.3415123270783008,3.7914360424390283
1.0083127743720461,-0.24400101447758565,0.10069670766617561,0.21142084547763854,0.9981188225659159,-0.1145238074533696,0.45006526429888777,-0.9991731206935873,0.2695085344465426,-0.07326830956410954,-0.7433387871977033,-0.13310347641241707,-0.2006027135712599,-0.06231769528497558,-0.2568645196271742,-0.18439088914585774,-0.34151232707830076,-0.06231769528497557,-0.04402254531628119,-0.17285970637383774,1.4162676136551213,-0.4087088075763956,2.2704100741412128,-0.4744665250703386,-0.36574845156823477,-0.3758727885879516,-0.3415123270783008,5.229824370102736
-0.2895238339690686,-0.24400101447758565,0.10069670766617561,0.21142084547763854,0.9981188225659159,-0.1145238074533696,-0.30842374387055144,-0.20170933442335792,-1.0154657971909247,-0.07326830956410954,-0.7433387871977033,-0.13310347641241707,-0.2006027135712599,-0.06231769528497558,-0.2568645196271742,-0.18439088914585774,-0.34151232707830076,-0.06231769528497557,-0.04402254531628119,-0.17285970637383774,1.4162676136551213,-0.4087088075763956,2.2704100741412128,-0.4744665250703386,-0.36574845156823477,-0.3758727885879516,-0.3415123270783008,4.267176792994939
-1.5873604423101833,-0.24400101447758565,0.2638948200906675,-0.36215546211024857,0.6987154096587039,0.10501200438716465,-0.136039878377497,0.5957544518468715,-0.5126497543762636,-0.07326830956410954,-0.7433387871977033,-0.13310347641241707,-0.2006027135712599,-0.06231769528497558,-0.2568645196271742,-0.18439088914585774,-0.34151232707830076,-0.06231769528497557,-0.04402254531628119,-0.17285970637383774,1.4162676136551213,2.446729753464098,-0.44044906750083573,-0.4744665250703386,-0.36574845156823477,-0.3758727885879516,-0.3415123270783008,1.3270750014599193
-1.1547482395298116,-1.0578624627673399,0.17322920207706002,-0.03863967009201251,0.8718206173907713,-0.6194561746865983,-0.1532782649268027,0.4117243473229724,0.772324577261204,-0.07326830956410954,-0.7433387871977033,-0.13310347641241707,-0.2006027135712599,-0.06231769528497558,-0.2568645196271742,-0.18439088914585774,-0.34151232707830076,-0.06231769528497557,-0.04402254531628119,-0.17285970637383774,1.4162676136551213,2.446729753464098,-0.44044906750083573,-0.4744665250703386,-0.36574845156823477,-0.3758727885879516,-0.3415123270783008,0.0
-0.2895238339690686,-1.0578624627673399,0.17322920207706002,-0.03863967009201251,0.8718206173907713,-0.6194561746865983,-1.5668259619698488,2.5587422334351286,-1.238939593997441,-0.07326830956410954,-0.7433387871977033,-0.13310347641241707,-0.2006027135712599,-0.06231769528497558,-0.2568645196271742,-0.18439088914585774,-0.34151232707830076,-0.06231769528497557,-0.04402254531628119,-0.17285970637383774,1.4162676136551213,2.446729753464098,-0.44044906750083573,-0.4744665250703386,-0.36574845156823477,-0.3758727885879516,-0.3415123270783008,0.0
1.0083127743720461,-0.24400101447758565,0.17322920207706002,-0.03863967009201251,0.8718206173907713,-0.6194561746865983,0.07082076021416817,-0.017679229899458825,-1.0154657971909247,-0.07326830956410954,-0.7433387871977033,-0.13310347641241707,-0.2006027135712599,-0.06231769528497558,-0.2568645196271742,-0.18439088914585774,-0.34151232707830076,-0.06231769528497557,-0.04402254531628119,-0.17285970637383774,1.4162676136551213,2.446729753464098,-0.44044906750083573,-0.4744665250703386,-0.36574845156823477,-0.3758727885879516,-0.3415123270783008,0.0
0.5757005715916745,-1.0578624627673399,0.17322920207706002,-0.03863967009201251,0.8718206173907713,-0.6194561746865983,0.7086410625384694,-0.6311129116457891,-1.0154657971909247,-0.07326830956410954,-0.7433387871977033,-0.13310347641241707,-0.2006027135712599,-0.06231769528497558,-0.2568645196271742,-0.18439088914585774,-0.34151232707830076,-0.06231769528497557,-0.04402254531628119,-0.17285970637383774,1.4162676136551213,2.446729753464098,-0.44044906750083573,-0.4744665250703386,-0.36574845156823477,-0.3758727885879516,-0.3415123270783008,2.166765369851511
1.4409249771524177,1.3837218821019228,0.17322920207706002,-0.03863967009201251,0.8718206173907713,-0.6194561746865983,0.656925902890553,-0.569769543471156,-1.0154657971909247,-0.07326830956410954,-0.7433387871977033,-0.13310347641241707,-0.2006027135712599,-0.06231769528497558,-0.2568645196271742,-0.18439088914585774,-0.34151232707830076,-0.06231769528497557,-0.04402254531628119,-0.17285970637383774,1.4162676136551213,2.446729753464098,-0.44044906750083573,-0.4744665250703386,-0.36574845156823477,-0.3758727885879516,-0.3415123270783008,2.5006159434931803
-1.1547482395298116,-0.24400101447758565,0.17322920207706002,-0.03863967009201251,0.8718206173907713,-0.6194561746865983,0.26044301225652766,-0.20170933442335792,-1.238939593997441,-0.07326830956410954,-0.7433387871977033,-0.13310347641241707,-0.2006027135712599,-0.06231769528497558,-0.2568645196271742,-0.18439088914585774,-0.34151232707830076,-0.06231769528497557,-0.04402254531628119,-0.17285970637383774,1.4162676136551213,2.446729753464098,-0.44044906750083573,-0.4744665250703386,-0.36574845156823477,-0.3758727885879516,-0.3415123270783008,1.6863989535702288
-1.1547482395298116,0.5698604338121686,0.17322920207706002,-0.03863967009201251,0.8718206173907713,-0.6194561746865983,0.07082076021416817,-0.017679229899458825,-1.0154657971909247,-0.07326830956410954,-0.7433387871977033,-0.13310347641241707,-0.2006027135712599,-0.06231769528497558,-0.2568645196271742,-0.18439088914585774,-0.34151232707830076,-0.06231769528497557,-0.04402254531628119,-0.17285970637383774,1.4162676136551213,2.446729753464098,-0.44044906750083573,-0.4744665250703386,-0.36574845156823477,-0.3758727885879516,-0.3415123270783008,0.959350221334602
1.4409249771524177,1.3837218821019228,0.22762857288522656,0.012935311244227976,0.8972416618828929,-0.5535954311344381,-0.5497611555608279,0.4117243473229724,-1.0154657971909247,-0.07326830956410954,-0.7433387871977033,-0.13310347641241707,-0.2006027135712599,-0.06231769528497558,-0.2568645196271742,-0.18439088914585774,-0.34151232707830076,-0.06231769528497557,-0.04402254531628119,-0.17285970637383774,1.4162676136551213,2.446729753464098,-0.44044906750083573,-0.4744665250703386,-0.36574845156823477,-0.3758727885879516,-0.3415123270783008,0.0
0.5757005715916745,-1.0578624627673399,0.15509607847433957,0.30050490414932657,1.045732842408303,-0.3340596192939039,0.294919785355139,-0.44708280712189,-1.238939593997441,-0.07326830956410954,-0.7433387871977033,-0.13310347641241707,-0.2006027135712599,-0.06231769528497558,-0.2568645196271742,-0.18439088914585774,-0.34151232707830076,-0.06231769528497557,-0.04402254531628119,-0.17285970637383774,1.4162676136551213,2.446729753464098,-0.44044906750083573,-0.4744665250703386,-0.36574845156823477,-0.3758727885879516,-0.3415123270783008,0.0
1.4409249771524177,1.3837218821019228,0.15509607847433957,0.30050490414932657,1.045732842408303,-0.3340596192939039,-0.5152843824622169,0.4117243473229724,0.2695085344465426,-0.07326830956410954,-0.7433387871977033,-0.13310347641241707,-0.2006027135712599,-0.06231769528497558,-0.2568645196271742,-0.18439088914585774,-0.34151232707830076,-0.06231769528497557,-0.04402254531628119,-0.17285970637383774,1.4162676136551213,2.446729753464098,-0.44044906750083573,-0.4744665250703386,-0.36574845156823477,-0.3758727885879516,-0.3415123270783008,1.4655675420143985
0.5757005715916745,-1.0578624627673399,0.15509607847433957,0.30050490414932657,1.045732842408303,-0.3340596192939039,-1.1531046847865183,1.3318748699424678,0.49298233125305885,-0.07326830956410954,-0.7433387871977033,-0.13310347641241707,-0.2006027135712599,-0.06231769528497558,-0.2568645196271742,-0.18439088914585774,-0.34151232707830076,-0.06231769528497557,-0.04402254531628119,-0.17285970637383774,1.4162676136551213,2.446729753464098,-0.44044906750083573,-0.4744665250703386,-0.36574845156823477,-0.3758727885879516,-0.3415123270783008,1.0784095813505903
-1.1547482395298116,-1.871723911057094,0.15509607847433957,0.30050490414932657,1.045732842408303,-0.3340596192939039,-0.36013890351846783,-0.07902259807409186,-0.5126497543762636,-0.07326830956410954,-0.7433387871977033,-0.13310347641241707,-0.2006027135712599,-0.06231769528497558,-0.2568645196271742,-0.18439088914585774,-0.34151232707830076,-0.06231769528497557,-0.04402254531628119,-0.17285970637383774,1.4162676136551213,2.446729753464098,-0.44044906750083573,-0.4744665250703386,-0.36574845156823477,-0.3758727885879516,-0.3415123270783008,1.4586150226995167
-1.5873604423101833,-0.24400101447758565,0.15509607847433957,0.30050490414932657,1.045732842408303,-0.3340596192939039,0.415588491200277,-0.569769543471156,-1.0154657971909247,-0.07326830956410954,-0.7433387871977033,-0.13310347641241707,-0.2006027135712599,-0.06231769528497558,-0.2568645196271742,-0.18439088914585774,-0.34151232707830076,-0.06231769528497557,-0.04402254531628119,-0.17285970637383774,1.4162676136551213,2.446729753464098,-0.44044906750083573,-0.4744665250703386,-0.36574845156823477,-0.3758727885879516,-0.3415123270783008,3.6975913947159578
0.14308836881130294,-0.24400101447758565,0.2638948200906675,-0.18555022298918258,0.7963645011998699,0.126965585571218,-1.5151108023219326,1.883965183514165,-0.2333075083681185,-0.07326830956410954,-0.7433387871977033,-0.13310347641241707,-0.2006027135712599,-0.06231769528497558,-0.2568645196271742,-0.18439088914585774,-0.34151232707830076,-0.06231769528497557,-0.04402254531628119,-0.17285970637383774,1.4162676136551213,-0.4087088075763956,-0.44044906750083573,-0.4744665250703386,-0.36574845156823477,-0.3758727885879516,-0.3415123270783008,0.0
-0.7221360367494402,-0.24400101447758565,0.2638948200906675,-0.18555022298918258,0.7963645011998699,0.126965585571218,-0.2567085842226356,0.7797845563707706,0.2695085344465426,-0.07326830956410954,-0.7433387871977033,-0.13310347641241707,-0.2006027135712599,-0.06231769528497558,-0.2568645196271742,-0.18439088914585774,-0.34151232707830076,-0.06231769528497557,-0.04402254531628119,-0.17285970637383774,1.4162676136551213,-0.4087088075763956,-0.44044906750083573,-0.4744665250703386,-0.36574845156823477,-0.3758727885879516,-0.3415123270783008,0.0
0.14308836881130294,-0.24400101447758565,0.2638948200906675,-0.18555022298918258,0.7963645011998699,0.126965585571218,-1.0496743654906855,1.2091881335932018,-0.2333075083681185,-0.07326830956410954,-0.7433387871977033,-0.13310347641241707,-0.2006027135712599,-0.06231769528497558,-0.2568645196271742,-0.18439088914585774,-0.34151232707830076,-0.06231769528497557,-0.04402254531628119,-0.17285970637383774,1.4162676136551213,-0.4087088075763956,-0.44044906750083573,-0.4744665250703386,-0.36574845156823477,-0.3758727885879516,-0.3415123270783008,0.9707789171582248
0.14308836881130294,-0.24400101447758565,0.2638948200906675,-0.18555022298918258,0.7963645011998699,0.126965585571218,-1.5151108023219326,1.883965183514165,-0.2333075083681185,-0.07326830956410954,-0.7433387871977033,-0.13310347641241707,-0.2006027135712599,-0.06231769528497558,-0.2568645196271742,-0.18439088914585774,-0.34151232707830076,-0.06231769528497557,-0.04402254531628119,-0.17285970637383774,1.4162676136551213,-0.4087088075763956,-0.44044906750083573,-0.4744665250703386,-0.36574845156823477,-0.3758727885879516,-0.3415123270783008,0.9400072584914712
-0.2895238339690686,-0.24400101447758565,0.2638948200906675,-0.18555022298918258,0.7963645011998699,0.126965585571218,-0.6014763152087441,0.5344110836722384,1.2751406200758648,-0.07326830956410954,-0.7433387871977033,-0.13310347641241707,-0.2006027135712599,-0.06231769528497558,-0.2568645196271742,-0.18439088914585774,-0.34151232707830076,-0.06231769528497557,-0.04402254531628119,-0.17285970637383774,1.4162676136551213,-0.4087088075763956,-0.44044906750083573,-0.4744665250703386,-0.36574845156823477,-0.3758727885879516,-0.3415123270783008,3.6336309798834576
1.0083127743720461,-0.24400101447758565,0.2638948200906675,-0.18555022298918258,0.7963645011998699,0.126965585571218,0.294919785355139,-0.07902259807409186,-0.2333075083681185,-0.07326830956410954,-0.7433387871977033,-0.13310347641241707,-0.2006027135712599,-0.06231769528497558,-0.2568645196271742,-0.18439088914585774,-0.34151232707830076,-0.06231769528497557,-0.04402254531628119,-0.17285970637383774,1.4162676136551213,-0.4087088075763956,-0.44044906750083573,-0.4744665250703386,-0.36574845156823477,-0.3758727885879516,-0.3415123270783008,0.6981347220709844
1.0083127743720461,-0.24400101447758565,0.2638948200906675,-0.18555022298918258,0.7963645011998699,0.126965585571218,0.15701269296069537,0.16635087462444026,-0.7361235511827796,-0.07326830956410954,-0.7433387871977033,-0.13310347641241707,-0.2006027135712599,-0.06231769528497558,-0.2568645196271742,-0.18439088914585774,-0.34151232707830076,-0.06231769528497557,-0.04402254531628119,-0.17285970637383774,1.4162676136551213,-0.4087088075763956,-0.44044906750083573,-0.4744665250703386,-0.36574845156823477,-0.3758727885879516,-0.3415123270783008,1.5040773967762742
1.0083127743720461,-0.24400101447758565,0.2638948200906675,-0.18555022298918258,0.7963645011998699,0.126965585571218,-0.03260955908166472,0.3503809791483394,-1.0154657971909247,-0.07326830956410954,-0.7433387871977033,-0.13310347641241707,-0.2006027135712599,-0.06231769528497558,-0.2568645196271742,-0.18439088914585774,-0.34151232707830076,-0.06231769528497557,-0.04402254531628119,-0.17285970637383774,1.4162676136551213,-0.4087088075763956,-0.44044906750083573,-0.4744665250703386,-0.36574845156823477,-0.3758727885879516,-0.3415123270783008,0.43178241642553783
-0.2895238339690686,-0.24400101447758565,0.2638948200906675,-0.18555022298918258,0.7963645011998699,0.126965585571218,0.32939655845374977,-0.569769543471156,0.49298233125305885,-0.07326830956410954,-0.7433387871977033,-0.13310347641241707,-0.2006027135712599,-0.06231769528497558,-0.2568645196271742,-0.18439088914585774,-0.34151232707830076,-0.06231769528497557,-0.04402254531628119,-0.17285970637383774,1.4162676136551213,-0.4087088075763956,-0.44044906750083573,-0.4744665250703386,-0.36574845156823477,-0.3758727885879516,-0.3415123270783008,4.08260930600368
-0.2895238339690686,-0.24400101447758565,0.2638948200906675,-0.18555022298918258,0.7963645011998699,0.126965585571218,0.32939655845374977,-0.569769543471156,0.49298233125305885,-0.07326830956410954,-0.7433387871977033,-0.13310347641241707,-0.2006027135712599,-0.06231769528497558,-0.2568645196271742,-0.18439088914585774,-0.34151232707830076,-0.06231769528497557,-0.04402254531628119,-0.17285970637383774,1.4162676136551213,-0.4087088075763956,-0.44044906750083573,-0.4744665250703386,-0.36574845156823477,-0.3758727885879516,-0.3415123270783008,0.8878912573524571
0.5757005715916745,-1.0578624627673399,0.33642731450155444,0.17391176814219078,0.9755223385729191,0.2586870726755385,-0.5152843824622169,0.6570978200215045,-0.2333075083681185,-0.07326830956410954,-0.7433387871977033,-0.13310347641241707,-0.2006027135712599,-0.06231769528497558,-0.2568645196271742,-0.18439088914585774,-0.34151232707830076,-0.06231769528497557,-0.04402254531628119,-0.17285970637383774,1.4162676136551213,-0.4087088075763956,-0.44044906750083573,-0.4744665250703386,-0.36574845156823477,-0.3758727885879516,-0.3415123270783008,0.0
0.5757005715916745,-1.0578624627673399,0.33642731450155444,0.17391176814219078,0.9755223385729191,0.2586870726755385,0.1397743064113897,-0.324396070772624,-0.7361235511827796,-0.07326830956410954,-0.7433387871977033,-0.13310347641241707,-0.2006027135712599,-0.06231769528497558,-0.2568645196271742,-0.18439088914585774,-0.34151232707830076,-0.06231769528497557,-0.04402254531628119,-0.17285970637383774,1.4162676136551213,-0.4087088075763956,-0.44044906750083573,-0.4744665250703386,-0.36574845156823477,-0.3758727885879516,-0.3415123270783008,0.0
-1.5873604423101833,-0.24400101447758565,0.33642731450155444,0.17391176814219078,0.9755223385729191,0.2586870726755385,0.3811117181016662,-0.324396070772624,-1.0154657971909247,-0.07326830956410954,-0.7433387871977033,-0.13310347641241707,-0.2006027135712599,-0.06231769528497558,-0.2568645196271742,-0.18439088914585774,-0.34151232707830076,-0.06231769528497557,-0.04402254531628119,-0.17285970637383774,1.4162676136551213,-0.4087088075763956,-0.44044906750083573,-0.4744665250703386,-0.36574845156823477,-0.3758727885879516,-0.3415123270783008,2.469793011977952
0.5757005715916745,0.5698604338121686,0.33642731450155444,0.17391176814219078,0.9755223385729191,0.2586870726755385,-0.08432471872958117,-0.14036596624872488,-1.0154657971909247,-0.07326830956410954,-0.7433387871977033,-0.13310347641241707,-0.2006027135712599,-0.06231769528497558,-0.2568645196271742,-0.18439088914585774,-0.34151232707830076,-0.06231769528497557,-0.04402254531628119,-0.17285970637383774,1.4162676136551213,-0.4087088075763956,-0.44044906750083573,-0.4744665250703386,-0.36574845156823477,-0.3758727885879516,-0.3415123270783008,1.3686394258811698
-0.2895238339690686,-1.0578624627673399,0.33642731450155444,0.17391176814219078,0.9755223385729191,0.2586870726755385,-0.27394697077194063,0.04366413827517421,-0.009833711561602487,-0.07326830956410954,-0.7433387871977033,-0.13310347641241707,-0.2006027135712599,-0.06231769528497558,-0.2568645196271742,-0.18439088914585774,-0.34151232707830076,-0.06231769528497557,-0.04402254531628119,-0.17285970637383774,1.4162676136551213,-0.4087088075763956,-0.44044906750083573,-0.4744665250703386,-0.36574845156823477,-0.3758727885879516,-0.3415123270783008,1.6863989535702288
1.0083127743720461,-0.24400101447758565,-0.4432970004154691,-0.8700908843611023,0.743908377644698,0.5660372092522865,-0.6359530883073552,1.2091881335932018,-0.5126497543762636,-0.07326830956410954,-0.7433387871977033,-0.13310347641241707,-0.2006027135712599,-0.06231769528497558,-0.2568645196271742,-0.18439088914585774,-0.34151232707830076,-0.06231769528497557,-0.04402254531628119,-0.17285970637383774,1.4162676136551213,-0.4087088075763956,-0.44044906750083573,-0.4744665250703386,-0.36574845156823477,-0.3758727885879516,-0.3415123270783008,0.0
-0.2895238339690686,-1.0578624627673399,0.22762857288522656,0.012935311244227976,0.8972416618828929,-0.5535954311344381,-0.5152843824622169,0.5344110836722384,-1.0154657971909247,-0.07326830956410954,-0.7433387871977033,-0.13310347641241707,-0.2006027135712599,-0.06231769528497558,-0.2568645196271742,-0.18439088914585774,-0.34151232707830076,-0.06231769528497557,-0.04402254531628119,-0.17285970637383774,1.4162676136551213,-0.4087088075763956,-0.44044906750083573,-0.4744665250703386,-0.36574845156823477,2.660474581724095,-0.3415123270783008,1.8531680973566984
0.5757005715916745,0.5698604338121686,0.22762857288522656,0.012935311244227976,0.8972416618828929,-0.5535954311344381,0.3811117181016662,-0.569769543471156,-0.7361235511827796,-0.07326830956410954,-0.7433387871977033,-0.13310347641241707,-0.2006027135712599,-0.06231769528497558,-0.2568645196271742,-0.18439088914585774,-0.34151232707830076,-0.06231769528497557,-0.04402254531628119,-0.17285970637383774,1.4162676136551213,-0.4087088075763956,-0.44044906750083573,-0.4744665250703386,-0.36574845156823477,2.660474581724095,-0.3415123270783008,1.9960599327407849
0.5757005715916745,0.5698604338121686,0.22762857288522656,0.012935311244227976,0.8972416618828929,-0.5535954311344381,0.12253591986208462,0.04366413827517421,-0.5126497543762636,-0.07326830956410954,-0.7433387871977033,-0.13310347641241707,-0.2006027135712599,-0.06231769528497558,-0.2568645196271742,-0.18439088914585774,-0.34151232707830076,-0.06231769528497557,-0.04402254531628119,-0.17285970637383774,1.4162676136551213,-0.4087088075763956,-0.44044906750083573,-0.4744665250703386,-0.36574845156823477,2.660474581724095,-0.3415123270783008,3.6975913947159578
-0.2895238339690686,0.5698604338121686,0.08256358406345257,0.3348882250401538,1.0659082745449076,0.7636194399087675,-0.5152843824622169,-0.385739438947257,0.772324577261204,-0.07326830956410954,-0.7433387871977033,-0.13310347641241707,-0.2006027135712599,-0.06231769528497558,-0.2568645196271742,-0.18439088914585774,-0.34151232707830076,-0.06231769528497557,-0.04402254531628119,-0.17285970637383774,1.4162676136551213,-0.4087088075763956,-0.44044906750083573,-0.4744665250703386,-0.36574845156823477,2.660474581724095,-0.3415123270783008,1.0647107369924282
-0.2895238339690686,0.5698604338121686,0.08256358406345257,0.3348882250401538,1.0659082745449076,0.7636194399087675,-0.42909244971569,-1.0605164888682204,-0.2333075083681185,-0.07326830956410954,-0.7433387871977033,-0.13310347641241707,-0.2006027135712599,-0.06231769528497558,-0.2568645196271742,-0.18439088914585774,-0.34151232707830076,-0.06231769528497557,-0.04402254531628119,-0.17285970637383774,1.4162676136551213,-0.4087088075763956,-0.44044906750083573,-0.4744665250703386,-0.36574845156823477,2.660474581724095,-0.3415123270783008,0.0
0.5757005715916745,0.5698604338121686,0.10069670766617561,-0.25900549943776763,0.7927329234152811,-0.13647738863742295,-0.36013890351846783,0.16635087462444026,0.49298233125305885,-0.07326830956410954,-0.7433387871977033,-0.13310347641241707,-0.2006027135712599,-0.06231769528497558,-0.2568645196271742,-0.18439088914585774,-0.34151232707830076,-0.06231769528497557,-0.04402254531628119,-0.17285970637383774,1.4162676136551213,-0.4087088075763956,2.2704100741412128,-0.4744665250703386,-0.36574845156823477,-0.3758727885879516,-0.3415123270783008,2.0844290831908747
-0.2895238339690686,0.5698604338121686,0.06443046046073211,2.585432865167013,1.1183643981000795,-0.42187394403011763,-0.8772904999976311,2.0066519198634314,2.001430459697042,-0.07326830956410954,-0.7433387871977033,-0.13310347641241707,-0.2006027135712599,-0.06231769528497558,-0.2568645196271742,-0.18439088914585774,-0.34151232707830076,-0.06231769528497557,-0.04402254531628119,-0.17285970637383774,1.4162676136551213,-0.4087088075763956,-0.44044906750083573,2.1076302482071885,-0.36574845156823477,-0.3758727885879516,-0.3415123270783008,0.0
1.0083127743720461,-0.24400101447758565,0.06443046046073211,2.585432865167013,1.1183643981000795,-0.42187394403011763,-0.8772904999976311,2.0066519198634314,2.001430459697042,-0.07326830956410954,-0.7433387871977033,-0.13310347641241707,-0.2006027135712599,-0.06231769528497558,-0.2568645196271742,-0.18439088914585774,-0.34151232707830076,-0.06231769528497557,-0.04402254531628119,-0.17285970637383774,1.4162676136551213,-0.4087088075763956,-0.44044906750083573,2.1076302482071885,-0.36574845156823477,-0.3758727885879516,-0.3415123270783008,2.462149662665384
-0.7221360367494402,-0.24400101447758565,0.22762857288522656,0.3552056419301877,-0.11072292766187275,-0.22429171337363674,-0.8083369538004096,0.8411279245454036,-0.009833711561602487,-0.07326830956410954,-0.7433387871977033,-0.13310347641241707,-0.2006027135712599,-0.06231769528497558,3.8931028755993595,-0.18439088914585774,-0.34151232707830076,-0.06231769528497557,-0.04402254531628119,-0.17285970637383774,-0.7060812450686401,-0.4087088075763956,-0.44044906750083573,-0.4744665250703386,-0.36574845156823477,-0.3758727885879516,2.9281519895787644,0.0
-0.2895238339690686,0.5698604338121686,0.24576169648794702,1.4429688846581696,0.47032951787233973,-0.20233813218958338,-1.4633956426740162,1.883965183514165,-1.741755636812102,-0.07326830956410954,1.3452816094393218,-0.13310347641241707,-0.2006027135712599,-0.06231769528497558,-0.2568645196271742,-0.18439088914585774,-0.34151232707830076,-0.06231769528497557,-0.04402254531628119,-0.17285970637383774,-0.7060812450686401,-0.4087088075763956,-0.44044906750083573,2.1076302482071885,-0.36574845156823477,-0.3758727885879516,-0.3415123270783008,0.0
0.14308836881130294,-0.24400101447758565,0.7534891573641482,1.7430415033417512,0.6079259650439832,1.0709695764855154,0.2432046257072226,-0.14036596624872488,-0.7361235511827796,-0.07326830956410954,1.3452816094393218,-0.13310347641241707,-0.2006027135712599,-0.06231769528497558,-0.2568645196271742,-0.18439088914585774,-0.34151232707830076,-0.06231769528497557,-0.04402254531628119,-0.17285970637383774,-0.7060812450686401,-0.4087088075763956,-0.44044906750083573,-0.4744665250703386,2.734119572378935,-0.3758727885879516,-0.3415123270783008,0.0
0.5757005715916745,0.5698604338121686,-0.06250140475831883,2.799547181623527,1.2402240082051712,-0.3560132004779572,-1.4806340292233215,2.0679952880380643,-0.009833711561602487,-0.07326830956410954,-0.7433387871977033,-0.13310347641241707,-0.2006027135712599,-0.06231769528497558,-0.2568645196271742,-0.18439088914585774,-0.34151232707830076,-0.06231769528497557,-0.04402254531628119,-0.17285970637383774,1.4162676136551213,-0.4087088075763956,-0.44044906750083573,-0.4744665250703386,-0.36574845156823477,-0.3758727885879516,-0.3415123270783008,3.6381123370602833
0.5757005715916745,0.5698604338121686,0.10069670766617561,-0.25900549943776763,0.7927329234152811,-0.13647738863742295,-0.6014763152087441,0.7797845563707706,0.49298233125305885,-0.07326830956410954,-0.7433387871977033,-0.13310347641241707,-0.2006027135712599,-0.06231769528497558,-0.2568645196271742,-0.18439088914585774,-0.34151232707830076,-0.06231769528497557,-0.04402254531628119,-0.17285970637383774,1.4162676136551213,-0.4087088075763956,2.2704100741412128,-0.4744665250703386,-0.36574845156823477,-0.3758727885879516,-0.3415123270783008,2.7936160894318567
1.4409249771524177,1.3837218821019228,0.2638948200906675,1.502358257105962,0.5030137179336392,-0.18038455100553002,0.3811117181016662,0.5957544518468715,-1.0154657971909247,-0.07326830956410954,1.3452816094393218,-0.13310347641241707,-0.2006027135712599,-0.06231769528497558,-0.2568645196271742,-0.18439088914585774,-0.34151232707830076,-0.06231769528497557,-0.04402254531628119,-0.17285970637383774,-0.7060812450686401,2.446729753464098,-0.44044906750083573,-0.4744665250703386,-0.36574845156823477,-0.3758727885879516,-0.3415123270783008,0.0
-1.1547482395298116,-1.871723911057094,0.5540247977342129,1.8790119086827488,0.6745048910947784,-0.13647738863742295,0.5190188104961093,-0.14036596624872488,-1.0154657971909247,-0.07326830956410954,1.3452816094393218,-0.13310347641241707,-0.2006027135712599,-0.06231769528497558,-0.2568645196271742,-0.18439088914585774,-0.34151232707830076,-0.06231769528497557,-0.04402254531628119,-0.17285970637383774,-0.7060812450686401,-0.4087088075763956,2.2704100741412128,-0.4744665250703386,-0.36574845156823477,-0.3758727885879516,-0.3415123270783008,4.566221435849517
0.5757005715916745,0.5698604338121686,0.046297336858011656,-1.437415679059748,-2.0875117684063915,-0.22429171337363674,-1.7564482140122089,0.4117243473229724,0.9957983740677198,-0.07326830956410954,-0.7433387871977033,-0.13310347641241707,-0.2006027135712599,-0.06231769528497558,-0.2568645196271742,-0.18439088914585774,2.9281519895787635,-0.06231769528497557,-0.04402254531628119,-0.17285970637383774,-0.7060812450686401,-0.4087088075763956,-0.44044906750083573,-0.4744665250703386,2.734119572378935,-0.3758727885879516,-0.3415123270783008,0.0
-0.2895238339690686,0.5698604338121686,-13.045817904306904,-1.715608002630985,-1.519371599439606,-1.9805782080979109,-2.359791743237899,3.417549387879991,-1.741755636812102,-0.07326830956410954,-0.7433387871977033,-0.13310347641241707,-0.2006027135712599,16.046806535881213,-0.2568645196271742,-0.18439088914585774,-0.34151232707830076,-0.06231769528497557,-0.04402254531628119,-0.17285970637383774,-0.7060812450686401,-0.4087088075763956,-0.44044906750083573,2.1076302482071885,-0.36574845156823477,-0.3758727885879516,-0.3415123270783008,0.0
0.14308836881130294,-0.24400101447758565,0.5540247977342129,-0.1496040238760453,-0.3596877602275735,0.6318979528044469,0.07082076021416817,-0.324396070772624,1.7779566628905261,-0.07326830956410954,-0.7433387871977033,-0.13310347641241707,-0.2006027135712599,-0.06231769528497558,3.8931028755993595,-0.18439088914585774,-0.34151232707830076,-0.06231769528497557,-0.04402254531628119,-0.17285970637383774,-0.7060812450686401,-0.4087088075763956,-0.44044906750083573,-0.4744665250703386,-0.36574845156823477,-0.3758727885879516,2.9281519895787644,2.3767644911682972
1.4409249771524177,1.3837218821019228,0.010031089652568161,1.3007469664279308,0.38357515968493994,-0.4877346875822779,-0.46356922281430074,1.1478447654185688,-0.7361235511827796,-0.07326830956410954,1.3452816094393218,-0.13310347641241707,-0.2006027135712599,-0.06231769528497558,-0.2568645196271742,-0.18439088914585774,-0.34151232707830076,-0.06231769528497557,-0.04402254531628119,-0.17285970637383774,-0.7060812450686401,-0.4087088075763956,-0.44044906750083573,-0.4744665250703386,2.734119572378935,-0.3758727885879516,-0.3415123270783008,3.5655812377694427
1.4409249771524177,1.3837218821019228,0.8260216517750352,1.669586226893166,0.5732242217690232,1.9710664050317057,1.6050371631023521,-0.9378297525189543,-1.238939593997441,-0.07326830956410954,1.3452816094393218,-0.13310347641241707,-0.2006027135712599,-0.06231769528497558,-0.2568645196271742,-0.18439088914585774,-0.34151232707830076,-0.06231769528497557,-0.04402254531628119,-0.17285970637383774,-0.7060812450686401,-0.4087088075763956,-0.44044906750083573,-0.4744665250703386,-0.36574845156823477,-0.3758727885879516,2.9281519895787644,1.7387102481382397
1.8735371799327891,1.3837218821019228,0.17322920207706002,2.149389841142434,0.8306627358320977,-0.597502593502545,0.27768139880583337,0.8411279245454036,-0.7361235511827796,-0.07326830956410954,1.3452816094393218,-0.13310347641241707,-0.2006027135712599,-0.06231769528497558,-0.2568645196271742,-0.18439088914585774,-0.34151232707830076,-0.06231769528497557,-0.04402254531628119,-0.17285970637383774,-0.7060812450686401,-0.4087088075763956,-0.44044906750083573,-0.4744665250703386,2.734119572378935,-0.3758727885879516,-0.3415123270783008,5.049086480470509
1.4409249771524177,-0.24400101447758565,0.17322920207706002,2.5463609096092554,1.094153879536154,-0.29015245692579694,0.415588491200277,-0.017679229899458825,0.2695085344465426,-0.07326830956410954,1.3452816094393218,-0.13310347641241707,-0.2006027135712599,-0.06231769528497558,-0.2568645196271742,-0.18439088914585774,-0.34151232707830076,-0.06231769528497557,-0.04402254531628119,-0.17285970637383774,-0.7060812450686401,-0.4087088075763956,2.2704100741412128,-0.4744665250703386,-0.36574845156823477,-0.3758727885879516,-0.3415123270783008,2.1377104498038118
-1.1547482395298116,-0.24400101447758565,0.17322920207706002,1.1006985539722103,0.26252256686531233,-0.3121060381098505,0.34663494500305486,0.3503809791483394,-1.0154657971909247,-0.07326830956410954,1.3452816094393218,-0.13310347641241707,-0.2006027135712599,-0.06231769528497558,-0.2568645196271742,-0.18439088914585774,-0.34151232707830076,-0.06231769528497557,-0.04402254531628119,-0.17285970637383774,-0.7060812450686401,-0.4087088075763956,-0.44044906750083573,2.1076302482071885,-0.36574845156823477,-0.3758727885879516,-0.3415123270783008,4.471067201464611
-0.7221360367494402,-0.24400101447758565,-0.026235157552875334,-0.22149642210231987,0.8173469506219389,0.5221300468841799,0.294919785355139,0.6570978200215045,0.772324577261204,-0.07326830956410954,-0.7433387871977033,-0.13310347641241707,-0.2006027135712599,-0.06231769528497558,-0.2568645196271742,-0.18439088914585774,-0.34151232707830076,-0.06231769528497557,-0.04402254531628119,-0.17285970637383774,1.4162676136551213,-0.4087088075763956,-0.44044906750083573,2.1076302482071885,-0.36574845156823477,-0.3758727885879516,-0.3415123270783008,3.392492941032009
0.14308836881130294,0.5698604338121686,0.046297336858011656,-1.437415679059748,-2.0875117684063915,-0.22429171337363674,-1.256535004082351,0.2276942427990733,0.772324577261204,-0.07326830956410954,-0.7433387871977033,-0.13310347641241707,-0.2006027135712599,-0.06231769528497558,-0.2568645196271742,-0.18439088914585774,2.9281519895787635,-0.06231769528497557,-0.04402254531628119,-0.17285970637383774,-0.7060812450686401,-0.4087088075763956,-0.44044906750083573,-0.4744665250703386,2.734119572378935,-0.3758727885879516,-0.3415123270783008,0.0
0.5757005715916745,-0.24400101447758565,0.7534891573641482,1.8149339015680257,0.6406101651052828,0.6538515339885003,0.7603562221863858,-0.6311129116457891,-0.5126497543762636,-0.07326830956410954,1.3452816094393218,-0.13310347641241707,-0.2006027135712599,-0.06231769528497558,-0.2568645196271742,-0.18439088914585774,-0.34151232707830076,-0.06231769528497557,-0.04402254531628119,-0.17285970637383774,-0.7060812450686401,-0.4087088075763956,-0.44044906750083573,-0.4744665250703386,-0.36574845156823477,-0.3758727885879516,-0.3415123270783008,2.199444334074532
1.0083127743720461,-0.24400101447758565,0.7534891573641482,1.8149339015680257,0.6406101651052828,0.6538515339885003,0.7603562221863858,-0.6311129116457891,-0.5126497543762636,-0.07326830956410954,1.3452816094393218,-0.13310347641241707,-0.2006027135712599,-0.06231769528497558,-0.2568645196271742,-0.18439088914585774,-0.34151232707830076,-0.06231769528497557,-0.04402254531628119,-0.17285970637383774,-0.7060812450686401,-0.4087088075763956,-0.44044906750083573,-0.4744665250703386,-0.36574845156823477,-0.3758727885879516,-0.3415123270783008,0.08617769624105233
1.0083127743720461,-0.24400101447758565,-1.0779563265107213,-1.5843262319569182,-1.975739874369602,-1.0804813795517203,-1.963308852603874,1.638591710815633,1.2751406200758648,-0.07326830956410954,-0.7433387871977033,-0.13310347641241707,4.984977432245808,-0.06231769528497558,-0.2568645196271742,-0.18439088914585774,-0.34151232707830076,-0.06231769528497557,-0.04402254531628119,-0.17285970637383774,-0.7060812450686401,2.446729753464098,-0.44044906750083573,-0.4744665250703386,-0.36574845156823477,-0.3758727885879516,-0.3415123270783008,4.669646205172456
1.4409249771524177,1.3837218821019228,0.08256358406345257,-0.3058918461070772,0.7673118789231596,-0.3999203628460641,0.3121581719044441,0.10500750644980723,-0.7361235511827796,-0.07326830956410954,-0.7433387871977033,-0.13310347641241707,-0.2006027135712599,-0.06231769528497558,-0.2568645196271742,-0.18439088914585774,-0.34151232707830076,-0.06231769528497557,-0.04402254531628119,-0.17285970637383774,1.4162676136551213,-0.4087088075763956,-0.44044906750083573,-0.4744665250703386,-0.36574845156823477,-0.3758727885879516,-0.3415123270783008,3.966132331075178
-1.5873604423101833,-1.0578624627673399,0.06443046046073211,2.585432865167013,1.1183643981000795,-0.42187394403011763,0.5190188104961093,-0.07902259807409186,-0.009833711561602487,-0.07326830956410954,-0.7433387871977033,-0.13310347641241707,-0.2006027135712599,-0.06231769528497558,-0.2568645196271742,-0.18439088914585774,-0.34151232707830076,-0.06231769528497557,-0.04402254531628119,-0.17285970637383774,1.4162676136551213,-0.4087088075763956,-0.44044906750083573,2.1076302482071885,-0.36574845156823477,-0.3758727885879516,-0.3415123270783008,6.995619625423205
-1.1547482395298116,-0.24400101447758565,0.4996254269260489,-1.4983679297298507,-2.107687200542996,0.5221300468841799,-0.6359530883073552,-1.5512634342652847,2.001430459697042,-0.07326830956410954,-0.7433387871977033,-0.13310347641241707,-0.2006027135712599,-0.06231769528497558,-0.2568645196271742,-0.18439088914585774,2.9281519895787635,-0.06231769528497557,-0.04402254531628119,-0.17285970637383774,-0.7060812450686401,-0.4087088075763956,-0.44044906750083573,-0.4744665250703386,-0.36574845156823477,2.660474581724095,-0.3415123270783008,0.0
0.5757005715916745,0.5698604338121686,-1.1867550681270518,-1.660907264850124,-2.022546876926525,-1.4975994220487354,-2.3425533566885934,1.454561606291734,-1.238939593997441,-0.07326830956410954,-0.7433387871977033,-0.13310347641241707,4.984977432245808,-0.06231769528497558,-0.2568645196271742,-0.18439088914585774,-0.34151232707830076,-0.06231769528497557,-0.04402254531628119,-0.17285970637383774,-0.7060812450686401,2.446729753464098,-0.44044906750083573,-0.4744665250703386,-0.36574845156823477,-0.3758727885879516,-0.3415123270783008,0.0
-0.2895238339690686,0.5698604338121686,-1.0235569557025572,-1.5921406230684698,-1.9813889953678514,-1.212202866656041,-1.5151108023219326,1.0865013972439357,-1.238939593997441,-0.07326830956410954,-0.7433387871977033,-0.13310347641241707,4.984977432245808,-0.06231769528497558,-0.2568645196271742,-0.18439088914585774,-0.34151232707830076,-0.06231769528497557,-0.04402254531628119,-0.17285970637383774,-0.7060812450686401,-0.4087088075763956,-0.44044906750083573,2.1076302482071885,-0.36574845156823477,-0.3758727885879516,-0.3415123270783008,2.7523860149222616
-0.2895238339690686,-1.0578624627673399,-0.026235157552875334,-0.22149642210231987,0.8173469506219389,0.5221300468841799,0.26044301225652766,0.6570978200215045,0.49298233125305885,-0.07326830956410954,-0.7433387871977033,-0.13310347641241707,-0.2006027135712599,-0.06231769528497558,-0.2568645196271742,-0.18439088914585774,-0.34151232707830076,-0.06231769528497557,-0.04402254531628119,-0.17285970637383774,1.4162676136551213,-0.4087088075763956,-0.44044906750083573,2.1076302482071885,-0.36574845156823477,-0.3758727885879516,-0.3415123270783008,1.6900958154515549
0.14308836881130294,1.3837218821019228,0.17322920207706002,1.1006985539722103,0.26252256686531233,-0.3121060381098505,0.9327400876794403,-0.6924562798204221,-0.2333075083681185,-0.07326830956410954,1.3452816094393218,-0.13310347641241707,-0.2006027135712599,-0.06231769528497558,-0.2568645196271742,-0.18439088914585774,-0.34151232707830076,-0.06231769528497557,-0.04402254531628119,-0.17285970637383774,-0.7060812450686401,-0.4087088075763956,-0.44044906750083573,2.1076302482071885,-0.36574845156823477,-0.3758727885879516,-0.3415123270783008,0.8586616190375187
-1.5873604423101833,-1.871723911057094,0.5540247977342129,1.8790119086827488,0.6745048910947784,-0.13647738863742295,1.208554272468327,-0.7537996479950552,-0.5126497543762636,-0.07326830956410954,1.3452816094393218,-0.13310347641241707,-0.2006027135712599,-0.06231769528497558,-0.2568645196271742,-0.18439088914585774,-0.34151232707830076,-0.06231769528497557,-0.04402254531628119,-0.17285970637383774,-0.7060812450686401,-0.4087088075763956,2.2704100741412128,-0.4744665250703386,-0.36574845156823477,-0.3758727885879516,-0.3415123270783008,0.0
1.8735371799327891,0.5698604338121686,0.4814923033233259,-0.9591749430327905,-1.0097401836689737,1.0929231576695688,1.5705603900037415,-0.6311129116457891,0.2695085344465426,-0.07326830956410954,-0.7433387871977033,-0.13310347641241707,-0.2006027135712599,-0.06231769528497558,-0.2568645196271742,5.423261445466405,-0.34151232707830076,-0.06231769528497557,-0.04402254531628119,-0.17285970637383774,-0.7060812450686401,-0.4087088075763956,-0.44044906750083573,-0.4744665250703386,-0.36574845156823477,-0.3758727885879516,2.9281519895787644,0.0
1.8735371799327891,0.5698604338121686,0.4814923033233259,-0.9591749430327905,-1.0097401836689737,1.0929231576695688,1.5705603900037415,-0.6311129116457891,0.2695085344465426,-0.07326830956410954,-0.7433387871977033,-0.13310347641241707,-0.2006027135712599,-0.06231769528497558,-0.2568645196271742,5.423261445466405,-0.34151232707830076,-0.06231769528497557,-0.04402254531628119,-0.17285970637383774,-0.7060812450686401,-0.4087088075763956,-0.44044906750083573,-0.4744665250703386,-0.36574845156823477,-0.3758727885879516,2.9281519895787644,3.5655812377694427
-0.7221360367494402,-0.24400101447758565,0.08256358406345257,-0.354341070998697,0.7414873257883058,-0.15843096982147628,0.6741642894398586,0.10500750644980723,-0.009833711561602487,-0.07326830956410954,-0.7433387871977033,-0.13310347641241707,-0.2006027135712599,-0.06231769528497558,-0.2568645196271742,-0.18439088914585774,-0.34151232707830076,-0.06231769528497557,-0.04402254531628119,-0.17285970637383774,1.4162676136551213,-0.4087088075763956,-0.44044906750083573,-0.4744665250703386,2.734119572378935,-0.3758727885879516,-0.3415123270783008,1.430311246536665
1.8735371799327891,3.8253062269711857,0.7534891573641482,1.8149339015680257,0.6406101651052828,0.6538515339885003,1.0534087935245782,-0.5084261752965231,-0.009833711561602487,-0.07326830956410954,1.3452816094393218,-0.13310347641241707,-0.2006027135712599,-0.06231769528497558,-0.2568645196271742,-0.18439088914585774,-0.34151232707830076,-0.06231769528497557,-0.04402254531628119,-0.17285970637383774,-0.7060812450686401,-0.4087088075763956,-0.44044906750083573,-0.4744665250703386,-0.36574845156823477,-0.3758727885879516,-0.3415123270783008,0.0
1.4409249771524177,1.3837218821019228,0.010031089652568161,1.3007469664279308,0.38357515968493994,-0.4877346875822779,0.415588491200277,-0.20170933442335792,-0.2333075083681185,-0.07326830956410954,1.3452816094393218,-0.13310347641241707,-0.2006027135712599,-0.06231769528497558,-0.2568645196271742,-0.18439088914585774,-0.34151232707830076,-0.06231769528497557,-0.04402254531628119,-0.17285970637383774,-0.7060812450686401,-0.4087088075763956,-0.44044906750083573,-0.4744665250703386,2.734119572378935,-0.3758727885879516,-0.3415123270783008,0.0
-1.1547482395298116,-0.24400101447758565,-0.497696371223633,-0.40747893055724793,0.7148557553679876,-1.168295704287934,0.5017804239468042,-0.6311129116457891,-1.0154657971909247,-0.07326830956410954,-0.7433387871977033,-0.13310347641241707,-0.2006027135712599,-0.06231769528497558,-0.2568645196271742,-0.18439088914585774,-0.34151232707830076,-0.06231769528497557,-0.04402254531628119,-0.17285970637383774,1.4162676136551213,-0.4087088075763956,-0.44044906750083573,-0.4744665250703386,-0.36574845156823477,-0.3758727885879516,2.9281519895787644,1.1662709371419244
-1.1547482395298116,-1.871723911057094,0.7172229101587048,1.5820650464437882,0.5365049352804028,0.10501200438716465,1.5533220034544357,-1.0605164888682204,-1.0154657971909247,-0.07326830956410954,1.3452816094393218,-0.13310347641241707,-0.2006027135712599,-0.06231769528497558,-0.2568645196271742,-0.18439088914585774,-0.34151232707830076,-0.06231769528497557,-0.04402254531628119,-0.17285970637383774,-0.7060812450686401,-0.4087088075763956,-0.44044906750083573,-0.4744665250703386,-0.36574845156823477,2.660474581724095,-0.3415123270783008,0.0
0.5757005715916745,0.5698604338121686,-0.6427613600454071,2.8198645985135613,1.2616099662699722,-1.1024349607357737,-0.3256621304198571,1.3932182381171008,0.49298233125305885,-0.07326830956410954,-0.7433387871977033,-0.13310347641241707,-0.2006027135712599,-0.06231769528497558,-0.2568645196271742,-0.18439088914585774,-0.34151232707830076,-0.06231769528497557,-0.04402254531628119,-0.17285970637383774,1.4162676136551213,-0.4087088075763956,2.2704100741412128,-0.4744665250703386,-0.36574845156823477,-0.3758727885879516,-0.3415123270783008,2.005525858729668
-0.2895238339690686,0.5698604338121686,-1.0779563265107213,-1.6046436488469522,-1.989055659579761,-1.3439243537603613,-0.8083369538004096,0.10500750644980723,-0.009833711561602487,-0.07326830956410954,-0.7433387871977033,-0.13310347641241707,4.984977432245808,-0.06231769528497558,-0.2568645196271742,-0.18439088914585774,-0.34151232707830076,-0.06231769528497557,-0.04402254531628119,-0.17285970637383774,-0.7060812450686401,-0.4087088075763956,2.2704100741412128,-0.4744665250703386,-0.36574845156823477,-0.3758727885879516,-0.3415123270783008,0.0
-0.2895238339690686,-1.0578624627673399,-0.06250140475831883,2.799547181623527,1.2402240082051712,-0.3560132004779572,0.17425107951000046,-0.017679229899458825,-0.5126497543762636,-0.07326830956410954,-0.7433387871977033,-0.13310347641241707,-0.2006027135712599,-0.06231769528497558,-0.2568645196271742,-0.18439088914585774,-0.34151232707830076,-0.06231769528497557,-0.04402254531628119,-0.17285970637383774,1.4162676136551213,-0.4087088075763956,-0.44044906750083573,-0.4744665250703386,-0.36574845156823477,-0.3758727885879516,-0.3415123270783008,3.389799336709786
-1.5873604423101833,-0.24400101447758565,0.300161067296111,-0.22931081321387148,-0.3943895035025335,0.6758051151725536,0.7775946087356909,-0.8151430161696882,0.772324577261204,-0.07326830956410954,-0.7433387871977033,-0.13310347641241707,-0.2006027135712599,-0.06231769528497558,3.8931028755993595,-0.18439088914585774,-0.34151232707830076,-0.06231769528497557,-0.04402254531628119,-0.17285970637383774,-0.7060812450686401,-0.4087088075763956,-0.44044906750083573,-0.4744665250703386,-0.36574845156823477,2.660474581724095,-0.3415123270783008,0.0
0.5757005715916745,-1.0578624627673399,-1.1867550681270518,-1.6187095528477453,-1.997932849719867,-1.3878315161284682,-0.7221450210538823,-0.14036596624872488,-0.7361235511827796,-0.07326830956410954,-0.7433387871977033,-0.13310347641241707,4.984977432245808,-0.06231769528497558,-0.2568645196271742,-0.18439088914585774,-0.34151232707830076,-0.06231769528497557,-0.04402254531628119,-0.17285970637383774,-0.7060812450686401,-0.4087088075763956,-0.44044906750083573,-0.4744665250703386,-0.36574845156823477,-0.3758727885879516,-0.3415123270783008,0.0
1.0083127743720461,-0.24400101447758565,-1.0960894501134444,-1.6827875599624682,-2.0350556448512194,-1.2561100290241478,-1.842640146758736,0.5344110836722384,3.0070625453263644,-0.07326830956410954,-0.7433387871977033,-0.13310347641241707,4.984977432245808,-0.06231769528497558,-0.2568645196271742,-0.18439088914585774,-0.34151232707830076,-0.06231769528497557,-0.04402254531628119,-0.17285970637383774,-0.7060812450686401,-0.4087088075763956,-0.44044906750083573,-0.4744665250703386,-0.36574845156823477,-0.3758727885879516,-0.3415123270783008,1.7387102481382397
1.8735371799327891,-0.24400101447758565,0.300161067296111,-0.2933888203285947,-0.4270737035638328,0.17087274793932508,0.6741642894398586,-1.0605164888682204,0.2695085344465426,-0.07326830956410954,-0.7433387871977033,-0.13310347641241707,-0.2006027135712599,-0.06231769528497558,3.8931028755993595,-0.18439088914585774,-0.34151232707830076,-0.06231769528497557,-0.04402254531628119,-0.17285970637383774,-0.7060812450686401,2.446729753464098,-0.44044906750083573,-0.4744665250703386,-0.36574845156823477,-0.3758727885879516,-0.3415123270783008,0.9707789171582248
1.0083127743720461,0.5698604338121686,0.5540247977342129,1.8790119086827488,0.6745048910947784,-0.13647738863742295,1.2947462052148542,-0.6924562798204221,-0.2333075083681185,-0.07326830956410954,1.3452816094393218,-0.13310347641241707,-0.2006027135712599,-0.06231769528497558,-0.2568645196271742,-0.18439088914585774,-0.34151232707830076,-0.06231769528497557,-0.04402254531628119,-0.17285970637383774,-0.7060812450686401,-0.4087088075763956,2.2704100741412128,-0.4744665250703386,-0.36574845156823477,-0.3758727885879516,-0.3415123270783008,0.0
0.14308836881130294,-0.24400101447758565,0.5358916741314899,1.9415270375751617,0.7067855825133458,0.23673349149148512,0.8982633145808294,0.3503809791483394,-0.009833711561602487,-0.07326830956410954,1.3452816094393218,-0.13310347641241707,-0.2006027135712599,-0.06231769528497558,-0.2568645196271742,-0.18439088914585774,-0.34151232707830076,-0.06231769528497557,-0.04402254531628119,-0.17285970637383774,-0.7060812450686401,-0.4087088075763956,-0.44044906750083573,2.1076302482071885,-0.36574845156823477,-0.3758727885879516,-0.3415123270783008,0.0
1.4409249771524177,1.3837218821019228,0.7534891573641482,1.7430415033417512,0.6079259650439832,1.0709695764855154,1.4843684572572142,-1.0605164888682204,0.49298233125305885,-0.07326830956410954,1.3452816094393218,-0.13310347641241707,-0.2006027135712599,-0.06231769528497558,-0.2568645196271742,-0.18439088914585774,-0.34151232707830076,-0.06231769528497557,-0.04402254531628119,-0.17285970637383774,-0.7060812450686401,-0.4087088075763956,-0.44044906750083573,-0.4744665250703386,2.734119572378935,-0.3758727885879516,-0.3415123270783008,3.3738261848660236
0.5757005715916745,-1.0578624627673399,0.37269356170699797,0.831883499734835,0.11241735176897395,-0.02670948271715582,1.277507818665549,-0.324396070772624,-0.5126497543762636,-0.07326830956410954,-0.7433387871977033,-0.13310347641241707,-0.2006027135712599,-0.06231769528497558,3.8931028755993595,-0.18439088914585774,-0.34151232707830076,-0.06231769528497557,-0.04402254531628119,-0.17285970637383774,-0.7060812450686401,-0.4087088075763956,-0.44044906750083573,-0.4744665250703386,-0.36574845156823477,2.660474581724095,-0.3415123270783008,3.136797713832594
0.5757005715916745,0.5698604338121686,0.4996254269260489,-1.4624217306167133,-2.0967924671892297,0.19282632912337844,-0.8772904999976311,-1.2445465933921194,0.9957983740677198,-0.07326830956410954,-0.7433387871977033,-0.13310347641241707,-0.2006027135712599,-0.06231769528497558,-0.2568645196271742,-0.18439088914585774,2.9281519895787635,-0.06231769528497557,-0.04402254531628119,-0.17285970637383774,-0.7060812450686401,-0.4087088075763956,-0.44044906750083573,-0.4744665250703386,-0.36574845156823477,-0.3758727885879516,2.9281519895787644,0.0
-1.1547482395298116,-0.24400101447758565,0.24576169648794702,1.4429688846581696,0.47032951787233973,-0.20233813218958338,1.0361704069752724,-0.14036596624872488,0.772324577261204,-0.07326830956410954,1.3452816094393218,-0.13310347641241707,-0.2006027135712599,-0.06231769528497558,-0.2568645196271742,-0.18439088914585774,-0.34151232707830076,-0.06231769528497557,-0.04402254531628119,-0.17285970637383774,-0.7060812450686401,-0.4087088075763956,-0.44044906750083573,2.1076302482071885,-0.36574845156823477,-0.3758727885879516,-0.3415123270783008,1.6882490928583902
-1.1547482395298116,0.5698604338121686,0.17322920207706002,1.1006985539722103,0.26252256686531233,-0.3121060381098505,1.0189320204259675,-0.5084261752965231,-0.009833711561602487,-0.07326830956410954,1.3452816094393218,-0.13310347641241707,-0.2006027135712599,-0.06231769528497558,-0.2568645196271742,-0.18439088914585774,-0.34151232707830076,-0.06231769528497557,-0.04402254531628119,-0.17285970637383774,-0.7060812450686401,-0.4087088075763956,-0.44044906750083573,2.1076302482071885,-0.36574845156823477,-0.3758727885879516,-0.3415123270783008,1.9213246735826988
1.4409249771524177,3.0114447786814313,0.19136232567978306,1.2585492544255523,0.35492604605096134,-0.2681988757417436,1.2602694321162433,-0.5084261752965231,0.2695085344465426,-0.07326830956410954,1.3452816094393218,-0.13310347641241707,-0.2006027135712599,-0.06231769528497558,-0.2568645196271742,-0.18439088914585774,-0.34151232707830076,-0.06231769528497557,-0.04402254531628119,-0.17285970637383774,-0.7060812450686401,-0.4087088075763956,-0.44044906750083573,-0.4744665250703386,-0.36574845156823477,-0.3758727885879516,2.9281519895787644,2.3988039507345884
-1.1547482395298116,-0.24400101447758565,0.8260216517750352,1.669586226893166,0.5732242217690232,1.9710664050317057,2.0532352133842937,-1.5512634342652847,0.2695085344465426,-0.07326830956410954,1.3452816094393218,-0.13310347641241707,-0.2006027135712599,-0.06231769528497558,-0.2568645196271742,-0.18439088914585774,-0.34151232707830076,-0.06231769528497557,-0.04402254531628119,-0.17285970637383774,-0.7060812450686401,-0.4087088075763956,-0.44044906750083573,-0.4744665250703386,-0.36574845156823477,-0.3758727885879516,2.9281519895787644,0.0
1.4409249771524177,1.3837218821019228,-0.3163651351964181,2.3791329398220515,1.0005398744223086,-0.8389919865271326,1.7946594151447124,-1.0605164888682204,-0.2333075083681185,-0.07326830956410954,-0.7433387871977033,-0.13310347641241707,-0.2006027135712599,-0.06231769528497558,3.8931028755993595,-0.18439088914585774,-0.34151232707830076,-0.06231769528497557,-0.04402254531628119,-0.17285970637383774,-0.7060812450686401,-0.4087088075763956,-0.44044906750083573,2.1076302482071885,-0.36574845156823477,-0.3758727885879516,-0.3415123270783008,0.9707789171582248
-1.5873604423101833,-1.0578624627673399,0.10069670766617561,-0.25900549943776763,0.7927329234152811,-0.13647738863742295,0.5879723566933314,0.2276942427990733,-0.009833711561602487,-0.07326830956410954,-0.7433387871977033,-0.13310347641241707,-0.2006027135712599,-0.06231769528497558,-0.2568645196271742,-0.18439088914585774,-0.34151232707830076,-0.06231769528497557,-0.04402254531628119,-0.17285970637383774,1.4162676136551213,-0.4087088075763956,2.2704100741412128,-0.4744665250703386,-0.36574845156823477,-0.3758727885879516,-0.3415123270783008,1.6863989535702288
1.4409249771524177,1.3837218821019228,0.5540247977342129,1.8790119086827488,0.6745048910947784,-0.13647738863742295,1.3809381379613814,-0.8151430161696882,-0.2333075083681185,-0.07326830956410954,1.3452816094393218,-0.13310347641241707,-0.2006027135712599,-0.06231769528497558,-0.2568645196271742,-0.18439088914585774,-0.34151232707830076,-0.06231769528497557,-0.04402254531628119,-0.17285970637383774,-0.7060812450686401,-0.4087088075763956,2.2704100741412128,-0.4744665250703386,-0.36574845156823477,-0.3758727885879516,-0.3415123270783008,1.724550719534605
-1.1547482395298116,-1.871723911057094,0.17322920207706002,2.149389841142434,0.8306627358320977,-0.597502593502545,0.26044301225652766,0.7184411881961376,-1.0154657971909247,-0.07326830956410954,1.3452816094393218,-0.13310347641241707,-0.2006027135712599,-0.06231769528497558,-0.2568645196271742,-0.18439088914585774,-0.34151232707830076,-0.06231769528497557,-0.04402254531628119,-0.17285970637383774,-0.7060812450686401,-0.4087088075763956,-0.44044906750083573,-0.4744665250703386,2.734119572378935,-0.3758727885879516,-0.3415123270783008,0.0
1.4409249771524177,1.3837218821019228,0.17322920207706002,2.149389841142434,0.8306627358320977,-0.597502593502545,0.26044301225652766,0.7184411881961376,-1.0154657971909247,-0.07326830956410954,1.3452816094393218,-0.13310347641241707,-0.2006027135712599,-0.06231769528497558,-0.2568645196271742,-0.18439088914585774,-0.34151232707830076,-0.06231769528497557,-0.04402254531628119,-0.17285970637383774,-0.7060812450686401,-0.4087088075763956,-0.44044906750083573,-0.4744665250703386,2.734119572378935,-0.3758727885879516,-0.3415123270783008,0.0
-1.1547482395298116,-0.24400101447758565,0.2638948200906675,1.502358257105962,0.5030137179336392,-0.18038455100553002,1.5533220034544357,-0.6924562798204221,-1.0154657971909247,-0.07326830956410954,1.3452816094393218,-0.13310347641241707,-0.2006027135712599,-0.06231769528497558,-0.2568645196271742,-0.18439088914585774,-0.34151232707830076,-0.06231769528497557,-0.04402254531628119,-0.17285970637383774,-0.7060812450686401,2.446729753464098,-0.44044906750083573,-0.4744665250703386,-0.36574845156823477,-0.3758727885879516,-0.3415123270783008,1.0784095813505903
-1.5873604423101833,-1.0578624627673399,0.7534891573641482,1.7430415033417512,0.6079259650439832,1.0709695764855154,1.2602694321162433,-0.6311129116457891,0.9957983740677198,-0.07326830956410954,1.3452816094393218,-0.13310347641241707,-0.2006027135712599,-0.06231769528497558,-0.2568645196271742,-0.18439088914585774,-0.34151232707830076,-0.06231769528497557,-0.04402254531628119,-0.17285970637383774,-0.7060812450686401,-0.4087088075763956,-0.44044906750083573,-0.4744665250703386,2.734119572378935,-0.3758727885879516,-0.3415123270783008,0.0
-0.7221360367494402,-0.24400101447758565,0.17322920207706002,1.1006985539722103,0.26252256686531233,-0.3121060381098505,0.9844552473273567,-0.017679229899458825,-0.009833711561602487,-0.07326830956410954,1.3452816094393218,-0.13310347641241707,-0.2006027135712599,-0.06231769528497558,-0.2568645196271742,-0.18439088914585774,-0.34151232707830076,-0.06231769528497557,-0.04402254531628119,-0.17285970637383774,-0.7060812450686401,-0.4087088075763956,-0.44044906750083573,2.1076302482071885,-0.36574845156823477,-0.3758727885879516,-0.3415123270783008,1.0986122886681098
1.0083127743720461,-0.24400101447758565,-0.17130014637464674,2.7557865913988375,1.2160134896412456,-0.4877346875822779,0.08805914676347325,0.04366413827517421,-0.2333075083681185,-0.07326830956410954,-0.7433387871977033,-0.13310347641241707,-0.2006027135712599,-0.06231769528497558,-0.2568645196271742,-0.18439088914585774,-0.34151232707830076,-0.06231769528497557,-0.04402254531628119,-0.17285970637383774,1.4162676136551213,-0.4087088075763956,-0.44044906750083573,-0.4744665250703386,2.734119572378935,-0.3758727885879516,-0.3415123270783008,0.0
-1.5873604423101833,-1.0578624627673399,0.2638948200906675,1.0491235726359696,0.23145240137494108,0.126965585571218,0.7603562221863858,-0.26305270259799096,-0.009833711561602487,-0.07326830956410954,1.3452816094393218,-0.13310347641241707,-0.2006027135712599,-0.06231769528497558,-0.2568645196271742,-0.18439088914585774,-0.34151232707830076,-0.06231769528497557,-0.04402254531628119,-0.17285970637383774,-0.7060812450686401,-0.4087088075763956,2.2704100741412128,-0.4744665250703386,-0.36574845156823477,-0.3758727885879516,-0.3415123270783008,1.4327007339340463
1.4409249771524177,1.3837218821019228,0.7534891573641482,1.7430415033417512,0.6079259650439832,1.0709695764855154,0.8637865414822181,-0.385739438947257,1.4986144168823812,-0.07326830956410954,1.3452816094393218,-0.13310347641241707,-0.2006027135712599,-0.06231769528497558,-0.2568645196271742,-0.18439088914585774,-0.34151232707830076,-0.06231769528497557,-0.04402254531628119,-0.17285970637383774,-0.7060812450686401,-0.4087088075763956,-0.44044906750083573,-0.4744665250703386,2.734119572378935,-0.3758727885879516,-0.3415123270783008,0.0
-1.1547482395298116,-0.24400101447758565,0.5358916741314899,1.9415270375751617,0.7067855825133458,0.23673349149148512,0.34663494500305486,1.3318748699424678,0.49298233125305885,-0.07326830956410954,1.3452816094393218,-0.13310347641241707,-0.2006027135712599,-0.06231769528497558,-0.2568645196271742,-0.18439088914585774,-0.34151232707830076,-0.06231769528497557,-0.04402254531628119,-0.17285970637383774,-0.7060812450686401,-0.4087088075763956,-0.44044906750083573,2.1076302482071885,-0.36574845156823477,-0.3758727885879516,-0.3415123270783008,2.93651291389402
-1.5873604423101833,-0.24400101447758565,-0.008102033950154875,2.4838457807168424,1.062276696760319,-0.7731312429749724,0.5707339701440257,0.04366413827517421,-0.2333075083681185,-0.07326830956410954,1.3452816094393218,-0.13310347641241707,-0.2006027135712599,-0.06231769528497558,-0.2568645196271742,-0.18439088914585774,-0.34151232707830076,-0.06231769528497557,-0.04402254531628119,-0.17285970637383774,-0.7060812450686401,-0.4087088075763956,-0.44044906750083573,-0.4744665250703386,-0.36574845156823477,-0.3758727885879516,-0.3415123270783008,0.0
-1.1547482395298116,0.5698604338121686,0.02816421325528862,-0.40904180877955815,-0.6913718645533531,-0.751177661790919,0.846548154932913,0.4117243473229724,-1.238939593997441,-0.07326830956410954,-0.7433387871977033,-0.13310347641241707,-0.2006027135712599,-0.06231769528497558,3.8931028755993595,-0.18439088914585774,-0.34151232707830076,-0.06231769528497557,-0.04402254531628119,-0.17285970637383774,-0.7060812450686401,-0.4087088075763956,2.2704100741412128,-0.4744665250703386,-0.36574845156823477,-0.3758727885879516,-0.3415123270783008,0.0
1.4409249771524177,1.3837218821019228,0.2638948200906675,1.502358257105962,0.5030137179336392,-0.18038455100553002,1.3636997514120763,-0.569769543471156,-1.518281840005586,-0.07326830956410954,1.3452816094393218,-0.13310347641241707,-0.2006027135712599,-0.06231769528497558,-0.2568645196271742,-0.18439088914585774,-0.34151232707830076,-0.06231769528497557,-0.04402254531628119,-0.17285970637383774,-0.7060812450686401,2.446729753464098,-0.44044906750083573,-0.4744665250703386,-0.36574845156823477,-0.3758727885879516,-0.3415123270783008,2.020222182019865
1.4409249771524177,1.3837218821019228,-0.2256995171828107,2.2306595087025705,0.8895749976709832,0.14891916675527134,-0.8083369538004096,1.761278447164899,-0.7361235511827796,-0.07326830956410954,1.3452816094393218,-0.13310347641241707,-0.2006027135712599,-0.06231769528497558,-0.2568645196271742,-0.18439088914585774,-0.34151232707830076,-0.06231769528497557,-0.04402254531628119,-0.17285970637383774,-0.7060812450686401,-0.4087088075763956,2.2704100741412128,-0.4744665250703386,-0.36574845156823477,-0.3758727885879516,-0.3415123270783008,0.0
-1.1547482395298116,0.5698604338121686,0.5540247977342129,1.8790119086827488,0.6745048910947784,-0.13647738863742295,0.8120713818343023,0.5344110836722384,-0.009833711561602487,-0.07326830956410954,1.3452816094393218,-0.13310347641241707,-0.2006027135712599,-0.06231769528497558,-0.2568645196271742,-0.18439088914585774,-0.34151232707830076,-0.06231769528497557,-0.04402254531628119,-0.17285970637383774,-0.7060812450686401,-0.4087088075763956,2.2704100741412128,-0.4744665250703386,-0.36574845156823477,-0.3758727885879516,-0.3415123270783008,0.5596157879354227
-1.5873604423101833,-1.0578624627673399,0.08256358406345257,-0.3058918461070772,0.7673118789231596,-0.3999203628460641,0.03634398711555741,0.10500750644980723,-1.0154657971909247,-0.07326830956410954,-0.7433387871977033,-0.13310347641241707,-0.2006027135712599,-0.06231769528497558,-0.2568645196271742,-0.18439088914585774,-0.34151232707830076,-0.06231769528497557,-0.04402254531628119,-0.17285970637383774,1.4162676136551213,-0.4087088075763956,-0.44044906750083573,-0.4744665250703386,-0.36574845156823477,-0.3758727885879516,-0.3415123270783008,0.0
0.14308836881130294,-0.24400101447758565,-0.06250140475831883,2.799547181623527,1.2402240082051712,-0.3560132004779572,-0.46356922281430074,0.8411279245454036,-0.2333075083681185,-0.07326830956410954,-0.7433387871977033,-0.13310347641241707,-0.2006027135712599,-0.06231769528497558,-0.2568645196271742,-0.18439088914585774,-0.34151232707830076,-0.06231769528497557,-0.04402254531628119,-0.17285970637383774,1.4162676136551213,-0.4087088075763956,-0.44044906750083573,-0.4744665250703386,-0.36574845156823477,-0.3758727885879516,-0.3415123270783008,0.0
1.4409249771524177,1.3837218821019228,0.2638948200906675,1.502358257105962,0.5030137179336392,-0.18038455100553002,1.1396007262711054,-0.9378297525189543,-1.238939593997441,-0.07326830956410954,1.3452816094393218,-0.13310347641241707,-0.2006027135712599,-0.06231769528497558,-0.2568645196271742,-0.18439088914585774,-0.34151232707830076,-0.06231769528497557,-0.04402254531628119,-0.17285970637383774,-0.7060812450686401,2.446729753464098,-0.44044906750083573,-0.4744665250703386,-0.36574845156823477,-0.3758727885879516,-0.3415123270783008,0.6729444732424258
0.5757005715916745,0.5698604338121686,-0.497696371223633,-1.343642985721129,-2.043125817705861,-1.168295704287934,-1.377203709927489,1.2091881335932018,-0.5126497543762636,-0.07326830956410954,-0.7433387871977033,-0.13310347641241707,-0.2006027135712599,-0.06231769528497558,-0.2568645196271742,-0.18439088914585774,-0.34151232707830076,-0.06231769528497557,-0.04402254531628119,-0.17285970637383774,-0.7060812450686401,2.446729753464098,-0.44044906750083573,-0.4744665250703386,-0.36574845156823477,-0.3758727885879516,-0.3415123270783008,0.4762341789963716
-1.5873604423101833,-1.871723911057094,0.010031089652568161,-0.4684311812273502,-0.7248630819001167,1.707623430823065,-0.7049066345045767,2.0679952880380643,2.2249042565035584,-0.07326830956410954,-0.7433387871977033,-0.13310347641241707,-0.2006027135712599,-0.06231769528497558,3.8931028755993595,-0.18439088914585774,-0.34151232707830076,-0.06231769528497557,-0.04402254531628119,-0.17285970637383774,-0.7060812450686401,-0.4087088075763956,-0.44044906750083573,-0.4744665250703386,-0.36574845156823477,-0.3758727885879516,-0.3415123270783008,0.0
-1.1547482395298116,0.5698604338121686,-0.06250140475831883,2.799547181623527,1.2402240082051712,-0.3560132004779572,-0.46356922281430074,0.8411279245454036,-0.2333075083681185,-0.07326830956410954,-0.7433387871977033,-0.13310347641241707,-0.2006027135712599,-0.06231769528497558,-0.2568645196271742,-0.18439088914585774,-0.34151232707830076,-0.06231769528497557,-0.04402254531628119,-0.17285970637383774,1.4162676136551213,-0.4087088075763956,-0.44044906750083573,-0.4744665250703386,-0.36574845156823477,-0.3758727885879516,-0.3415123270783008,2.613006652415316
0.14308836881130294,0.5698604338121686,0.6084241685423768,-0.9841809945897556,-1.804652209851195,0.3684549785958056,-0.27394697077194063,2.19068202438733,0.2695085344465426,-0.07326830956410954,1.3452816094393218,-0.13310347641241707,-0.2006027135712599,-0.06231769528497558,-0.2568645196271742,-0.18439088914585774,-0.34151232707830076,-0.06231769528497557,-0.04402254531628119,-0.17285970637383774,-0.7060812450686401,-0.4087088075763956,-0.44044906750083573,2.1076302482071885,-0.36574845156823477,-0.3758727885879516,-0.3415123270783008,0.0
0.5757005715916745,0.5698604338121686,0.24576169648794702,1.4429688846581696,0.47032951787233973,-0.20233813218958338,0.03634398711555741,1.577248342641,-1.0154657971909247,-0.07326830956410954,1.3452816094393218,-0.13310347641241707,-0.2006027135712599,-0.06231769528497558,-0.2568645196271742,-0.18439088914585774,-0.34151232707830076,-0.06231769528497557,-0.04402254531628119,-0.17285970637383774,-0.7060812450686401,-0.4087088075763956,-0.44044906750083573,2.1076302482071885,-0.36574845156823477,-0.3758727885879516,-0.3415123270783008,0.0
-0.7221360367494402,-0.24400101447758565,0.4996254269260489,-1.4624217306167133,-2.0967924671892297,0.19282632912337844,-1.7219714409135978,-0.569769543471156,2.2249042565035584,-0.07326830956410954,-0.7433387871977033,-0.13310347641241707,-0.2006027135712599,-0.06231769528497558,-0.2568645196271742,-0.18439088914585774,2.9281519895787635,-0.06231769528497557,-0.04402254531628119,-0.17285970637383774,-0.7060812450686401,-0.4087088075763956,-0.44044906750083573,-0.4744665250703386,-0.36574845156823477,-0.3758727885879516,2.9281519895787644,0.3435897043900769
1.0083127743720461,-0.24400101447758565,-0.17130014637464674,2.7198403922857,1.194627531576445,0.23673349149148512,-1.4461572561247107,2.0066519198634314,-0.009833711561602487,-0.07326830956410954,-0.7433387871977033,-0.13310347641241707,-0.2006027135712599,-0.06231769528497558,-0.2568645196271742,-0.18439088914585774,-0.34151232707830076,-0.06231769528497557,-0.04402254531628119,-0.17285970637383774,1.4162676136551213,-0.4087088075763956,-0.44044906750083573,-0.4744665250703386,-0.36574845156823477,-0.3758727885879516,2.9281519895787644,0.0
1.0083127743720461,-0.24400101447758565,0.17322920207706002,1.1006985539722103,0.26252256686531233,-0.3121060381098505,0.07082076021416817,1.0251580290693028,0.49298233125305885,-0.07326830956410954,1.3452816094393218,-0.13310347641241707,-0.2006027135712599,-0.06231769528497558,-0.2568645196271742,-0.18439088914585774,-0.34151232707830076,-0.06231769528497557,-0.04402254531628119,-0.17285970637383774,-0.7060812450686401,-0.4087088075763956,-0.44044906750083573,2.1076302482071885,-0.36574845156823477,-0.3758727885879516,-0.3415123270783008,0.0
-0.2895238339690686,0.5698604338121686,0.8260216517750352,1.669586226893166,0.5732242217690232,1.9710664050317057,0.7775946087356909,0.28903761097370634,0.772324577261204,-0.07326830956410954,1.3452816094393218,-0.13310347641241707,-0.2006027135712599,-0.06231769528497558,-0.2568645196271742,-0.18439088914585774,-0.34151232707830076,-0.06231769528497557,-0.04402254531628119,-0.17285970637383774,-0.7060812450686401,-0.4087088075763956,-0.44044906750083573,-0.4744665250703386,-0.36574845156823477,-0.3758727885879516,2.9281519895787644,0.9895411936137477
-1.5873604423101833,-0.24400101447758565,-0.026235157552875334,1.3429446784303096,0.4114172560334542,1.5978555249027977,-1.22205823098374,2.6814289697843945,0.49298233125305885,-0.07326830956410954,1.3452816094393218,-0.13310347641241707,-0.2006027135712599,-0.06231769528497558,-0.2568645196271742,-0.18439088914585774,-0.34151232707830076,-0.06231769528497557,-0.04402254531628119,-0.17285970637383774,-0.7060812450686401,-0.4087088075763956,-0.44044906750083573,-0.4744665250703386,-0.36574845156823477,-0.3758727885879516,-0.3415123270783008,2.0255131996542803
1.0083127743720461,-0.24400101447758565,0.15509607847433957,1.9899762624667814,0.7370487307182526,-0.3340596192939039,-0.20499342457471914,1.270531501767835,-0.009833711561602487,-0.07326830956410954,1.3452816094393218,-0.13310347641241707,-0.2006027135712599,-0.06231769528497558,-0.2568645196271742,-0.18439088914585774,-0.34151232707830076,-0.06231769528497557,-0.04402254531628119,-0.17285970637383774,-0.7060812450686401,2.446729753464098,-0.44044906750083573,-0.4744665250703386,-0.36574845156823477,-0.3758727885879516,-0.3415123270783008,0.0
-0.2895238339690686,0.5698604338121686,-0.2256995171828107,2.427582164713671,1.0303995139844833,-0.751177661790919,-0.2567085842226356,0.5957544518468715,-0.5126497543762636,-0.07326830956410954,1.3452816094393218,-0.13310347641241707,-0.2006027135712599,-0.06231769528497558,-0.2568645196271742,-0.18439088914585774,-0.34151232707830076,-0.06231769528497557,-0.04402254531628119,-0.17285970637383774,-0.7060812450686401,-0.4087088075763956,-0.44044906750083573,-0.4744665250703386,2.734119572378935,-0.3758727885879516,-0.3415123270783008,0.0
-0.7221360367494402,-0.24400101447758565,0.17322920207706002,2.149389841142434,0.8306627358320977,-0.597502593502545,-0.36013890351846783,0.7184411881961376,-0.5126497543762636,-0.07326830956410954,1.3452816094393218,-0.13310347641241707,-0.2006027135712599,-0.06231769528497558,-0.2568645196271742,-0.18439088914585774,-0.34151232707830076,-0.06231769528497557,-0.04402254531628119,-0.17285970637383774,-0.7060812450686401,-0.4087088075763956,-0.44044906750083573,-0.4744665250703386,2.734119572378935,-0.3758727885879516,-0.3415123270783008,0.0
-0.7221360367494402,-0.24400101447758565,0.7172229101587048,0.767805492620112,0.0777156084940144,1.685669849639011,-0.17051665147610837,0.2276942427990733,-0.7361235511827796,-0.07326830956410954,-0.7433387871977033,-0.13310347641241707,-0.2006027135712599,-0.06231769528497558,3.8931028755993595,-0.18439088914585774,-0.34151232707830076,-0.06231769528497557,-0.04402254531628119,-0.17285970637383774,-0.7060812450686401,2.446729753464098,-0.44044906750083573,-0.4744665250703386,-0.36574845156823477,-0.3758727885879516,-0.3415123270783008,0.0
-1.1547482395298116,-0.24400101447758565,0.17322920207706002,2.149389841142434,0.8306627358320977,-0.597502593502545,-0.39461567661707864,0.9024712927200367,-0.7361235511827796,-0.07326830956410954,1.3452816094393218,-0.13310347641241707,-0.2006027135712599,-0.06231769528497558,-0.2568645196271742,-0.18439088914585774,-0.34151232707830076,-0.06231769528497557,-0.04402254531628119,-0.17285970637383774,-0.7060812450686401,-0.4087088075763956,-0.44044906750083573,-0.4744665250703386,2.734119572378935,-0.3758727885879516,-0.3415123270783008,0.0
-1.5873604423101833,-0.24400101447758565,0.19136232567978306,1.2585492544255523,0.35492604605096134,-0.2681988757417436,0.17425107951000046,0.3503809791483394,-0.009833711561602487,-0.07326830956410954,1.3452816094393218,-0.13310347641241707,-0.2006027135712599,-0.06231769528497558,-0.2568645196271742,-0.18439088914585774,-0.34151232707830076,-0.06231769528497557,-0.04402254531628119,-0.17285970637383774,-0.7060812450686401,-0.4087088075763956,-0.44044906750083573,-0.4744665250703386,-0.36574845156823477,-0.3758727885879516,2.9281519895787644,2.2607208888953467
1.4409249771524177,1.3837218821019228,0.5540247977342129,1.8790119086827488,0.6745048910947784,-0.13647738863742295,0.0018672140169460397,1.2091881335932018,0.49298233125305885,-0.07326830956410954,1.3452816094393218,-0.13310347641241707,-0.2006027135712599,-0.06231769528497558,-0.2568645196271742,-0.18439088914585774,-0.34151232707830076,-0.06231769528497557,-0.04402254531628119,-0.17285970637383774,-0.7060812450686401,-0.4087088075763956,2.2704100741412128,-0.4744665250703386,-0.36574845156823477,-0.3758727885879516,-0.3415123270783008,1.8531680973566984
1.0083127743720461,-0.24400101447758565,0.17322920207706002,2.5463609096092554,1.094153879536154,-0.29015245692579694,-0.5842379286594387,1.699935078990266,2.2249042565035584,-0.07326830956410954,1.3452816094393218,-0.13310347641241707,-0.2006027135712599,-0.06231769528497558,-0.2568645196271742,-0.18439088914585774,-0.34151232707830076,-0.06231769528497557,-0.04402254531628119,-0.17285970637383774,-0.7060812450686401,-0.4087088075763956,2.2704100741412128,-0.4744665250703386,-0.36574845156823477,-0.3758727885879516,-0.3415123270783008,1.2919836816486494
-1.1547482395298116,0.5698604338121686,0.5540247977342129,1.8790119086827488,0.6745048910947784,-0.13647738863742295,0.0018672140169460397,1.2091881335932018,0.49298233125305885,-0.07326830956410954,1.3452816094393218,-0.13310347641241707,-0.2006027135712599,-0.06231769528497558,-0.2568645196271742,-0.18439088914585774,-0.34151232707830076,-0.06231769528497557,-0.04402254531628119,-0.17285970637383774,-0.7060812450686401,-0.4087088075763956,2.2704100741412128,-0.4744665250703386,-0.36574845156823477,-0.3758727885879516,-0.3415123270783008,0.0
1.4409249771524177,1.3837218821019228,0.5540247977342129,1.8790119086827488,0.6745048910947784,-0.13647738863742295,0.0018672140169460397,1.2091881335932018,0.49298233125305885,-0.07326830956410954,1.3452816094393218,-0.13310347641241707,-0.2006027135712599,-0.06231769528497558,-0.2568645196271742,-0.18439088914585774,-0.34151232707830076,-0.06231769528497557,-0.04402254531628119,-0.17285970637383774,-0.7060812450686401,-0.4087088075763956,2.2704100741412128,-0.4744665250703386,-0.36574845156823477,-0.3758727885879516,-0.3415123270783008,0.2151113796169455
-1.5873604423101833,-0.24400101447758565,0.06443046046073211,2.585432865167013,1.1183643981000795,-0.42187394403011763,-0.7566217941524931,1.9453085516887982,2.001430459697042,-0.07326830956410954,-0.7433387871977033,-0.13310347641241707,-0.2006027135712599,-0.06231769528497558,-0.2568645196271742,-0.18439088914585774,-0.34151232707830076,-0.06231769528497557,-0.04402254531628119,-0.17285970637383774,1.4162676136551213,-0.4087088075763956,-0.44044906750083573,2.1076302482071885,-0.36574845156823477,-0.3758727885879516,-0.3415123270783008,1.0986122886681098
0.5757005715916745,0.5698604338121686,-2.818736192371986,-1.6640330212947443,-2.1456170129598124,-1.5634601656008955,-2.463222062533732,2.3133687607365965,1.2751406200758648,-0.07326830956410954,-0.7433387871977033,-0.13310347641241707,4.984977432245808,-0.06231769528497558,-0.2568645196271742,-0.18439088914585774,-0.34151232707830076,-0.06231769528497557,-0.04402254531628119,-0.17285970637383774,-0.7060812450686401,-0.4087088075763956,-0.44044906750083573,-0.4744665250703386,-0.36574845156823477,2.660474581724095,-0.3415123270783008,1.244154593958768
0.5757005715916745,-0.24400101447758565,-2.818736192371986,-1.6640330212947443,-2.1456170129598124,-1.5634601656008955,-2.3770301297872045,2.0066519198634314,0.772324577261204,-0.07326830956410954,-0.7433387871977033,-0.13310347641241707,4.984977432245808,-0.06231769528497558,-0.2568645196271742,-0.18439088914585774,-0.34151232707830076,-0.06231769528497557,-0.04402254531628119,-0.17285970637383774,-0.7060812450686401,-0.4087088075763956,-0.44044906750083573,-0.4744665250703386,-0.36574845156823477,2.660474581724095,-0.3415123270783008,1.430311246536665
-1.1547482395298116,-1.871723911057094,-2.0208787538522395,-1.6765360470732271,-2.149248590744402,-1.5854137467849492,-2.463222062533732,0.9024712927200367,-1.741755636812102,-0.07326830956410954,-0.7433387871977033,-0.13310347641241707,4.984977432245808,-0.06231769528497558,-0.2568645196271742,-0.18439088914585774,-0.34151232707830076,-0.06231769528497557,-0.04402254531628119,-0.17285970637383774,-0.7060812450686401,-0.4087088075763956,2.2704100741412128,-0.4744665250703386,-0.36574845156823477,-0.3758727885879516,-0.3415123270783008,2.300583090323373
0.5757005715916745,0.5698604338121686,-0.624628236442684,-1.4968050515075404,-2.06209072391427,-0.42187394403011763,-1.4978724157726273,0.04366413827517421,0.9957983740677198,-0.07326830956410954,-0.7433387871977033,-0.13310347641241707,-0.2006027135712599,-0.06231769528497558,-0.2568645196271742,-0.18439088914585774,2.9281519895787635,-0.06231769528497557,-0.04402254531628119,-0.17285970637383774,-0.7060812450686401,2.446729753464098,-0.44044906750083573,-0.4744665250703386,-0.36574845156823477,-0.3758727885879516,-0.3415123270783008,1.9960599327407849
-0.7221360367494402,-0.24400101447758565,-0.08063452836103929,-1.4436671919489894,-2.0451433609195218,-0.37796678166201075,-1.3254885502795728,-0.20170933442335792,0.772324577261204,-0.07326830956410954,-0.7433387871977033,-0.13310347641241707,-0.2006027135712599,-0.06231769528497558,-0.2568645196271742,-0.18439088914585774,2.9281519895787635,-0.06231769528497557,-0.04402254531628119,-0.17285970637383774,-0.7060812450686401,-0.4087088075763956,-0.44044906750083573,-0.4744665250703386,-0.36574845156823477,-0.3758727885879516,2.9281519895787644,1.7833912195575383
0.5757005715916745,0.5698604338121686,0.11882983126889607,-1.4108467492804728,-2.0354591534939517,-0.1145238074533696,-0.9634824327441583,-1.0605164888682204,-0.2333075083681185,-0.07326830956410954,-0.7433387871977033,-0.13310347641241707,-0.2006027135712599,-0.06231769528497558,-0.2568645196271742,-0.18439088914585774,2.9281519895787635,-0.06231769528497557,-0.04402254531628119,-0.17285970637383774,-0.7060812450686401,-0.4087088075763956,-0.44044906750083573,-0.4744665250703386,2.734119572378935,-0.3758727885879516,-0.3415123270783008,2.3427668826268775
0.5757005715916745,-1.0578624627673399,0.06443046046073211,-1.504619442619092,-2.107687200542996,0.7197122775406607,-0.8945288865469367,-0.6924562798204221,3.0070625453263644,-0.07326830956410954,-0.7433387871977033,-0.13310347641241707,-0.2006027135712599,-0.06231769528497558,-0.2568645196271742,-0.18439088914585774,-0.34151232707830076,-0.06231769528497557,-0.04402254531628119,-0.17285970637383774,-0.7060812450686401,-0.4087088075763956,-0.44044906750083573,2.1076302482071885,-0.36574845156823477,-0.3758727885879516,-0.3415123270783008,3.2422016501716975
0.14308836881130294,-0.24400101447758565,0.06443046046073211,-1.504619442619092,-2.107687200542996,0.7197122775406607,-0.2222318111240242,-1.0605164888682204,0.9957983740677198,-0.07326830956410954,-0.7433387871977033,-0.13310347641241707,-0.2006027135712599,-0.06231769528497558,-0.2568645196271742,-0.18439088914585774,-0.34151232707830076,-0.06231769528497557,-0.04402254531628119,-0.17285970637383774,-0.7060812450686401,-0.4087088075763956,-0.44044906750083573,2.1076302482071885,-0.36574845156823477,-0.3758727885879516,-0.3415123270783008,0.0
-0.2895238339690686,-1.0578624627673399,-0.18943326997736978,-1.3358285946095774,-1.91359954338886,-0.7292240806068655,-0.1532782649268027,-0.26305270259799096,-0.009833711561602487,-0.07326830956410954,-0.7433387871977033,-0.13310347641241707,-0.2006027135712599,-0.06231769528497558,-0.2568645196271742,-0.18439088914585774,-0.34151232707830076,16.04680653588121,-0.04402254531628119,-0.17285970637383774,-0.7060812450686401,-0.4087088075763956,-0.44044906750083573,-0.4744665250703386,-0.36574845156823477,-0.3758727885879516,-0.3415123270783008,2.6878474937846906
1.4409249771524177,-1.0578624627673399,-0.4432970004154691,-0.22931081321387148,-1.286950621225921,-0.9487598924473997,-0.7910985672511038,2.1293386562126972,-0.009833711561602487,-0.07326830956410954,-0.7433387871977033,-0.13310347641241707,-0.2006027135712599,-0.06231769528497558,-0.2568645196271742,5.423261445466405,-0.34151232707830076,-0.06231769528497557,-0.04402254531628119,-0.17285970637383774,-0.7060812450686401,2.446729753464098,-0.44044906750083573,-0.4744665250703386,-0.36574845156823477,-0.3758727885879516,-0.3415123270783008,1.4655675420143985
1.8735371799327891,-0.24400101447758565,-0.026235157552875334,-0.7778810692447935,-1.1917225815411472,0.08305842320311131,0.967216860778051,0.3503809791483394,-0.5126497543762636,-0.07326830956410954,-0.7433387871977033,-0.13310347641241707,-0.2006027135712599,-0.06231769528497558,-0.2568645196271742,5.423261445466405,-0.34151232707830076,-0.06231769528497557,-0.04402254531628119,-0.17285970637383774,-0.7060812450686401,-0.4087088075763956,2.2704100741412128,-0.4744665250703386,-0.36574845156823477,-0.3758727885879516,-0.3415123270783008,4.08260930600368
-0.2895238339690686,-1.0578624627673399,0.4270929325151619,-0.11053206831828732,-0.9330735415498763,0.39040855977985933,1.2947462052148542,-0.569769543471156,-0.7361235511827796,-0.07326830956410954,-0.7433387871977033,-0.13310347641241707,-0.2006027135712599,-0.06231769528497558,-0.2568645196271742,5.423261445466405,-0.34151232707830076,-0.06231769528497557,-0.04402254531628119,-0.17285970637383774,-0.7060812450686401,-0.4087088075763956,-0.44044906750083573,-0.4744665250703386,2.734119572378935,-0.3758727885879516,-0.3415123270783008,4.27332721775054
-1.1547482395298116,0.5698604338121686,0.5540247977342129,0.16922313347525988,-0.7978981462346255,1.9710664050317057,0.656925902890553,-0.26305270259799096,3.0070625453263644,-0.07326830956410954,-0.7433387871977033,-0.13310347641241707,-0.2006027135712599,-0.06231769528497558,-0.2568645196271742,5.423261445466405,-0.34151232707830076,-0.06231769528497557,-0.04402254531628119,-0.17285970637383774,-0.7060812450686401,-0.4087088075763956,-0.44044906750083573,-0.4744665250703386,2.734119572378935,-0.3758727885879516,-0.3415123270783008,1.0784095813505903
-0.2895238339690686,-1.0578624627673399,0.5177585505287694,-0.39966453944569635,-0.6171262742906483,0.19282632912337844,1.4326532976092978,-0.9991731206935873,-1.518281840005586,-0.07326830956410954,-0.7433387871977033,-0.13310347641241707,-0.2006027135712599,-0.06231769528497558,3.8931028755993595,-0.18439088914585774,-0.34151232707830076,-0.06231769528497557,-0.04402254531628119,-0.17285970637383774,-0.7060812450686401,-0.4087088075763956,-0.44044906750083573,-0.4744665250703386,2.734119572378935,-0.3758727885879516,-0.3415123270783008,1.3056264580524357
-0.2895238339690686,-1.0578624627673399,0.5540247977342129,-0.1496040238760453,-0.5025298197547342,1.2465982259579427,1.2430310455669382,0.04366413827517421,-0.009833711561602487,-0.07326830956410954,-0.7433387871977033,-0.13310347641241707,-0.2006027135712599,-0.06231769528497558,3.8931028755993595,-0.18439088914585774,-0.34151232707830076,-0.06231769528497557,-0.04402254531628119,-0.17285970637383774,-0.7060812450686401,-0.4087088075763956,-0.44044906750083573,2.1076302482071885,-0.36574845156823477,-0.3758727885879516,-0.3415123270783008,2.528125768907977
1.0083127743720461,-0.24400101447758565,0.5540247977342129,-0.1496040238760453,-0.5025298197547342,1.2465982259579427,-0.11880149182819193,2.3133687607365965,0.2695085344465426,-0.07326830956410954,-0.7433387871977033,-0.13310347641241707,-0.2006027135712599,-0.06231769528497558,3.8931028755993595,-0.18439088914585774,-0.34151232707830076,-0.06231769528497557,-0.04402254531628119,-0.17285970637383774,-0.7060812450686401,-0.4087088075763956,-0.44044906750083573,2.1076302482071885,-0.36574845156823477,-0.3758727885879516,-0.3415123270783008,1.0818051703517284
1.0083127743720461,-0.24400101447758565,-0.2619657643882542,-0.10896919009597687,-0.46944211105070244,-0.5755490123184914,0.6396875163412479,0.7797845563707706,0.49298233125305885,-0.07326830956410954,-0.7433387871977033,-0.13310347641241707,-0.2006027135712599,-0.06231769528497558,3.8931028755993595,-0.18439088914585774,-0.34151232707830076,-0.06231769528497557,-0.04402254531628119,-0.17285970637383774,-0.7060812450686401,2.446729753464098,-0.44044906750083573,-0.4744665250703386,-0.36574845156823477,-0.3758727885879516,-0.3415123270783008,3.923753928303845
1.8735371799327891,3.8253062269711857,0.4633591797206054,0.055133023246606634,0.0486629862173036,0.10501200438716465,1.949804894088461,-1.1832032252174864,0.2695085344465426,-0.07326830956410954,-0.7433387871977033,-0.13310347641241707,-0.2006027135712599,-0.06231769528497558,3.8931028755993595,-0.18439088914585774,-0.34151232707830076,-0.06231769528497557,-0.04402254531628119,-0.17285970637383774,-0.7060812450686401,-0.4087088075763956,-0.44044906750083573,-0.4744665250703386,2.734119572378935,-0.3758727885879516,-0.3415123270783008,1.5496879080283263
-0.2895238339690686,-1.0578624627673399,0.4633591797206054,0.055133023246606634,0.0486629862173036,0.10501200438716465,1.949804894088461,-1.3672333297413855,0.49298233125305885,-0.07326830956410954,-0.7433387871977033,-0.13310347641241707,-0.2006027135712599,-0.06231769528497558,3.8931028755993595,-0.18439088914585774,-0.34151232707830076,-0.06231769528497557,-0.04402254531628119,-0.17285970637383774,-0.7060812450686401,-0.4087088075763956,-0.44044906750083573,-0.4744665250703386,2.734119572378935,-0.3758727885879516,-0.3415123270783008,0.0
-0.7221360367494402,-0.24400101447758565,0.7716222809668712,0.30363066059394744,0.15801382839770062,1.114876738853622,0.7775946087356909,-0.26305270259799096,0.9957983740677198,-0.07326830956410954,1.3452816094393218,-0.13310347641241707,-0.2006027135712599,-0.06231769528497558,-0.2568645196271742,-0.18439088914585774,-0.34151232707830076,-0.06231769528497557,-0.04402254531628119,-0.17285970637383774,-0.7060812450686401,-0.4087088075763956,-0.44044906750083573,2.1076302482071885,-0.36574845156823477,-0.3758727885879516,-0.3415123270783008,1.951608170169951
1.4409249771524177,1.3837218821019228,0.7716222809668712,0.30363066059394744,0.15801382839770062,1.114876738853622,2.087711986482905,-1.0605164888682204,0.772324577261204,-0.07326830956410954,1.3452816094393218,-0.13310347641241707,-0.2006027135712599,-0.06231769528497558,-0.2568645196271742,-0.18439088914585774,-0.34151232707830076,-0.06231769528497557,-0.04402254531628119,-0.17285970637383774,-0.7060812450686401,-0.4087088075763956,-0.44044906750083573,2.1076302482071885,-0.36574845156823477,-0.3758727885879516,-0.3415123270783008,0.0
-1.1547482395298116,0.5698604338121686,0.7716222809668712,0.30363066059394744,0.15801382839770062,1.114876738853622,2.449718104018319,-1.1832032252174864,-0.009833711561602487,-0.07326830956410954,1.3452816094393218,-0.13310347641241707,-0.2006027135712599,-0.06231769528497558,-0.2568645196271742,-0.18439088914585774,-0.34151232707830076,-0.06231769528497557,-0.04402254531628119,-0.17285970637383774,-0.7060812450686401,-0.4087088075763956,-0.44044906750083573,2.1076302482071885,-0.36574845156823477,-0.3758727885879516,-0.3415123270783008,2.643333886382519
-1.1547482395298116,-0.24400101447758565,0.7897554045695917,0.38490032815408387,0.1951366235290528,2.695534584105469,2.018758440285683,-0.9991731206935873,-0.2333075083681185,-0.07326830956410954,1.3452816094393218,-0.13310347641241707,-0.2006027135712599,-0.06231769528497558,-0.2568645196271742,-0.18439088914585774,-0.34151232707830076,-0.06231769528497557,-0.04402254531628119,-0.17285970637383774,-0.7060812450686401,2.446729753464098,-0.44044906750083573,-0.4744665250703386,-0.36574845156823477,-0.3758727885879516,-0.3415123270783008,1.1568811967920856
0.14308836881130294,-0.24400101447758565,0.8078885281723122,0.47554726504808253,0.23346994458860154,1.9052056614795454,0.8982633145808294,-0.07902259807409186,1.2751406200758648,-0.07326830956410954,1.3452816094393218,-0.13310347641241707,-0.2006027135712599,-0.06231769528497558,-0.2568645196271742,-0.18439088914585774,-0.34151232707830076,-0.06231769528497557,-0.04402254531628119,-0.17285970637383774,-0.7060812450686401,-0.4087088075763956,-0.44044906750083573,-0.4744665250703386,-0.36574845156823477,2.660474581724095,-0.3415123270783008,0.4762341789963716
0.14308836881130294,-0.24400101447758565,0.8078885281723122,0.47554726504808253,0.23346994458860154,1.9052056614795454,1.2947462052148542,-0.6311129116457891,-0.2333075083681185,-0.07326830956410954,1.3452816094393218,-0.13310347641241707,-0.2006027135712599,-0.06231769528497558,-0.2568645196271742,-0.18439088914585774,-0.34151232707830076,-0.06231769528497557,-0.04402254531628119,-0.17285970637383774,-0.7060812450686401,-0.4087088075763956,-0.44044906750083573,-0.4744665250703386,-0.36574845156823477,2.660474581724095,-0.3415123270783008,4.27332721775054
-0.2895238339690686,-0.24400101447758565,0.8078885281723122,0.47554726504808253,0.23346994458860154,1.9052056614795454,0.08805914676347325,1.638591710815633,2.001430459697042,-0.07326830956410954,1.3452816094393218,-0.13310347641241707,-0.2006027135712599,-0.06231769528497558,-0.2568645196271742,-0.18439088914585774,-0.34151232707830076,-0.06231769528497557,-0.04402254531628119,-0.17285970637383774,-0.7060812450686401,-0.4087088075763956,-0.44044906750083573,-0.4744665250703386,-0.36574845156823477,2.660474581724095,-0.3415123270783008,2.128231705849268
-0.2895238339690686,-0.24400101447758565,0.8078885281723122,0.47554726504808253,0.23346994458860154,1.9052056614795454,0.294919785355139,0.8411279245454036,-1.518281840005586,-0.07326830956410954,1.3452816094393218,-0.13310347641241707,-0.2006027135712599,-0.06231769528497558,-0.2568645196271742,-0.18439088914585774,-0.34151232707830076,-0.06231769528497557,-0.04402254531628119,-0.17285970637383774,-0.7060812450686401,-0.4087088075763956,-0.44044906750083573,-0.4744665250703386,-0.36574845156823477,-0.3758727885879516,2.9281519895787644,0.0
-0.2895238339690686,-0.24400101447758565,0.8078885281723122,0.47554726504808253,0.23346994458860154,1.9052056614795454,1.6912290958488794,-0.6924562798204221,-0.009833711561602487,-0.07326830956410954,1.3452816094393218,-0.13310347641241707,-0.2006027135712599,-0.06231769528497558,-0.2568645196271742,-0.18439088914585774,-0.34151232707830076,-0.06231769528497557,-0.04402254531628119,-0.17285970637383774,-0.7060812450686401,-0.4087088075763956,-0.44044906750083573,-0.4744665250703386,-0.36574845156823477,-0.3758727885879516,2.9281519895787644,0.0
-0.2895238339690686,-0.24400101447758565,0.9348203933913631,0.6427752348352865,0.3073120262085747,1.0490159953014622,2.3290493981731806,-1.4285766979160186,0.2695085344465426,-0.07326830956410954,1.3452816094393218,-0.13310347641241707,-0.2006027135712599,-0.06231769528497558,-0.2568645196271742,-0.18439088914585774,-0.34151232707830076,-0.06231769528497557,-0.04402254531628119,-0.17285970637383774,-0.7060812450686401,-0.4087088075763956,-0.44044906750083573,-0.4744665250703386,2.734119572378935,-0.3758727885879516,-0.3415123270783008,0.0
-1.5873604423101833,-1.0578624627673399,0.9529535169940861,0.7365479281739057,0.3456453472681234,0.5001764657001264,2.3290493981731806,-1.0605164888682204,-1.0154657971909247,-0.07326830956410954,1.3452816094393218,-0.13310347641241707,-0.2006027135712599,-0.06231769528497558,-0.2568645196271742,-0.18439088914585774,-0.34151232707830076,-0.06231769528497557,-0.04402254531628119,-0.17285970637383774,-0.7060812450686401,-0.4087088075763956,-0.44044906750083573,-0.4744665250703386,-0.36574845156823477,-0.3758727885879516,-0.3415123270783008,0.0
-1.5873604423101833,-1.0578624627673399,0.9529535169940861,0.7365479281739057,0.3456453472681234,0.5001764657001264,1.4843684572572142,-0.9378297525189543,0.2695085344465426,-0.07326830956410954,1.3452816094393218,-0.13310347641241707,-0.2006027135712599,-0.06231769528497558,-0.2568645196271742,-0.18439088914585774,-0.34151232707830076,-0.06231769528497557,-0.04402254531628119,-0.17285970637383774,-0.7060812450686401,-0.4087088075763956,-0.44044906750083573,-0.4744665250703386,-0.36574845156823477,-0.3758727885879516,-0.3415123270783008,2.3997118037247684
0.5757005715916745,1.3837218821019228,0.9710866405968066,0.8303206215125248,0.38357515968493994,1.0929231576695688,2.0532352133842937,-0.8764863843443212,0.49298233125305885,-0.07326830956410954,1.3452816094393218,-0.13310347641241707,-0.2006027135712599,-0.06231769528497558,-0.2568645196271742,-0.18439088914585774,-0.34151232707830076,-0.06231769528497557,-0.04402254531628119,-0.17285970637383774,-0.7060812450686401,-0.4087088075763956,2.2704100741412128,-0.4744665250703386,-0.36574845156823477,-0.3758727885879516,-0.3415123270783008,2.300583090323373
0.5757005715916745,1.3837218821019228,1.0073528878022502,1.0100516170782115,0.45943478451857306,1.707623430823065,0.8637865414822181,-0.14036596624872488,-1.0154657971909247,-0.07326830956410954,1.3452816094393218,-0.13310347641241707,-0.2006027135712599,-0.06231769528497558,-0.2568645196271742,-0.18439088914585774,-0.34151232707830076,-0.06231769528497557,-0.04402254531628119,-0.17285970637383774,-0.7060812450686401,2.446729753464098,-0.44044906750083573,-0.4744665250703386,-0.36574845156823477,-0.3758727885879516,-0.3415123270783008,0.0
-0.2895238339690686,0.5698604338121686,1.0073528878022502,1.0100516170782115,0.45943478451857306,1.707623430823065,2.363526171271792,-1.1218598570428533,-0.5126497543762636,-0.07326830956410954,1.3452816094393218,-0.13310347641241707,-0.2006027135712599,-0.06231769528497558,-0.2568645196271742,-0.18439088914585774,-0.34151232707830076,-0.06231769528497557,-0.04402254531628119,-0.17285970637383774,-0.7060812450686401,2.446729753464098,-0.44044906750083573,-0.4744665250703386,-0.36574845156823477,-0.3758727885879516,-0.3415123270783008,1.3217558399823195
-0.7221360367494402,-0.24400101447758565,0.9892197641995271,1.0975727975275893,0.4973645969353901,1.1587839012217291,2.311811011623875,-1.0605164888682204,-1.0154657971909247,-0.07326830956410954,1.3452816094393218,-0.13310347641241707,-0.2006027135712599,-0.06231769528497558,-0.2568645196271742,-0.18439088914585774,-0.34151232707830076,-0.06231769528497557,-0.04402254531628119,-0.17285970637383774,-0.7060812450686401,-0.4087088075763956,-0.44044906750083573,-0.4744665250703386,-0.36574845156823477,2.660474581724095,-0.3415123270783008,5.365415110080531
0.5757005715916745,0.5698604338121686,0.9892197641995271,1.0975727975275893,0.4973645969353901,1.1587839012217291,2.4841948771169293,-1.1218598570428533,-0.7361235511827796,-0.07326830956410954,1.3452816094393218,-0.13310347641241707,-0.2006027135712599,-0.06231769528497558,-0.2568645196271742,-0.18439088914585774,-0.34151232707830076,-0.06231769528497557,-0.04402254531628119,-0.17285970637383774,-0.7060812450686401,-0.4087088075763956,-0.44044906750083573,-0.4744665250703386,-0.36574845156823477,2.660474581724095,-0.3415123270783008,2.93651291389402
1.0083127743720461,0.5698604338121686,0.9892197641995271,1.0975727975275893,0.4973645969353901,1.1587839012217291,1.4498916841586034,1.1478447654185688,0.49298233125305885,21.572283715947112,1.3452816094393218,-0.13310347641241707,-0.2006027135712599,-0.06231769528497558,-0.2568645196271742,-0.18439088914585774,-0.34151232707830076,-0.06231769528497557,-0.04402254531628119,-0.17285970637383774,-0.7060812450686401,-0.4087088075763956,-0.44044906750083573,-0.4744665250703386,-0.36574845156823477,2.660474581724095,-0.3415123270783008,2.2607208888953467
1.4409249771524177,1.3837218821019228,0.9892197641995271,1.0975727975275893,0.4973645969353901,1.1587839012217291,0.4673036508481934,1.270531501767835,0.49298233125305885,2.632425693624793,1.3452816094393218,-0.13310347641241707,-0.2006027135712599,-0.06231769528497558,-0.2568645196271742,-0.18439088914585774,-0.34151232707830076,-0.06231769528497557,-0.04402254531628119,-0.17285970637383774,-0.7060812450686401,-0.4087088075763956,-0.44044906750083573,-0.4744665250703386,-0.36574845156823477,2.660474581724095,-0.3415123270783008,0.0
1.0083127743720461,0.5698604338121686,0.9892197641995271,1.0975727975275893,0.4973645969353901,1.1587839012217291,0.4673036508481934,1.270531501767835,0.49298233125305885,2.632425693624793,1.3452816094393218,-0.13310347641241707,-0.2006027135712599,-0.06231769528497558,-0.2568645196271742,-0.18439088914585774,-0.34151232707830076,-0.06231769528497557,-0.04402254531628119,-0.17285970637383774,-0.7060812450686401,-0.4087088075763956,-0.44044906750083573,-0.4744665250703386,-0.36574845156823477,2.660474581724095,-0.3415123270783008,0.0
-0.2895238339690686,-0.24400101447758565,0.9892197641995271,1.0975727975275893,0.4973645969353901,1.1587839012217291,0.3121581719044441,1.5159049744663669,0.49298233125305885,1.2795786920303418,1.3452816094393218,-0.13310347641241707,-0.2006027135712599,-0.06231769528497558,-0.2568645196271742,-0.18439088914585774,-0.34151232707830076,-0.06231769528497557,-0.04402254531628119,-0.17285970637383774,-0.7060812450686401,-0.4087088075763956,-0.44044906750083573,-0.4744665250703386,-0.36574845156823477,2.660474581724095,-0.3415123270783008,0.0
-1.1547482395298116,-0.24400101447758565,0.6990897865559843,0.4458525788241864,0.5695926439844344,2.4101380287127743,1.7774210285954066,-0.8764863843443212,0.49298233125305885,-0.07326830956410954,1.3452816094393218,-0.13310347641241707,-0.2006027135712599,-0.06231769528497558,-0.2568645196271742,-0.18439088914585774,-0.34151232707830076,-0.06231769528497557,-0.04402254531628119,-0.17285970637383774,-0.7060812450686401,-0.4087088075763956,-0.44044906750083573,-0.4744665250703386,-0.36574845156823477,-0.3758727885879516,2.9281519895787644,1.8946168546677629
-0.2895238339690686,-1.0578624627673399,0.6990897865559843,0.4458525788241864,0.5695926439844344,2.4101380287127743,1.7257058689474902,-0.9378297525189543,0.49298233125305885,-0.07326830956410954,1.3452816094393218,-0.13310347641241707,-0.2006027135712599,-0.06231769528497558,-0.2568645196271742,-0.18439088914585774,-0.34151232707830076,-0.06231769528497557,-0.04402254531628119,-0.17285970637383774,-0.7060812450686401,-0.4087088075763956,-0.44044906750083573,-0.4744665250703386,-0.36574845156823477,-0.3758727885879516,2.9281519895787644,4.427836170705175
-1.5873604423101833,-1.871723911057094,0.06443046046073211,0.8178175957340421,0.7927329234152811,0.23673349149148512,1.3464613648627706,-0.569769543471156,-1.238939593997441,-0.07326830956410954,1.3452816094393218,-0.13310347641241707,-0.2006027135712599,-0.06231769528497558,-0.2568645196271742,-0.18439088914585774,-0.34151232707830076,-0.06231769528497557,-0.04402254531628119,-0.17285970637383774,-0.7060812450686401,-0.4087088075763956,-0.44044906750083573,-0.4744665250703386,2.734119572378935,-0.3758727885879516,-0.3415123270783008,0.7371640659767197
-1.5873604423101833,-1.871723911057094,0.06443046046073211,0.8756440899595241,0.8258206321193129,-0.42187394403011763,-0.06708633218027547,1.761278447164899,2.504246502511703,-0.07326830956410954,1.3452816094393218,-0.13310347641241707,-0.2006027135712599,-0.06231769528497558,-0.2568645196271742,-0.18439088914585774,-0.34151232707830076,-0.06231769528497557,-0.04402254531628119,-0.17285970637383774,-0.7060812450686401,-0.4087088075763956,-0.44044906750083573,-0.4744665250703386,-0.36574845156823477,-0.3758727885879516,-0.3415123270783008,0.0
-1.1547482395298116,-0.24400101447758565,0.06443046046073211,0.8756440899595241,0.8258206321193129,-0.42187394403011763,1.208554272468327,-0.20170933442335792,-0.2333075083681185,-0.07326830956410954,1.3452816094393218,-0.13310347641241707,-0.2006027135712599,-0.06231769528497558,-0.2568645196271742,-0.18439088914585774,-0.34151232707830076,-0.06231769528497557,-0.04402254531628119,-0.17285970637383774,-0.7060812450686401,-0.4087088075763956,-0.44044906750083573,-0.4744665250703386,-0.36574845156823477,-0.3758727885879516,-0.3415123270783008,0.0
-1.5873604423101833,-1.871723911057094,0.06443046046073211,0.8756440899595241,0.8258206321193129,-0.42187394403011763,1.208554272468327,-0.20170933442335792,-0.2333075083681185,-0.07326830956410954,1.3452816094393218,-0.13310347641241707,-0.2006027135712599,-0.06231769528497558,-0.2568645196271742,-0.18439088914585774,-0.34151232707830076,-0.06231769528497557,-0.04402254531628119,-0.17285970637383774,-0.7060812450686401,-0.4087088075763956,-0.44044906750083573,-0.4744665250703386,-0.36574845156823477,-0.3758727885879516,-0.3415123270783008,0.0
0.14308836881130294,-0.24400101447758565,0.06443046046073211,0.8756440899595241,0.8258206321193129,-0.42187394403011763,0.3811117181016662,1.638591710815633,2.001430459697042,4.66169619601647,1.3452816094393218,-0.13310347641241707,-0.2006027135712599,-0.06231769528497558,-0.2568645196271742,-0.18439088914585774,-0.34151232707830076,-0.06231769528497557,-0.04402254531628119,-0.17285970637383774,-0.7060812450686401,-0.4087088075763956,-0.44044906750083573,-0.4744665250703386,-0.36574845156823477,-0.3758727885879516,-0.3415123270783008,0.4762341789963716
0.5757005715916745,0.5698604338121686,0.06443046046073211,0.8756440899595241,0.8258206321193129,-0.42187394403011763,-0.11880149182819193,1.0865013972439357,0.772324577261204,-0.07326830956410954,1.3452816094393218,-0.13310347641241707,-0.2006027135712599,-0.06231769528497558,-0.2568645196271742,-0.18439088914585774,-0.34151232707830076,-0.06231769528497557,-0.04402254531628119,-0.17285970637383774,-0.7060812450686401,-0.4087088075763956,-0.44044906750083573,-0.4744665250703386,-0.36574845156823477,-0.3758727885879516,-0.3415123270783008,0.0
1.4409249771524177,1.3837218821019228,-1.640083158195089,-0.8466477110264475,0.47476811294239285,-1.5634601656008955,1.5360836169051306,-0.569769543471156,-0.7361235511827796,-0.07326830956410954,1.3452816094393218,-0.13310347641241707,-0.2006027135712599,-0.06231769528497558,-0.2568645196271742,-0.18439088914585774,-0.34151232707830076,-0.06231769528497557,-0.04402254531628119,-0.17285970637383774,-0.7060812450686401,-0.4087088075763956,-0.44044906750083573,2.1076302482071885,-0.36574845156823477,-0.3758727885879516,-0.3415123270783008,0.0
-0.2895238339690686,-1.0578624627673399,-1.640083158195089,-0.8466477110264475,0.47476811294239285,-1.5634601656008955,1.5360836169051306,-0.7537996479950552,-0.7361235511827796,-0.07326830956410954,1.3452816094393218,-0.13310347641241707,-0.2006027135712599,-0.06231769528497558,-0.2568645196271742,-0.18439088914585774,-0.34151232707830076,-0.06231769528497557,-0.04402254531628119,-0.17285970637383774,-0.7060812450686401,-0.4087088075763956,-0.44044906750083573,2.1076302482071885,-0.36574845156823477,-0.3758727885879516,-0.3415123270783008,1.7833912195575383
-1.1547482395298116,-0.24400101447758565,-1.640083158195089,-0.8466477110264475,0.47476811294239285,-1.5634601656008955,0.5190188104961093,1.638591710815633,0.9957983740677198,-0.07326830956410954,1.3452816094393218,-0.13310347641241707,-0.2006027135712599,-0.06231769528497558,-0.2568645196271742,-0.18439088914585774,-0.34151232707830076,-0.06231769528497557,-0.04402254531628119,-0.17285970637383774,-0.7060812450686401,-0.4087088075763956,-0.44044906750083573,2.1076302482071885,-0.36574845156823477,-0.3758727885879516,-0.3415123270783008,2.329227023940467
1.0083127743720461,-0.24400101447758565,-1.640083158195089,-0.8466477110264475,0.47476811294239285,-1.5634601656008955,0.3983501046509713,1.577248342641,1.4986144168823812,-0.07326830956410954,1.3452816094393218,-0.13310347641241707,-0.2006027135712599,-0.06231769528497558,-0.2568645196271742,-0.18439088914585774,-0.34151232707830076,-0.06231769528497557,-0.04402254531628119,-0.17285970637383774,-0.7060812450686401,-0.4087088075763956,-0.44044906750083573,2.1076302482071885,-0.36574845156823477,-0.3758727885879516,-0.3415123270783008,2.1029138978649784
-1.5873604423101833,-0.24400101447758565,0.6809566629532638,0.5490025414966674,0.2693822137917581,0.5001764657001264,1.1568391128204112,-0.14036596624872488,-0.009833711561602487,-0.07326830956410954,1.3452816094393218,-0.13310347641241707,-0.2006027135712599,-0.06231769528497558,-0.2568645196271742,-0.18439088914585774,-0.34151232707830076,-0.06231769528497557,-0.04402254531628119,-0.17285970637383774,-0.7060812450686401,-0.4087088075763956,2.2704100741412128,-0.4744665250703386,-0.36574845156823477,-0.3758727885879516,-0.3415123270783008,0.0
0.5757005715916745,-1.0578624627673399,-2.0208787538522395,-1.685913316407089,-1.7804416912872696,-1.7390888150733232,-1.22205823098374,-0.8151430161696882,0.2695085344465426,-0.07326830956410954,-0.7433387871977033,-0.13310347641241707,-0.2006027135712599,-0.06231769528497558,-0.2568645196271742,-0.18439088914585774,-0.34151232707830076,-0.06231769528497557,22.715633383201094,-0.17285970637383774,-0.7060812450686401,-0.4087088075763956,-0.44044906750083573,-0.4744665250703386,-0.36574845156823477,2.660474581724095,-0.3415123270783008,0.0
0.9307738922274575,0.42398866571273514,0.8260216517750352,0.32551095570629157,0.1245226110509367,0.3025942350436456,0.2715019835493107,-0.10101225146193102,-0.42252794636058044,-0.07326830956410954,1.3452816094393218,-0.13310347641241707,-0.2006027135712599,-0.06231769528497558,-0.2568645196271742,-0.18439088914585774,-0.34151232707830076,-0.06231769528497557,-0.04402254531628119,-0.17285970637383774,-0.7060812450686401,-0.4087088075763956,-0.44044906750083573,-0.4744665250703386,2.734119572378935,-0.3758727885879516,-0.3415123270783008,0.7371640659767197
0.3641974507475834,0.5698604338121686,0.19216760153047854,0.09163633446439004,0.938472023313923,-0.23160375561376145,0.16198871190437414,-0.5247835939464851,-0.36738512361777875,-0.07326830956410954,-0.7433387871977033,-0.13310347641241707,-0.2006027135712599,-0.06231769528497558,-0.2568645196271742,-0.18439088914585774,-0.34151232707830076,-0.06231769528497557,-0.04402254531628119,-0.17285970637383774,1.4162676136551213,-0.4087088075763956,-0.44044906750083573,-0.4744665250703386,-0.36574845156823477,2.660474581724095,-0.3415123270783008,1.0116009116784799
-0.19054295560362983,-0.24400101447758565,0.6121083535433097,0.004277095153948668,0.06076137852779051,1.3803557569012568,0.6323778079650515,0.4413667007091061,1.835256676776512,-0.07326830956410954,1.3452816094393218,-0.13310347641241707,-0.2006027135712599,-0.06231769528497558,-0.2568645196271742,-0.18439088914585774,-0.34151232707830076,-0.06231769528497557,-0.04402254531628119,-0.17285970637383774,-0.7060812450686401,-0.4087088075763956,-0.44044906750083573,-0.4744665250703386,-0.36574845156823477,2.660474581724095,-0.3415123270783008,1.8794650496471605
0.542398123230806,-0.9952114818648637,-0.015081465049414166,-0.9623099370601191,-1.8101492999120976,-0.29523863094122393,-0.6624932771505434,-0.7726431536135889,2.37092330887541,-0.07326830956410954,-0.7433387871977033,-0.13310347641241707,-0.2006027135712599,-0.06231769528497558,-0.2568645196271742,-0.18439088914585774,2.9281519895787635,-0.06231769528497557,-0.04402254531628119,-0.17285970637383774,-0.7060812450686401,-0.18889740462584,2.061728381859049,-0.4744665250703386,-0.36574845156823477,-0.3758727885879516,-0.3415123270783008,0.5187937934151675
0.506912717156693,-0.24400101447758565,0.7587432562739022,0.059423623526851516,0.3299686847400241,1.567059213893716,-0.07945312131716148,0.04193056423787142,-0.7898234452360887,-0.07326830956410954,1.3452816094393218,-0.13310347641241707,-0.2006027135712599,-0.06231769528497558,-0.2568645196271742,-0.18439088914585774,-0.34151232707830076,-0.06231769528497557,-0.04402254531628119,-0.17285970637383774,-0.7060812450686401,-0.4087088075763956,-0.44044906750083573,2.1076302482071885,-0.36574845156823477,-0.3758727885879516,-0.3415123270783008,1.1662709371419244
0.5757005715916745,0.438648643472486,0.8260216517750352,0.32551095570629157,0.1245226110509367,0.3025942350436456,1.2698072349619678,-1.1793260508907828,-0.009833711561602487,-0.07326830956410954,1.3452816094393218,-0.13310347641241707,-0.2006027135712599,-0.06231769528497558,-0.2568645196271742,-0.18439088914585774,-0.34151232707830076,-0.06231769528497557,-0.04402254531628119,-0.17285970637383774,-0.7060812450686401,-0.4087088075763956,-0.44044906750083573,-0.4744665250703386,2.734119572378935,-0.3758727885879516,-0.3415123270783008,0.8878912573524571
-1.1547482395298116,-0.24400101447758565,0.7054637923541525,0.4415674925070742,0.5432675066519637,2.4302020765702235,1.7943876152148,-0.8851115499361024,0.441922450447954,-0.07326830956410954,1.3452816094393218,-0.13310347641241707,-0.2006027135712599,-0.06231769528497558,-0.2568645196271742,-0.18439088914585774,-0.34151232707830076,-0.06231769528497557,-0.04402254531628119,-0.17285970637383774,-0.7060812450686401,-0.20796477314370376,-0.44044906750083573,-0.4744665250703386,-0.36574845156823477,-0.3758727885879516,2.698286912066056,1.463255402256019
0.5757005715916745,0.5698604338121686,-0.7046539045493232,-1.4875086326249383,-2.048076783491276,-0.5945841818468326,-1.659949474104754,0.3379276933148945,0.8564381553149878,-0.07326830956410954,-0.7433387871977033,-0.13310347641241707,-0.2006027135712599,-0.06231769528497558,-0.2568645196271742,-0.18439088914585774,2.9281519895787635,-0.06231769528497557,-0.04402254531628119,-0.17285970637383774,-0.7060812450686401,1.8988292861945204,-0.44044906750083573,-0.4744665250703386,0.2290530482671489,-0.3758727885879516,-0.3415123270783008,0.9707789171582248
0.849718765945011,0.0543575351864245,-0.12590987271998433,2.6466263345421157,1.1555426518822365,-0.5879321714748421,-0.4894450123674894,1.5874938373111736,1.58998818468949,-0.07326830956410954,0.5796012179564791,-0.13310347641241707,-0.2006027135712599,-0.06231769528497558,-0.2568645196271742,-0.18439088914585774,-0.34151232707830076,-0.06231769528497557,-0.04402254531628119,-0.17285970637383774,0.07196387391388082,-0.4087088075763956,2.2704100741412128,-0.4744665250703386,-0.36574845156823477,-0.3758727885879516,-0.3415123270783008,0.9001613499442714
-1.1547482395298116,0.4652471635800342,0.17789084408895406,1.0882432844253476,0.30800971783296516,-0.13714821525266685,0.9657525316300385,-0.3664954491573553,0.24869299798857258,-0.07326830956410954,1.3452816094393218,-0.13310347641241707,-0.2006027135712599,-0.06231769528497558,-0.2568645196271742,-0.18439088914585774,-0.34151232707830076,-0.06231769528497557,-0.04402254531628119,-0.17285970637383774,-0.7060812450686401,-0.4087088075763956,-0.44044906750083573,2.1076302482071885,-0.36574845156823477,-0.3758727885879516,-0.3415123270783008,1.599387576580599
-0.20458997868909912,-0.24400101447758565,0.33253434488384953,-0.15935206033223157,0.8074935173560309,-0.13998133725272702,0.1348074127569116,-1.1963729291131648,0.6465418436337829,-0.07326830956410954,-0.7433387871977033,-0.13310347641241707,-0.2006027135712599,-0.06231769528497558,-0.2568645196271742,-0.18439088914585774,-0.34151232707830076,-0.06231769528497557,-0.04402254531628119,-0.17285970637383774,1.4162676136551213,-0.4087088075763956,-0.44044906750083573,-0.4744665250703386,2.734119572378935,-0.3758727885879516,-0.3415123270783008,1.000631880307906
-0.7221360367494402,-0.09215883614509182,0.0690311923100628,-0.21233855168021318,0.8100698028438925,-0.21986918383549955,0.35576377687304633,0.0248936557615438,-0.14533764970805502,-0.07326830956410954,-0.7433387871977033,-0.13310347641241707,-0.2006027135712599,-0.06231769528497558,-0.2568645196271742,-0.18439088914585774,-0.34151232707830076,-0.06231769528497557,-0.04402254531628119,-0.17285970637383774,1.4162676136551213,-0.4087088075763956,-0.44044906750083573,-0.4744665250703386,2.734119572378935,-0.3758727885879516,-0.3415123270783008,0.9669838461896731
-1.5408801539780033,-1.6968397328677973,0.8141808299302309,-0.15250967522530534,-0.07873400118671875,0.8323807772278751,0.7084971557587061,-0.7887798445189658,0.23949572377136852,-0.07326830956410954,1.3452816094393218,-0.13310347641241707,-0.2006027135712599,-0.06231769528497558,-0.2568645196271742,-0.18439088914585774,-0.34151232707830076,-0.06231769528497557,-0.04402254531628119,-0.17285970637383774,-0.7060812450686401,-0.4087088075763956,-0.44044906750083573,-0.4744665250703386,-0.36574845156823477,-0.3758727885879516,2.9281519895787644,1.3987168811184478
0.04096876518661552,0.9447720239726083,0.1648760380111644,0.1175899091444739,0.9519346330708084,-0.4879860373144039,-0.19917312081284305,0.1801288592972261,-0.4235324023828739,-0.07326830956410954,-0.7433387871977033,-0.13310347641241707,-0.2006027135712599,-0.06231769528497558,-0.2568645196271742,-0.18439088914585774,-0.34151232707830076,-0.06231769528497557,-0.04402254531628119,-0.17285970637383774,1.4162676136551213,2.446729753464098,-0.44044906750083573,-0.4744665250703386,-0.36574845156823477,-0.3758727885879516,-0.3415123270783008,1.0116009116784799
-0.3889210821833544,-0.24400101447758565,-0.08412623982837052,-1.3798663032960548,-2.0097900603758463,-0.42446794171235,-1.1628369193609205,-0.3434565679124114,0.5248901193429307,-0.07326830956410954,-0.7433387871977033,-0.13310347641241707,-0.2006027135712599,-0.06231769528497558,-0.2568645196271742,-0.18439088914585774,2.9281519895787635,-0.06231769528497557,-0.04402254531628119,-0.17285970637383774,-0.7060812450686401,0.14113399867611465,-0.44044906750083573,-0.4744665250703386,-0.36574845156823477,-0.3758727885879516,2.2985459360976783,0.5709795465857378
1.3510206338961326,0.5698604338121686,0.49986754587255955,0.6765639939913731,0.4388719157008839,1.0515902942350732,1.3027983279284174,-1.1322103480547612,-0.4313767033306209,-0.07326830956410954,1.3452816094393218,-0.13310347641241707,-0.2006027135712599,-0.06231769528497558,-0.2568645196271742,-0.18439088914585774,-0.34151232707830076,-0.06231769528497557,-0.04402254531628119,-0.17285970637383774,-0.7060812450686401,-0.4087088075763956,-0.44044906750083573,-0.4744665250703386,-0.36574845156823477,-0.3758727885879516,2.9281519895787644,0.9707789171582248
0.8508449391904561,0.014809754224190064,-0.08473305537991427,-0.3315386505804003,-0.5068625452600277,-0.6872500539921861,-0.5992332283555459,0.5146629956160539,-1.1678741500478127,-0.07326830956410954,-0.7433387871977033,-0.13310347641241707,-0.2006027135712599,-0.06231769528497558,-0.2568645196271742,3.6400085166256204,-0.34151232707830076,-0.06231769528497557,-0.04402254531628119,-0.17285970637383774,-0.031166932891914523,-0.4087088075763956,-0.44044906750083573,2.1076302482071885,-0.36574845156823477,-0.3758727885879516,-0.3415123270783008,0.5709795465857378
-0.5793066202790278,0.5698604338121686,-0.04185412425205324,0.26299049911027733,1.0664974796315687,-0.5215591616163933,-1.0172590380173556,-0.20962982345394454,-0.7914594243779238,-0.07326830956410954,-0.7433387871977033,-0.13310347641241707,-0.2006027135712599,-0.06231769528497558,-0.2568645196271742,-0.18439088914585774,-0.34151232707830076,-0.06231769528497557,-0.04402254531628119,-0.17285970637383774,1.4162676136551213,-0.4087088075763956,-0.44044906750083573,-0.4744665250703386,2.734119572378935,-0.3758727885879516,-0.3415123270783008,0.9707789171582248
1.046494846118932,1.1982142405993776,-0.20476937035037368,1.7988262850577186,0.6973942030294633,-0.7839480624759184,1.5431884109797998,-0.8787464511234033,-0.5261983415121275,-0.07326830956410954,-0.7433387871977033,-0.13310347641241707,-0.2006027135712599,-0.06231769528497558,3.8931028755993595,-0.18439088914585774,-0.34151232707830076,-0.06231769528497557,-0.04402254531628119,-0.17285970637383774,-0.7060812450686401,-0.4087088075763956,-0.44044906750083573,1.519079600491152,-0.36574845156823477,-0.3758727885879516,-0.3415123270783008,1.2669476034873244
-0.10475179270681054,-0.24400101447758565,0.43428038319325657,-0.27833515012699284,0.7050234086327604,0.717687952823945,0.27785801434384066,-0.2553667795357107,0.49298233125305885,-0.07326830956410954,-0.7433387871977033,-0.13310347641241707,-0.2006027135712599,-0.06231769528497558,-0.2568645196271742,-0.18439088914585774,-0.34151232707830076,-0.06231769528497557,-0.04402254531628119,-0.17285970637383774,1.4162676136551213,-0.4087088075763956,-0.44044906750083573,-0.4744665250703386,-0.36574845156823477,-0.3758727885879516,-0.3415123270783008,0.8878912573524571
0.14308836881130294,-0.24400101447758565,0.2638948200906675,-0.18555022298918258,0.7963645011998699,0.126965585571218,-1.4304082434169973,1.7611657241341692,-0.2333075083681185,-0.07326830956410954,-0.7433387871977033,-0.13310347641241707,-0.2006027135712599,-0.06231769528497558,-0.2568645196271742,-0.18439088914585774,-0.34151232707830076,-0.06231769528497557,-0.04402254531628119,-0.17285970637383774,1.4162676136551213,-0.4087088075763956,-0.44044906750083573,-0.4744665250703386,-0.36574845156823477,-0.3758727885879516,-0.3415123270783008,0.7371640659767197
-0.7932503445853467,0.6832064430256303,0.180556965010243,0.6406164638306349,0.42035064075748896,0.9967383915340347,0.08672099681915602,0.3286727216531182,0.09909701712396624,-0.07326830956410954,1.3452816094393218,-0.13310347641241707,-0.2006027135712599,-0.06231769528497558,-0.2568645196271742,-0.18439088914585774,-0.34151232707830076,-0.06231769528497557,-0.04402254531628119,-0.17285970637383774,-0.7060812450686401,-0.4087088075763956,-0.44044906750083573,-0.4744665250703386,-0.36574845156823477,2.660474581724095,-0.3415123270783008,1.998773638612381
-0.28651625746595355,-0.24400101447758565,0.26767673535739755,0.6509247214942866,0.4434385251287359,1.1639731227303627,0.042336162787452086,0.530146412644509,-0.7221409801314824,-0.07326830956410954,1.3452816094393218,-0.13310347641241707,-0.2006027135712599,-0.06231769528497558,-0.2568645196271742,-0.18439088914585774,-0.34151232707830076,-0.06231769528497557,-0.04402254531628119,-0.17285970637383774,-0.7060812450686401,-0.4087088075763956,-0.44044906750083573,-0.4744665250703386,-0.36574845156823477,2.660474581724095,-0.3415123270783008,1.4327007339340463
-0.7314348652334959,-0.24400101447758565,0.11112744462977975,0.09976060177545398,0.7188219061760668,-0.533529384187554,0.03272698005815372,-0.2617341511201914,-1.12960443610662,-0.07326830956410954,-0.7433387871977033,-0.13310347641241707,-0.2006027135712599,-0.06231769528497558,-0.2568645196271742,-0.18439088914585774,-0.34151232707830076,-0.06231769528497557,-0.04402254531628119,-0.17285970637383774,1.4162676136551213,2.446729753464098,-0.44044906750083573,-0.4744665250703386,-0.36574845156823477,-0.3758727885879516,-0.3415123270783008,1.0116009116784799
-0.18040475613856655,0.09571370907715876,-0.14450537533353078,-0.5820156067329989,0.7334027363158895,-0.42417729381904934,0.01937449721856621,0.3610614749127918,-0.5228760309252111,-0.07326830956410954,-0.7433387871977033,-0.13310347641241707,-0.2006027135712599,-0.06231769528497558,-0.2568645196271742,-0.18439088914585774,-0.34151232707830076,-0.06231769528497557,-0.04402254531628119,-0.17285970637383774,1.4162676136551213,-0.4087088075763956,-0.44044906750083573,-0.4744665250703386,2.734119572378935,-0.3758727885879516,-0.3415123270783008,1.0152306797290584
0.19135437502180297,0.5698604338121686,0.08853949539745856,-0.17605008302378689,-0.9614328676824168,0.17792687482815656,0.17418007764607282,-0.3107712295804564,1.2686773343239655,-0.07326830956410954,-0.7433387871977033,-0.13310347641241707,-0.2006027135712599,-0.06231769528497558,-0.2568645196271742,5.423261445466405,-0.34151232707830076,-0.06231769528497557,-0.04402254531628119,-0.17285970637383774,-0.7060812450686401,1.8125145467377015,-0.44044906750083573,-0.4744665250703386,0.32275644797890035,-0.3758727885879516,-0.3415123270783008,2.005525858729668
0.6275557921909775,0.47230663235419407,0.7542950455639749,0.28336058695790767,0.11808983839704479,0.23943885729365216,1.3431529385495578,-1.2495862039855816,-0.09689070997851644,-0.07326830956410954,1.3452816094393218,-0.13310347641241707,-0.2006027135712599,-0.06231769528497558,-0.2568645196271742,-0.18439088914585774,-0.34151232707830076,-0.06231769528497557,-0.04402254531628119,-0.17285970637383774,-0.7060812450686401,-0.4087088075763956,-0.44044906750083573,-0.4744665250703386,2.734119572378935,-0.3758727885879516,-0.3415123270783008,0.5709795465857378
0.008146178215540867,0.3055429302487149,0.0813989375788202,0.000658797248435216,0.04226747347441639,0.2401175519604399,-0.7434944673229976,1.7526105889809611,2.246636928389459,-0.07326830956410954,1.3452816094393218,-0.13310347641241707,-0.2006027135712599,-0.06231769528497558,-0.2568645196271742,-0.18439088914585774,-0.34151232707830076,-0.06231769528497557,-0.04402254531628119,-0.17285970637383774,-0.7060812450686401,-0.4087088075763956,-0.44044906750083573,-0.4744665250703386,-0.36574845156823477,-0.3758727885879516,-0.3415123270783008,1.2919836816486494
0.5757005715916745,-0.1975374234205376,-2.818736192371986,-1.6640330212947443,-2.1456170129598124,-1.5634601656008955,-2.381950852748056,2.024162475123897,0.8010304940230284,-0.07326830956410954,-0.7433387871977033,-0.13310347641241707,4.984977432245808,-0.06231769528497558,-0.2568645196271742,-0.18439088914585774,-0.34151232707830076,-0.06231769528497557,-0.04402254531628119,-0.17285970637383774,-0.7060812450686401,-0.4087088075763956,-0.44044906750083573,-0.4744665250703386,-0.36574845156823477,2.660474581724095,-0.3415123270783008,0.6678293725756554
0.8684912420054725,0.019041391868321156,-1.2777704902813687,-1.6529850773557855,-2.019927484385719,-1.2986827998663983,-1.97635607658376,0.5542374401263085,2.357016068107276,-0.07326830956410954,-0.7433387871977033,-0.13310347641241707,3.308982724889116,-0.06231769528497558,-0.2568645196271742,-0.18439088914585774,-0.34151232707830076,-0.06231769528497557,-0.04402254531628119,-0.17285970637383774,-0.7060812450686401,-0.4087088075763956,-0.44044906750083573,-0.4744665250703386,0.6361379826488751,-0.3758727885879516,-0.3415123270783008,1.3190856114264407
-0.497700883095244,-0.6662247012487836,0.28693142122445114,-0.3974736805769006,-0.17104695481797738,-0.07276919715210839,0.6982756225028237,-0.04719823395894177,-0.9780833465230838,-0.07326830956410954,0.34021788695949495,-0.13310347641241707,-0.2006027135712599,-0.06231769528497558,1.740138710415089,-0.18439088914585774,-0.34151232707830076,-0.06231769528497557,-0.04402254531628119,-0.17285970637383774,-0.7060812450686401,-0.4087088075763956,2.2704100741412128,-0.4744665250703386,-0.36574845156823477,-0.3758727885879516,-0.3415123270783008,1.144222799920162
-1.0262706171534464,-0.24400101447758565,0.2242209207838721,1.3413210855117617,0.40861479321345395,-0.23493711916968046,1.0208119850221322,-0.10393033155796702,0.5400383943378407,-0.07326830956410954,1.3452816094393218,-0.13310347641241707,-0.2006027135712599,-0.06231769528497558,-0.2568645196271742,-0.18439088914585774,-0.34151232707830076,-0.06231769528497557,-0.04402254531628119,-0.17285970637383774,-0.7060812450686401,-0.4087088075763956,-0.44044906750083573,2.1076302482071885,-0.36574845156823477,-0.3758727885879516,-0.3415123270783008,1.1568811967920856
1.086984163525504,0.05194310035585398,0.2540048836172453,-0.24735580861837198,-0.39156560323401923,-0.10853127194723636,0.680432677086443,-0.7705350493548906,-0.380584968553014,-0.07326830956410954,-0.7433387871977033,-0.13310347641241707,-0.2006027135712599,-0.06231769528497558,3.8931028755993595,-0.18439088914585774,-0.34151232707830076,-0.06231769528497557,-0.04402254531628119,-0.17285970637383774,-0.7060812450686401,1.4084077648944402,-0.44044906750083573,-0.4744665250703386,-0.36574845156823477,-0.3758727885879516,-0.3415123270783008,1.5496879080283263
0.5268709101838365,0.5698604338121686,0.2536612404540237,-0.007359710522928775,0.4376557366058274,0.10590311808498798,-0.3863463434006478,0.16288891044690135,-1.721261250197065,-0.07326830956410954,1.286345091859704,-0.13310347641241707,-0.2006027135712599,-0.06231769528497558,-0.2568645196271742,-0.18439088914585774,-0.34151232707830076,-0.06231769528497557,-0.04402254531628119,-0.17285970637383774,-0.6461929805359095,-0.4087088075763956,-0.44044906750083573,-0.4744665250703386,-0.36574845156823477,-0.3758727885879516,2.9281519895787644,1.1216775615991057
0.15933412726675777,-0.21343831555197423,-0.7768316284180266,-1.4955639745474563,-2.0209548006194846,-1.1408768691032107,-1.169121059257183,0.6012157566295031,-0.9294473299995976,-0.07326830956410954,-0.7433387871977033,-0.13310347641241707,4.984977432245808,-0.06231769528497558,-0.2568645196271742,-0.18439088914585774,-0.34151232707830076,-0.06231769528497557,-0.04402254531628119,-0.17285970637383774,-0.7060812450686401,-0.4087088075763956,-0.44044906750083573,2.010665529649372,-0.36574845156823477,-0.2618497313373269,-0.3415123270783008,1.0784095813505903
0.6846246652097845,-0.24400101447758565,-2.385004240710046,-1.6687550820976493,-2.117779617867838,-1.4860748425913628,-2.2424801929942193,1.635967742119359,1.3349920334287595,-0.07326830956410954,-0.7433387871977033,-0.13310347641241707,4.984977432245808,-0.06231769528497558,-0.2568645196271742,-0.18439088914585774,-0.34151232707830076,-0.06231769528497557,-0.04402254531628119,-0.17285970637383774,-0.7060812450686401,-0.4087088075763956,-0.44044906750083573,-0.4744665250703386,-0.36574845156823477,1.8959760699036208,-0.3415123270783008,1.9600947840472698
-0.9348711483591288,-0.6531710736018467,0.28402367100321185,-0.058865575298621825,0.2202809038801631,0.20507162785005328,-0.1843399830563197,0.2568468536417262,-0.9861480772110918,-0.07326830956410954,1.3452816094393218,-0.13310347641241707,-0.2006027135712599,-0.06231769528497558,-0.2568645196271742,-0.18439088914585774,-0.34151232707830076,-0.06231769528497557,-0.04402254531628119,-0.17285970637383774,-0.7060812450686401,-0.4087088075763956,2.2704100741412128,-0.4744665250703386,-0.36574845156823477,-0.3758727885879516,-0.3415123270783008,1.4085449700547104
1.4409249771524177,1.3837218821019228,0.4667309804336458,1.7656849946100106,0.6229069167655599,-0.1496881014395895,1.3083249454364574,-0.852056794039391,-0.5358803905897821,-0.07326830956410954,1.3452816094393218,-0.13310347641241707,-0.2006027135712599,-0.06231769528497558,-0.2568645196271742,-0.18439088914585774,-0.34151232707830076,-0.06231769528497557,-0.04402254531628119,-0.17285970637383774,-0.7060812450686401,0.4504307204550969,1.4547713574526142,-0.4744665250703386,-0.36574845156823477,-0.3758727885879516,-0.3415123270783008,1.9878743481543455
0.8221515190190472,0.5698604338121686,0.8213002517402057,0.3880602011394011,0.20159944213687053,1.454164619736255,0.9445410873328087,-0.832240882361554,0.046718180776820384,-0.07326830956410954,1.3452816094393218,-0.13310347641241707,-0.2006027135712599,-0.06231769528497558,-0.2568645196271742,-0.18439088914585774,-0.34151232707830076,-0.06231769528497557,-0.04402254531628119,-0.17285970637383774,-0.7060812450686401,-0.4087088075763956,-0.44044906750083573,-0.4744665250703386,-0.36574845156823477,-0.3758727885879516,2.9281519895787644,1.7833912195575383
-1.1547482395298116,-0.24400101447758565,0.24442394533653336,1.426769288973248,0.4757175990186236,-0.15617949836694386,1.0202736205472396,-0.11321273113983595,0.8176625412397613,-0.07326830956410954,1.3452816094393218,-0.13310347641241707,-0.2006027135712599,-0.06231769528497558,-0.2568645196271742,-0.18439088914585774,-0.34151232707830076,-0.06231769528497557,-0.04402254531628119,-0.17285970637383774,-0.7060812450686401,-0.4087088075763956,-0.44044906750083573,2.1076302482071885,-0.36574845156823477,-0.3758727885879516,-0.3415123270783008,1.235471471385307
0.5757005715916745,0.07375952213351034,0.8260216517750352,0.32551095570629157,0.1245226110509367,0.3025942350436456,0.7210687719850166,-0.6567714717977636,-0.009833711561602487,-0.07326830956410954,1.3452816094393218,-0.13310347641241707,-0.2006027135712599,-0.06231769528497558,-0.2568645196271742,-0.18439088914585774,-0.34151232707830076,-0.06231769528497557,-0.04402254531628119,-0.17285970637383774,-0.7060812450686401,-0.4087088075763956,-0.44044906750083573,-0.4744665250703386,2.734119572378935,-0.3758727885879516,-0.3415123270783008,1.4085449700547104
-0.9349652037186134,-0.6531120923475058,0.28397110606713083,-0.05888856771972728,0.22029350745193604,0.2050382169483294,-0.1844299312898685,0.2568868641119018,-0.9861845167315657,-0.07326830956410954,1.3452816094393218,-0.13310347641241707,-0.2006027135712599,-0.06231769528497558,-0.2568645196271742,-0.18439088914585774,-0.34151232707830076,-0.06231769528497557,-0.04402254531628119,-0.17285970637383774,-0.7060812450686401,-0.4087088075763956,2.2704100741412128,-0.4744665250703386,-0.36574845156823477,-0.3758727885879516,-0.3415123270783008,1.430311246536665
-0.2895238339690686,-0.24400101447758565,0.5390892687849358,-0.09498879017812174,0.03193576648138436,1.2212542159394282,0.526873265201035,0.5925965718557731,1.860504597737549,-0.07326830956410954,1.3452816094393218,-0.13310347641241707,-0.2006027135712599,-0.06231769528497558,-0.2568645196271742,-0.18439088914585774,-0.34151232707830076,-0.06231769528497557,-0.04402254531628119,-0.17285970637383774,-0.7060812450686401,-0.4087088075763956,-0.44044906750083573,-0.4744665250703386,-0.36574845156823477,2.660474581724095,-0.3415123270783008,2.005525858729668
0.3841800901920279,-0.24400101447758565,0.2638948200906675,-0.18555022298918258,0.7963645011998699,0.126965585571218,-0.7662728532853181,0.9698845565460354,-0.45125315002195177,-0.07326830956410954,-0.7433387871977033,-0.13310347641241707,-0.2006027135712599,-0.06231769528497558,-0.2568645196271742,-0.18439088914585774,-0.34151232707830076,-0.06231769528497557,-0.04402254531628119,-0.17285970637383774,1.4162676136551213,-0.4087088075763956,-0.44044906750083573,-0.4744665250703386,-0.36574845156823477,-0.3758727885879516,-0.3415123270783008,1.724550719534605
1.8735371799327891,3.8253062269711857,-0.04720144508482488,-0.5950020864994526,-0.7019149540297681,-0.3536008394911636,1.1043248187690715,-0.9603388706442396,-0.8975898153225703,-0.07326830956410954,-0.7433387871977033,-0.13310347641241707,-0.2006027135712599,-0.06231769528497558,3.8931028755993595,-0.18439088914585774,-0.34151232707830076,-0.06231769528497557,-0.04402254531628119,-0.17285970637383774,-0.7060812450686401,-0.4087088075763956,-0.44044906750083573,1.8707638883622126,-0.08138480477114118,-0.3758727885879516,-0.3415123270783008,0.9669838461896731
-0.6184986395257707,-0.4389712017708396,-0.15033722161167679,-0.3712439143242392,0.7062696581468392,-0.429447319931191,0.7061396988237225,-0.2758588782752506,-0.059316141216257084,-0.07326830956410954,-0.7433387871977033,-0.13310347641241707,-0.2006027135712599,-0.06231769528497558,-0.2568645196271742,-0.18439088914585774,-0.34151232707830076,-0.06231769528497557,-0.04402254531628119,-0.17285970637383774,1.4162676136551213,-0.4087088075763956,-0.44044906750083573,2.1076302482071885,-0.36574845156823477,-0.3758727885879516,-0.3415123270783008,0.9895411936137477
-1.5873604423101833,-1.7537995606071726,-0.08537201606611469,-0.8336683277814058,-0.7534016657039111,-0.08015952909808598,-0.2522437092122003,0.48996938624569714,0.6589938520471335,-0.07326830956410954,-0.7433387871977033,-0.13310347641241707,-0.2006027135712599,-0.06231769528497558,3.2917938806852645,-0.18439088914585774,-0.34151232707830076,-0.06231769528497557,-0.04402254531628119,-0.17285970637383774,-0.39856377865090736,-0.4087088075763956,2.2704100741412128,-0.4744665250703386,-0.36574845156823477,-0.3758727885879516,-0.3415123270783008,1.8946168546677629
0.34570587637276046,-0.6595157304184246,0.43168303815246956,0.5096744806308704,0.35342155174073087,0.7244372266778039,0.6268865229732329,-0.13777795341064664,-0.9822282512502569,-0.07326830956410954,1.3452816094393218,-0.13310347641241707,-0.2006027135712599,-0.06231769528497558,-0.2568645196271742,-0.18439088914585774,-0.34151232707830076,-0.06231769528497557,-0.04402254531628119,-0.17285970637383774,-0.7060812450686401,-0.4087088075763956,2.2704100741412128,-0.4744665250703386,-0.36574845156823477,-0.3758727885879516,-0.3415123270783008,1.8293763327993617
-0.7035126707811068,0.5698604338121686,0.0032658353319277023,0.3880319917102195,1.1035309303287997,-0.49214502247119907,-1.0304570747905926,-0.3094318296698765,-0.7433387330630747,-0.07326830956410954,-0.7433387871977033,-0.13310347641241707,-0.2006027135712599,-0.06231769528497558,-0.2568645196271742,-0.18439088914585774,-0.34151232707830076,-0.06231769528497557,-0.04402254531628119,-0.17285970637383774,1.4162676136551213,-0.4087088075763956,-0.44044906750083573,-0.4744665250703386,2.734119572378935,-0.3758727885879516,-0.3415123270783008,2.0241930674493576
0.5757005715916745,0.5698604338121686,-2.5378262303234513,-1.6462527844100299,-2.1075251692710486,-1.520948325167649,-2.413150354494384,1.897611162846256,1.2075243568737308,-0.07326830956410954,-0.7433387871977033,-0.13310347641241707,3.729780422105412,-0.06231769528497558,-0.2568645196271742,-0.18439088914585774,-0.34151232707830076,-0.06231769528497557,-0.04402254531628119,-0.17285970637383774,-0.7060812450686401,-0.4087088075763956,-0.44044906750083573,-0.4744665250703386,0.3845909446181157,1.925510694599982,-0.3415123270783008,1.8625285401162623
0.5757005715916745,0.5698604338121686,-0.18200541175828422,-0.5631307467563149,0.7969985263279216,-0.6439310477338298,-0.7193214072895259,0.15529651304417758,-0.8359594666724003,-0.07326830956410954,-0.7433387871977033,-0.13310347641241707,-0.2006027135712599,-0.06231769528497558,-0.2568645196271742,-0.18439088914585774,-0.34151232707830076,-0.06231769528497557,-0.04402254531628119,-0.17285970637383774,1.4162676136551213,-0.4087088075763956,-0.44044906750083573,-0.4744665250703386,2.734119572378935,-0.3758727885879516,-0.3415123270783008,1.1908875647772805
0.01985495596775877,-0.24400101447758565,0.27686256302979395,-0.11513647525355752,0.7220107555495013,0.26303146688795703,0.2554292805525073,-0.5843925991736572,0.6128438129581097,-0.07326830956410954,-0.7433387871977033,-0.13310347641241707,-0.2006027135712599,-0.06231769528497558,-0.2568645196271742,-0.18439088914585774,-0.34151232707830076,-0.06231769528497557,-0.04402254531628119,-0.17285970637383774,1.4162676136551213,-0.4087088075763956,-0.44044906750083573,-0.4744665250703386,-0.36574845156823477,-0.3758727885879516,-0.3415123270783008,2.005525858729668
-0.9491384367900727,0.376456398090494,0.14306542537203107,0.028583466065922228,0.7975067951908865,-0.5777202137712686,0.0052769547426711055,-0.09056666666566546,-1.0154657971909247,-0.07326830956410954,-0.7433387871977033,-0.13310347641241707,-0.2006027135712599,-0.06231769528497558,-0.2568645196271742,-0.18439088914585774,-0.34151232707830076,-0.06231769528497557,-0.04402254531628119,-0.17285970637383774,1.4162676136551213,2.446729753464098,-0.44044906750083573,-0.4744665250703386,-0.36574845156823477,-0.3758727885879516,-0.3415123270783008,0.6729444732424258
0.773158926158614,0.19838745780287348,0.1468195279592588,0.6579724132180182,0.22843694237384407,0.16750266375431178,0.4055025415058502,-0.42442881831831686,0.4990102170757955,-0.07326830956410954,1.3452816094393218,-0.13310347641241707,-0.2006027135712599,-0.06231769528497558,-0.2568645196271742,-0.18439088914585774,-0.34151232707830076,-0.06231769528497557,-0.04402254531628119,-0.17285970637383774,-0.7060812450686401,-0.4087088075763956,-0.44044906750083573,2.1076302482071885,-0.36574845156823477,-0.3758727885879516,-0.3415123270783008,1.463255402256019
0.346906050795499,-1.0578624627673399,-0.2725507024593491,-0.20721318399254687,0.751212447942843,-0.8200426075895996,0.01093460561248949,-0.029615319298188503,-0.7278011714453425,-0.07326830956410954,-0.7433387871977033,-0.13310347641241707,-0.2006027135712599,-0.06231769528497558,-0.2568645196271742,-0.18439088914585774,-0.34151232707830076,-0.06231769528497557,-0.04402254531628119,-0.17285970637383774,1.4162676136551213,-0.4087088075763956,-0.44044906750083573,-0.4744665250703386,-0.36574845156823477,2.660474581724095,-0.3415123270783008,0.9400072584914712
-1.1547482395298116,-0.24400101447758565,0.5963995337360388,0.7957830931866636,0.3083412360354093,1.6380758864407992,1.8476201762335336,-0.8863951266457676,-0.5209025507211674,-0.07326830956410954,1.3452816094393218,-0.13310347641241707,-0.2006027135712599,-0.06231769528497558,-0.2568645196271742,-0.18439088914585774,-0.34151232707830076,-0.06231769528497557,-0.04402254531628119,-0.17285970637383774,-0.7060812450686401,2.446729753464098,-0.44044906750083573,-0.4744665250703386,-0.36574845156823477,-0.3758727885879516,-0.3415123270783008,1.0152306797290584
1.1668522934533354,-0.542257054832889,-0.24778951087466172,-0.33217382213812624,0.6878250373046886,-0.38793587019545317,0.4349763791692319,-0.2607790410548749,-0.5518564105384284,-0.07326830956410954,-0.7433387871977033,-0.13310347641241707,-0.2006027135712599,-0.06231769528497558,-0.2568645196271742,-0.18439088914585774,-0.34151232707830076,-0.06231769528497557,-0.04402254531628119,-0.17285970637383774,1.4162676136551213,-0.4087088075763956,-0.44044906750083573,-0.4744665250703386,-0.36574845156823477,0.7368583104407009,-0.3415123270783008,1.244154593958768
-0.3204769637317749,-0.24400101447758565,-0.6874454622840336,-1.5643522131184955,-2.0800828944548524,-1.2067237530821977,-1.4511199915547641,-0.0571809429969824,-0.7460696907041794,-0.07326830956410954,-0.7433387871977033,-0.13310347641241707,4.984977432245808,-0.06231769528497558,-0.2568645196271742,-0.18439088914585774,-0.34151232707830076,-0.06231769528497557,-0.04402254531628119,-0.17285970637383774,-0.7060812450686401,-0.4087088075763956,-0.44044906750083573,0.724208165253968,-0.36574845156823477,-0.3758727885879516,1.4102910392091492,0.8878912573524571
-1.1547482395298116,-1.7247571850126349,0.2638948200906675,0.0051209201326763805,0.4283646190282023,0.126965585571218,-0.05163926961901948,-0.011722647793331036,-0.2131301106412726,-0.07326830956410954,1.3452816094393218,-0.13310347641241707,-0.2006027135712599,-0.06231769528497558,-0.2568645196271742,-0.18439088914585774,-0.34151232707830076,-0.06231769528497557,-0.04402254531628119,-0.17285970637383774,-0.7060812450686401,-0.4087088075763956,-0.44044906750083573,-0.4744665250703386,-0.36574845156823477,-0.3758727885879516,2.9281519895787644,1.2725655957915476
0.9370626241964763,-0.1099600650081346,-1.3798050695447555,-1.679698734247519,-2.0532648262629443,-1.3067298294986451,-1.9448484395693275,0.8274009735371046,2.721819326403325,-0.07326830956410954,-0.7433387871977033,-0.13310347641241707,4.984977432245808,-0.06231769528497558,-0.2568645196271742,-0.18439088914585774,-0.34151232707830076,-0.06231769528497557,-0.04402254531628119,-0.17285970637383774,-0.7060812450686401,-0.4087088075763956,-0.44044906750083573,-0.4744665250703386,-0.36574845156823477,0.12420604582662254,-0.3415123270783008,1.7101878155342434
0.42063510984220964,-0.24400101447758565,0.2638948200906675,-0.18555022298918258,0.7963645011998699,0.126965585571218,-0.7234202508103338,0.9336999187921873,-0.48420829507487995,-0.07326830956410954,-0.7433387871977033,-0.13310347641241707,-0.2006027135712599,-0.06231769528497558,-0.2568645196271742,-0.18439088914585774,-0.34151232707830076,-0.06231769528497557,-0.04402254531628119,-0.17285970637383774,1.4162676136551213,-0.4087088075763956,-0.44044906750083573,-0.4744665250703386,-0.36574845156823477,-0.3758727885879516,-0.3415123270783008,1.5644405465033644
-1.5066702586667886,-1.568123461043348,0.7654274736718133,-0.13854417285871834,-0.03380689192457717,0.7698835348230324,0.6703284331219324,-0.7693763215503187,0.21740603482935375,-0.07326830956410954,1.3452816094393218,-0.13310347641241707,-0.2006027135712599,-0.06231769528497558,-0.2568645196271742,-0.18439088914585774,-0.34151232707830076,-0.06231769528497557,-0.04402254531628119,-0.17285970637383774,-0.7060812450686401,-0.4087088075763956,-0.44044906750083573,-0.4744665250703386,-0.36574845156823477,-0.3758727885879516,2.9281519895787644,1.1019400787607843
0.1783680164246787,-0.24400101447758565,0.2638948200906675,-0.18555022298918258,0.7963645011998699,0.126965585571218,-0.9948483486562394,1.1566611586571018,-0.2333075083681185,-0.07326830956410954,-0.7433387871977033,-0.13310347641241707,-0.2006027135712599,-0.06231769528497558,-0.2568645196271742,-0.18439088914585774,-0.34151232707830076,-0.06231769528497557,-0.04402254531628119,-0.17285970637383774,1.4162676136551213,-0.4087088075763956,-0.44044906750083573,-0.4744665250703386,-0.36574845156823477,-0.3758727885879516,-0.3415123270783008,1.5953389880545987
0.5757005715916745,0.23690397204979224,-2.818736192371986,-1.6640330212947443,-2.1456170129598124,-1.5634601656008955,-2.427960334606883,2.1878887366923756,1.0694350286822238,-0.07326830956410954,-0.7433387871977033,-0.13310347641241707,4.984977432245808,-0.06231769528497558,-0.2568645196271742,-0.18439088914585774,-0.34151232707830076,-0.06231769528497557,-0.04402254531628119,-0.17285970637383774,-0.7060812450686401,-0.4087088075763956,-0.44044906750083573,-0.4744665250703386,-0.36574845156823477,2.660474581724095,-0.3415123270783008,1.1568811967920856
0.5757005715916745,0.0450245629096262,0.06561611598235746,-0.9688587842349927,-1.8129712157556672,0.4309244428391735,-0.7060337865961795,-1.0229634167221953,2.844936733685481,-0.07326830956410954,-0.7433387871977033,-0.13310347641241707,-0.2006027135712599,-0.06231769528497558,-0.2568645196271742,-0.18439088914585774,2.9281519895787635,-0.06231769528497557,-0.04402254531628119,-0.17285970637383774,-0.7060812450686401,-0.4087088075763956,0.4336285297902007,-0.4744665250703386,-0.36574845156823477,-0.3758727885879516,-0.3415123270783008,0.9042181506398859
1.8304805966618463,-0.24400101447758565,0.29354370594661944,-0.3039920457725777,-0.42827850338441203,0.15776290697406942,0.6793113427671571,-1.0442356361139915,0.24448665494536903,-0.07326830956410954,-0.7433387871977033,-0.13310347641241707,-0.2006027135712599,-0.06231769528497558,3.8931028755993595,-0.18439088914585774,-0.34151232707830076,-0.06231769528497557,-0.04402254531628119,-0.17285970637383774,-0.7060812450686401,2.3993642270995545,-0.39548179981176246,-0.4744665250703386,-0.36574845156823477,-0.3758727885879516,-0.3415123270783008,1.1662709371419244
1.0083127743720461,-0.24400101447758565,0.2638948200906675,-0.18555022298918258,0.7963645011998699,0.126965585571218,0.22763395766612754,0.04069682256473384,-0.47863494605587764,-0.07326830956410954,-0.7433387871977033,-0.13310347641241707,-0.2006027135712599,-0.06231769528497558,-0.2568645196271742,-0.18439088914585774,-0.34151232707830076,-0.06231769528497557,-0.04402254531628119,-0.17285970637383774,1.4162676136551213,-0.4087088075763956,-0.44044906750083573,-0.4744665250703386,-0.36574845156823477,-0.3758727885879516,-0.3415123270783008,1.1537315878891892
-1.2934059336237,-0.42833719411169,0.04389508102493997,1.9496752403211501,1.0501852179854134,-0.20806102831803666,-0.5262609123983413,1.6535342634015118,1.659773331499243,-0.07326830956410954,-0.7433387871977033,-0.13310347641241707,-0.2006027135712599,-0.06231769528497558,-0.2568645196271742,-0.18439088914585774,-0.34151232707830076,-0.06231769528497557,-0.04402254531628119,-0.17285970637383774,1.4162676136551213,-0.4087088075763956,-0.44044906750083573,2.1076302482071885,-0.36574845156823477,-0.3758727885879516,-0.3415123270783008,0.9895411936137477
-0.8477430780350508,0.2810802471221912,0.1281903225332613,0.06173419096593746,0.76085933693739,-0.5571383510701401,-0.027045617339965078,-0.1265107106809128,-1.0154657971909247,-0.07326830956410954,-0.7433387871977033,-0.13310347641241707,-0.2006027135712599,-0.06231769528497558,-0.2568645196271742,-0.18439088914585774,-0.34151232707830076,-0.06231769528497557,-0.04402254531628119,-0.17285970637383774,1.4162676136551213,2.446729753464098,-0.44044906750083573,-0.4744665250703386,-0.36574845156823477,-0.3758727885879516,-0.3415123270783008,1.144222799920162
1.2900588872668246,1.2418117676588079,-0.9468358390258975,-1.2417041722315334,0.03106783569914784,-1.2951749996917659,-0.21013127704606807,-0.41152047833908073,-0.09750794939361582,-0.07326830956410954,-0.7433387871977033,-0.13310347641241707,-0.2006027135712599,-0.06231769528497558,-0.2568645196271742,-0.18439088914585774,-0.34151232707830076,-0.06231769528497557,-0.04402254531628119,4.7461807956540305,-0.7060812450686401,2.446729753464098,-0.44044906750083573,-0.4744665250703386,-0.36574845156823477,-0.3758727885879516,-0.3415123270783008,1.1568811967920856
-0.2895238339690686,-0.24400101447758565,0.38718863240101026,0.724606505937792,0.4775823083605299,1.0705785962742982,0.18019282505215128,0.5344110836722384,-0.6670562340669278,-0.07326830956410954,1.3452816094393218,-0.13310347641241707,-0.2006027135712599,-0.06231769528497558,-0.2568645196271742,-0.18439088914585774,-0.34151232707830076,-0.06231769528497557,-0.04402254531628119,-0.17285970637383774,-0.7060812450686401,-0.4087088075763956,-0.44044906750083573,-0.4744665250703386,-0.36574845156823477,1.7220541955488242,-0.3415123270783008,0.7275486072772778
-0.12221740391296332,-0.24400101447758565,0.6522028754383374,0.10079019808227077,0.09613098322094224,1.487841645248197,0.6868294514308839,0.3347943157700327,1.7205485070565842,-0.07326830956410954,1.3452816094393218,-0.13310347641241707,-0.2006027135712599,-0.06231769528497558,-0.2568645196271742,-0.18439088914585774,-0.34151232707830076,-0.06231769528497557,-0.04402254531628119,-0.17285970637383774,-0.7060812450686401,-0.4087088075763956,-0.44044906750083573,-0.4744665250703386,-0.36574845156823477,2.660474581724095,-0.3415123270783008,1.724550719534605
-0.3168952129116088,-0.24400101447758565,0.303379512749263,-0.2372214790321664,0.7705916815581493,-0.09673723625566846,0.0928465984657254,-1.1591602902947347,0.4611691545608246,-0.07326830956410954,-0.7433387871977033,-0.13310347641241707,-0.2006027135712599,-0.06231769528497558,-0.2568645196271742,-0.18439088914585774,-0.34151232707830076,-0.06231769528497557,-0.04402254531628119,-0.17285970637383774,1.4162676136551213,-0.4087088075763956,-0.44044906750083573,-0.4744665250703386,2.734119572378935,-0.3758727885879516,-0.3415123270783008,1.3270750014599193
-1.0357617623789426,-0.24400101447758565,-0.38049321015000737,-0.341710813009746,0.7437110179181721,-1.0143227664852803,0.4519970008767086,-0.5720609262864934,-1.0461981247196466,-0.07326830956410954,-0.7433387871977033,-0.13310347641241707,-0.2006027135712599,-0.06231769528497558,-0.2568645196271742,-0.18439088914585774,-0.34151232707830076,-0.06231769528497557,-0.04402254531628119,-0.17285970637383774,1.4162676136551213,-0.4087088075763956,-0.44044906750083573,-0.4744665250703386,-0.36574845156823477,-0.3758727885879516,2.9281519895787644,1.2919836816486494
-0.4270371059052085,-0.24400101447758565,0.2041521935786777,-0.04755259430378534,0.3382439185111256,0.025703912071359136,-1.3901623198615929,2.2477560683857707,1.2392365353755883,-0.07326830956410954,0.6329234720291881,-0.13310347641241707,-0.2006027135712599,-0.06231769528497558,-0.2568645196271742,-0.18439088914585774,-0.34151232707830076,-0.06231769528497557,-0.04402254531628119,-0.17285970637383774,0.017780535831953825,-0.4087088075763956,-0.44044906750083573,-0.4744665250703386,-0.36574845156823477,-0.3758727885879516,-0.3415123270783008,1.244154593958768
-0.33861386395020515,0.4775087094727646,0.14236476128268535,-0.2536948789477929,-0.3487469566633151,-0.5999937436633407,0.7246563831675173,-0.24217015862339047,-1.4865838917197869,-0.07326830956410954,-0.7433387871977033,-0.13310347641241707,-0.2006027135712599,-0.06231769528497558,3.8931028755993595,-0.18439088914585774,-0.34151232707830076,-0.06231769528497557,-0.04402254531628119,-0.17285970637383774,-0.7060812450686401,-0.4087088075763956,-0.1328383351114717,-0.4744665250703386,-0.36574845156823477,-0.3758727885879516,-0.3415123270783008,1.8293763327993617
-0.6244006577096486,0.5698604338121686,0.03870742813696759,0.3857132712516058,1.0971416963973908,-0.47616197422868567,-0.9818077187493763,-0.3752110888708373,-0.6814292912798658,-0.07326830956410954,-0.7433387871977033,-0.13310347641241707,-0.2006027135712599,-0.06231769528497558,-0.2568645196271742,-0.18439088914585774,-0.34151232707830076,-0.06231769528497557,-0.04402254531628119,-0.17285970637383774,1.4162676136551213,-0.4087088075763956,-0.44044906750083573,-0.4744665250703386,2.734119572378935,-0.3758727885879516,-0.3415123270783008,1.4655675420143985
-0.024201371327476018,0.9691755198342187,0.13986589208207384,-0.2273740387754346,-0.38441314710130847,-0.5732670293297929,0.7315776371644855,-0.34582129186497035,-1.4566060990635232,-0.07326830956410954,-0.7433387871977033,-0.13310347641241707,-0.2006027135712599,-0.06231769528497558,3.8931028755993595,-0.18439088914585774,-0.34151232707830076,-0.06231769528497557,-0.04402254531628119,-0.17285970637383774,-0.7060812450686401,-0.4087088075763956,-0.44044906750083573,-0.15774486522723485,-0.36574845156823477,-0.3758727885879516,-0.3415123270783008,1.2725655957915476
-0.8337247325040481,-0.24400101447758565,0.20949544928250352,1.0038001041889701,0.6163996465413573,1.0490159953014622,1.168053862040797,-0.13257130716333831,1.4624810035007305,-0.07326830956410954,1.3452816094393218,-0.13310347641241707,-0.2006027135712599,-0.06231769528497558,-0.2568645196271742,-0.18439088914585774,-0.34151232707830076,-0.06231769528497557,-0.04402254531628119,-0.17285970637383774,-0.7060812450686401,-0.4087088075763956,-0.44044906750083573,2.1076302482071885,-0.36574845156823477,-0.3758727885879516,-0.3415123270783008,1.4586150226995167
-0.2981967836655667,0.03272486225865978,0.23632437194797498,0.08268962829886717,0.6614900262405182,-0.1847857746428564,0.3080110583899375,-0.3611923049774117,-1.1629549377899093,-0.07326830956410954,-0.7433387871977033,-0.13310347641241707,-0.2006027135712599,-0.06231769528497558,-0.2568645196271742,-0.18439088914585774,-0.34151232707830076,-0.06231769528497557,-0.04402254531628119,-0.17285970637383774,1.4162676136551213,-0.4087088075763956,-0.44044906750083573,-0.4744665250703386,-0.36574845156823477,-0.3758727885879516,2.9281519895787644,0.5596157879354227
0.2221602754016047,-0.3927568193370389,0.2440088254771587,-0.09671013626988761,0.8419434979454198,0.04270041297418731,-1.0685791316840636,1.231612545327614,-0.10055784946594787,-0.07326830956410954,-0.7433387871977033,-0.13310347641241707,-0.2006027135712599,-0.06231769528497558,-0.2568645196271742,-0.18439088914585774,-0.34151232707830076,-0.06231769528497557,-0.04402254531628119,-0.17285970637383774,1.4162676136551213,0.11320197007119237,-0.44044906750083573,-0.4744665250703386,-0.36574845156823477,-0.3758727885879516,-0.3415123270783008,1.0818051703517284
0.7203650388779372,1.3837218821019228,-0.04454196178768216,1.6693451312215595,0.5907920662922144,-0.5464644803455051,1.3161211050027306,-0.856169162087415,-0.2333075083681185,-0.07326830956410954,0.4162649521383639,-0.13310347641241707,-0.2006027135712599,-0.06231769528497558,1.5890376096582814,-0.18439088914585774,-0.34151232707830076,-0.06231769528497557,-0.04402254531628119,-0.17285970637383774,-0.7060812450686401,-0.4087088075763956,-0.44044906750083573,2.1076302482071885,-0.36574845156823477,-0.3758727885879516,-0.3415123270783008,2.005525858729668
0.9826583703394383,0.9526596953135974,0.4675868231019708,-0.15304724722126983,0.7639411769506727,0.7398292188512308,0.19931759138588945,-1.085731573921487,0.1215547522890627,-0.07326830956410954,-0.7433387871977033,-0.13310347641241707,-0.2006027135712599,-0.06231769528497558,-0.2568645196271742,-0.18439088914585774,-0.34151232707830076,-0.06231769528497557,-0.04402254531628119,-0.17285970637383774,1.4162676136551213,-0.4087088075763956,-0.44044906750083573,-0.4744665250703386,2.734119572378935,-0.3758727885879516,-0.3415123270783008,0.9001613499442714
0.5897997651163516,-0.24400101447758565,0.1457340298406171,0.6397753544160605,0.22703594510696465,0.1872156803267811,0.3963393001355792,-0.2502159001496997,0.583157803262631,-0.07326830956410954,1.3452816094393218,-0.13310347641241707,-0.2006027135712599,-0.06231769528497558,-0.2568645196271742,-0.18439088914585774,-0.34151232707830076,-0.06231769528497557,-0.04402254531628119,-0.17285970637383774,-0.7060812450686401,-0.4087088075763956,-0.44044906750083573,2.1076302482071885,-0.36574845156823477,-0.3758727885879516,-0.3415123270783008,1.534714366238164
-1.3456960815174261,-1.7201784041645063,-0.054435747700428305,-0.8582889909108777,-0.9676406671263624,0.05201970520395015,-0.36893661261310556,0.7000369672164832,0.7255110119779494,-0.07326830956410954,-0.7433387871977033,-0.13310347641241707,-0.2006027135712599,-0.06231769528497558,3.8931028755993595,-0.18439088914585774,-0.34151232707830076,-0.06231769528497557,-0.04402254531628119,-0.17285970637383774,-0.7060812450686401,-0.4087088075763956,2.0180215849224137,-0.2340661687355194,-0.36574845156823477,-0.3758727885879516,-0.3415123270783008,2.0241930674493576
0.9193813396462017,-0.24400101447758565,0.30489840613044367,-0.20787907922448973,0.7743831062985449,0.26912396431063934,0.16232819644742916,0.16635087462444026,-0.6097908346615046,-0.07326830956410954,-0.7433387871977033,-0.13310347641241707,-0.2006027135712599,-0.06231769528497558,-0.2568645196271742,-0.18439088914585774,-0.34151232707830076,-0.06231769528497557,-0.04402254531628119,-0.17285970637383774,1.4162676136551213,-0.4087088075763956,-0.44044906750083573,-0.4744665250703386,-0.36574845156823477,-0.3758727885879516,-0.3415123270783008,0.9001613499442714
1.4409249771524177,1.3837218821019228,0.2638948200906675,1.502358257105962,0.5030137179336392,-0.18038455100553002,1.161916942582447,-0.9011776018211037,-1.266757037571291,-0.07326830956410954,1.3452816094393218,-0.13310347641241707,-0.2006027135712599,-0.06231769528497558,-0.2568645196271742,-0.18439088914585774,-0.34151232707830076,-0.06231769528497557,-0.04402254531628119,-0.17285970637383774,-0.7060812450686401,2.446729753464098,-0.44044906750083573,-0.4744665250703386,-0.36574845156823477,-0.3758727885879516,-0.3415123270783008,1.7263316639055997
0.09952621129391492,0.5698604338121686,-0.28845169177021374,-0.4204083380848969,0.8640957278803733,-0.6823185069421549,-0.9451267977781388,0.3358257175793593,-1.0544571206291196,-0.07326830956410954,-0.7433387871977033,-0.13310347641241707,-0.2006027135712599,-0.06231769528497558,-0.2568645196271742,-0.18439088914585774,-0.34151232707830076,-0.06231769528497557,-0.04402254531628119,-0.17285970637383774,1.4162676136551213,-0.4087088075763956,-0.44044906750083573,-0.4744665250703386,2.734119572378935,-0.3758727885879516,-0.3415123270783008,1.9960599327407849
-0.010973127263315452,0.2939371570559003,0.2638948200906675,0.0051209201326763805,0.4283646190282023,0.126965585571218,-0.1666869396137962,-0.08321587690919191,-1.1545825083817618,-0.07326830956410954,1.3452816094393218,-0.13310347641241707,-0.2006027135712599,-0.06231769528497558,-0.2568645196271742,-0.18439088914585774,-0.34151232707830076,-0.06231769528497557,-0.04402254531628119,-0.17285970637383774,-0.7060812450686401,-0.4087088075763956,-0.44044906750083573,-0.4744665250703386,-0.36574845156823477,-0.3758727885879516,2.9281519895787644,1.8625285401162623
0.8572404510668664,-0.24400101447758565,-1.6976541861854357,-1.6762382954922557,-2.073664733177015,-1.363439639475257,-2.0292542454093745,1.048531679805953,2.2266706501275677,-0.07326830956410954,-0.7433387871977033,-0.13310347641241707,4.984977432245808,-0.06231769528497558,-0.2568645196271742,-0.18439088914585774,-0.34151232707830076,-0.06231769528497557,-0.04402254531628119,-0.17285970637383774,-0.7060812450686401,-0.4087088075763956,-0.44044906750083573,-0.4744665250703386,-0.36574845156823477,0.6844487849749896,-0.3415123270783008,0.8153648132841945
0.7712029395252515,-0.24400101447758565,0.3732189701394043,-0.24508363128955368,0.737757497604091,0.5059896034441316,0.271299375658755,-0.011779391325170752,-0.03427190232569016,-0.07326830956410954,-0.7433387871977033,-0.13310347641241707,-0.2006027135712599,-0.06231769528497558,-0.2568645196271742,-0.18439088914585774,-0.34151232707830076,-0.06231769528497557,-0.04402254531628119,-0.17285970637383774,1.4162676136551213,-0.4087088075763956,-0.44044906750083573,-0.4744665250703386,-0.36574845156823477,-0.3758727885879516,-0.3415123270783008,1.8453002361560848
-0.5886019654931938,-0.16026302162843364,-0.061977404623721255,-1.395747560011242,-2.021603278983766,-0.26050927208287367,-1.2651843445091417,-0.29638338250017815,1.0022561858695345,-0.07326830956410954,-0.7433387871977033,-0.13310347641241707,-0.2006027135712599,-0.06231769528497558,-0.2568645196271742,-0.18439088914585774,2.9281519895787635,-0.06231769528497557,-0.04402254531628119,-0.17285970637383774,-0.7060812450686401,-0.4087088075763956,-0.44044906750083573,-0.4744665250703386,-0.36574845156823477,-0.3758727885879516,2.5917370779955844,0.7419373447293773
-0.4360672061364963,-1.0578624627673399,0.309810128773618,0.12502953146236268,0.9548829321009823,0.21406764034534329,-0.17662457751283145,0.06444363541983186,-0.009833711561602487,-0.07326830956410954,-0.7433387871977033,-0.13310347641241707,-0.2006027135712599,-0.06231769528497558,-0.2568645196271742,-0.18439088914585774,-0.34151232707830076,-0.06231769528497557,-0.04402254531628119,-0.17285970637383774,1.4162676136551213,-0.4087088075763956,-0.13435626850443727,-0.4744665250703386,-0.36574845156823477,-0.3758727885879516,-0.3415123270783008,1.0116009116784799
0.7226271993949653,-0.4231518215298915,0.2914932758443512,-0.10835926833644888,-0.08058575256037281,-0.13247383195604484,0.6529131226583281,-0.5207711932942161,-0.9082957175628349,-0.07326830956410954,0.8855251847189636,-0.13310347641241707,-0.2006027135712599,-0.06231769528497558,0.6566447879557251,-0.18439088914585774,-0.34151232707830076,-0.06231769528497557,-0.04402254531628119,-0.17285970637383774,-0.7060812450686401,-0.4087088075763956,-0.44044906750083573,-0.4744665250703386,2.734119572378935,-0.3758727885879516,-0.3415123270783008,1.2669476034873244
0.698589818206332,-0.24400101447758565,0.2638948200906675,-0.18555022298918258,0.7963645011998699,0.126965585571218,-0.5632980886986052,0.8993555922689603,-0.7354778820942456,-0.07326830956410954,-0.7433387871977033,-0.13310347641241707,-0.2006027135712599,-0.06231769528497558,-0.2568645196271742,-0.18439088914585774,-0.34151232707830076,-0.06231769528497557,-0.04402254531628119,-0.17285970637383774,1.4162676136551213,-0.4087088075763956,-0.44044906750083573,-0.4744665250703386,-0.36574845156823477,-0.3758727885879516,-0.3415123270783008,1.4085449700547104
0.5029006203949317,0.5013821600422489,0.3303244329608188,0.14366664879134647,0.9604480044077621,0.24760403136148518,-0.049514224949668804,-0.176495968204969,-0.888545024466801,-0.07326830956410954,-0.7433387871977033,-0.13310347641241707,-0.2006027135712599,-0.06231769528497558,-0.2568645196271742,-0.18439088914585774,-0.34151232707830076,-0.06231769528497557,-0.04402254531628119,-0.17285970637383774,1.4162676136551213,-0.4087088075763956,-0.44044906750083573,-0.4744665250703386,-0.36574845156823477,-0.3758727885879516,-0.3415123270783008,0.4382549309311553
-0.35944638800609835,1.2521785027636698,-0.9173086096374237,-1.0410701853053397,-0.48358590166204146,-1.3711867877824298,-2.1597051062068546,0.8070313353107381,0.29432352798882877,-0.07326830956410954,-0.7433387871977033,6.27712970077755,-0.2006027135712599,-0.06231769528497558,-0.2568645196271742,-0.18439088914585774,-0.34151232707830076,-0.06231769528497557,-0.04402254531628119,-0.17285970637383774,-0.3630487281729474,-0.4087088075763956,-0.44044906750083573,-0.4744665250703386,2.734119572378935,-0.3758727885879516,-0.3415123270783008,2.005525858729668
-1.3679269624894705,-0.32656384952586637,0.2528576434601665,-0.29493134352410305,0.7339188747192367,0.060470027228105794,-0.2392168429842092,0.670430785002365,-0.41063259140639125,-0.07326830956410954,-0.7433387871977033,-0.13310347641241707,-0.2006027135712599,-0.06231769528497558,-0.2568645196271742,-0.18439088914585774,-0.34151232707830076,-0.06231769528497557,-0.04402254531628119,-0.17285970637383774,1.4162676136551213,2.446729753464098,-0.44044906750083573,-0.4744665250703386,-0.36574845156823477,-0.3758727885879516,-0.3415123270783008,0.4762341789963716
-0.8923996282004472,0.07631120103262096,0.19522210826723935,1.041936518187688,0.47712391152833805,0.5133179166937208,1.228009191328844,-0.4340253731395336,0.7694120640600168,-0.07326830956410954,1.3452816094393218,-0.13310347641241707,-0.2006027135712599,-0.06231769528497558,-0.2568645196271742,-0.18439088914585774,-0.34151232707830076,-0.06231769528497557,-0.04402254531628119,-0.17285970637383774,-0.7060812450686401,-0.4087088075763956,-0.44044906750083573,2.1076302482071885,-0.36574845156823477,-0.3758727885879516,-0.3415123270783008,1.0818051703517284
1.4329674636345078,0.5698604338121686,0.4500624230564861,0.7212668713700431,0.47563663961045133,0.9892124983288899,1.3583093121621095,-1.1786898002299664,-0.5054562042215855,-0.07326830956410954,1.3452816094393218,-0.13310347641241707,-0.2006027135712599,-0.06231769528497558,-0.2568645196271742,-0.18439088914585774,-0.34151232707830076,-0.06231769528497557,-0.04402254531628119,-0.17285970637383774,-0.7060812450686401,-0.4087088075763956,-0.44044906750083573,-0.4744665250703386,-0.36574845156823477,-0.3758727885879516,2.9281519895787644,1.6582280766035324
1.3531293217948237,1.3011381052647781,0.5374648334736752,-0.40800928104159184,0.5941043924985442,1.7174357934128703,0.708614576485751,-1.1645294065776493,0.24116324575643341,-0.07326830956410954,-0.7433387871977033,-0.13310347641241707,-0.2006027135712599,-0.06231769528497558,-0.2568645196271742,-0.18439088914585774,-0.34151232707830076,-0.06231769528497557,-0.04402254531628119,-0.17285970637383774,1.4162676136551213,-0.4087088075763956,-0.44044906750083573,-0.4744665250703386,2.734119572378935,-0.3758727885879516,-0.3415123270783008,1.9416152247724325
0.4301273306938125,0.2959974962715107,-0.36345756294069753,-1.2658089336988976,-1.9820248427128297,-0.9836121735335177,-1.2437879186502154,0.7137816967679887,-0.08025816503869732,-0.07326830956410954,-0.7433387871977033,-0.13310347641241707,-0.2006027135712599,-0.06231769528497558,-0.2568645196271742,-0.18439088914585774,0.7587239310873191,-0.06231769528497557,-0.04402254531628119,-0.17285970637383774,-0.7060812450686401,2.446729753464098,-0.44044906750083573,-0.4744665250703386,-0.36574845156823477,-0.3758727885879516,-0.3415123270783008,1.5085119938441398
0.580079977466215,0.5739798617718921,0.9703523819927344,0.2607855965622865,0.0934720531334688,1.6434294856492222,0.7817827786025471,-0.6936982582261236,0.2618733977667517,-0.07326830956410954,1.3452816094393218,-0.13310347641241707,-0.2006027135712599,-0.06231769528497558,-0.2568645196271742,-0.18439088914585774,-0.34151232707830076,-0.06231769528497557,-0.04402254531628119,-0.17285970637383774,-0.7060812450686401,-0.4087088075763956,-0.44044906750083573,-0.4744665250703386,-0.36574845156823477,-0.3758727885879516,2.9281519895787644,0.9707789171582248
1.4409249771524177,1.3837218821019228,-0.8492372293093023,-0.9756379364674264,0.561843141657626,-1.1631067050433508,-0.05236229610285626,-0.5663740054276253,0.03508677069755487,-0.07326830956410954,-0.7433387871977033,-0.13310347641241707,-0.2006027135712599,-0.06231769528497558,-0.2568645196271742,-0.18439088914585774,-0.34151232707830076,-0.06231769528497557,-0.04402254531628119,4.826960224734521,-0.3647904606691199,2.446729753464098,-0.44044906750083573,-0.4744665250703386,-0.36574845156823477,-0.3758727885879516,-0.3415123270783008,1.597365331199831
1.2035360437945184,-0.6112691862279251,-0.36618585999568487,-0.3661004010534293,0.6627105761358292,-0.5070766154374734,0.5749674348745457,-0.49425543762894697,-0.2333075083681185,-0.07326830956410954,-0.7433387871977033,-0.13310347641241707,-0.2006027135712599,-0.06231769528497558,-0.2568645196271742,-0.18439088914585774,-0.34151232707830076,-0.06231769528497557,-0.04402254531628119,-0.17285970637383774,1.4162676136551213,-0.4087088075763956,-0.44044906750083573,-0.4744665250703386,-0.36574845156823477,0.9943281833794968,-0.3415123270783008,1.4327007339340463
1.1743451827256681,-0.5563532215056336,-0.2030601945137594,-0.42095986692856724,-1.032958833153674,-0.7864238014717952,-0.31839912574261253,1.3733312032403115,0.2311530133891696,-0.07326830956410954,-0.7433387871977033,-0.13310347641241707,-0.2006027135712599,-0.06231769528497558,-0.2568645196271742,5.423261445466405,-0.34151232707830076,-0.06231769528497557,-0.04402254531628119,-0.17285970637383774,-0.7060812450686401,1.5669554201140563,-0.44044906750083573,-0.4744665250703386,-0.36574845156823477,-0.3758727885879516,-0.3415123270783008,0.8285518175661483
-0.25135340245289495,0.853115747214324,0.5540247977342129,1.8790119086827488,0.6745048910947784,-0.13647738863742295,1.0100590511476122,0.0647139745301526,-0.08761125033631409,-0.07326830956410954,1.3452816094393218,-0.13310347641241707,-0.2006027135712599,-0.06231769528497558,-0.2568645196271742,-0.18439088914585774,-0.34151232707830076,-0.06231769528497557,-0.04402254531628119,-0.17285970637383774,-0.7060812450686401,-0.4087088075763956,2.2704100741412128,-0.4744665250703386,-0.36574845156823477,-0.3758727885879516,-0.3415123270783008,0.4762341789963716
1.0083127743720461,-0.24400101447758565,0.2638948200906675,-0.18555022298918258,0.7963645011998699,0.126965585571218,0.040845220823247104,0.25407893540477056,-0.8400516978677809,-0.07326830956410954,-0.7433387871977033,-0.13310347641241707,-0.2006027135712599,-0.06231769528497558,-0.2568645196271742,-0.18439088914585774,-0.34151232707830076,-0.06231769528497557,-0.04402254531628119,-0.17285970637383774,1.4162676136551213,-0.4087088075763956,-0.44044906750083573,-0.4744665250703386,-0.36574845156823477,-0.3758727885879516,-0.3415123270783008,1.235471471385307
0.5757005715916745,0.5698604338121686,-0.10806688252329133,-1.1272726522261136,-1.8870821070826127,0.4224098110561329,-0.9576923045338511,-0.7863978331722876,2.4281789254788984,-0.07326830956410954,-0.7433387871977033,-0.13310347641241707,-0.2006027135712599,-0.06231769528497558,-0.2568645196271742,-0.18439088914585774,2.9281519895787635,-0.06231769528497557,-0.04402254531628119,-0.17285970637383774,-0.7060812450686401,0.413145742456551,-0.44044906750083573,-0.4744665250703386,-0.36574845156823477,-0.3758727885879516,-0.3415123270783008,0.7514160886839212
0.9056759240224224,-0.05091312852201735,-0.05144491465342599,-1.0804489456575916,-1.8508249380604707,-0.29132274718477186,-0.5421544815447034,-0.98149072688919,0.32239877697944863,-0.07326830956410954,-0.7433387871977033,-0.13310347641241707,-0.2006027135712599,-0.06231769528497558,-0.2568645196271742,-0.18439088914585774,2.9281519895787635,-0.06231769528497557,-0.04402254531628119,-0.17285970637383774,-0.7060812450686401,1.7692795604540652,-0.44044906750083573,-0.4744665250703386,-0.36574845156823477,-0.3758727885879516,-0.3415123270783008,1.916922612182061
1.300153096947669,0.8540613428680218,0.43011402584699676,2.0961670721511227,0.811058545266444,-0.1864832094730647,-0.18885122249954409,1.3688770414979892,1.0565492029649892,-0.07326830956410954,1.3452816094393218,-0.13310347641241707,-0.2006027135712599,-0.06231769528497558,-0.2568645196271742,-0.18439088914585774,-0.34151232707830076,-0.06231769528497557,-0.04402254531628119,-0.17285970637383774,-0.7060812450686401,-0.4087088075763956,2.2704100741412128,-0.4744665250703386,-0.36574845156823477,-0.3758727885879516,-0.3415123270783008,0.5187937934151675
-0.5088656572803655,-0.24400101447758565,0.6950018581479707,0.7594030545785373,0.4605076849102478,1.3353173318725662,0.8863473893357203,0.14563430689026513,-0.4418340940995635,-0.07326830956410954,1.3452816094393218,-0.13310347641241707,-0.2006027135712599,-0.06231769528497558,-0.2568645196271742,-0.18439088914585774,-0.34151232707830076,-0.06231769528497557,-0.04402254531628119,-0.17285970637383774,-0.7060812450686401,0.315169409804791,-0.44044906750083573,-0.4744665250703386,-0.36574845156823477,-0.3758727885879516,-0.3415123270783008,0.6418538861723948
-0.5926700006189832,-0.24400101447758565,0.055957690552785044,-0.09679801476958166,0.8511646498396885,-0.44094550624561835,0.26660934033944617,-0.3521582209135366,-1.16064172767143,-0.07326830956410954,-0.7433387871977033,-0.13310347641241707,-0.2006027135712599,-0.06231769528497558,-0.2568645196271742,-0.18439088914585774,-0.34151232707830076,-0.06231769528497557,-0.04402254531628119,-0.17285970637383774,1.4162676136551213,-0.4087088075763956,-0.44044906750083573,-0.4744665250703386,-0.36574845156823477,-0.3758727885879516,2.9281519895787644,1.3270750014599193
-1.0242926545021604,0.3244379268053723,-0.10017585131352713,0.8070843255488117,0.2945242264406154,-0.5007809457169841,1.096906374400587,-0.5454227506652077,-0.11934121657241403,-0.07326830956410954,1.3452816094393218,-0.13310347641241707,-0.2006027135712599,-0.06231769528497558,-0.2568645196271742,-0.18439088914585774,-0.34151232707830076,-0.06231769528497557,-0.04402254531628119,-0.17285970637383774,-0.7060812450686401,-0.4087088075763956,-0.44044906750083573,2.1076302482071885,-0.36574845156823477,-0.3758727885879516,-0.3415123270783008,1.9878743481543455
-1.0183777184805378,-0.8013123491739509,0.5942312019713913,0.41845501129338075,0.2672751629951902,0.9606053822535287,0.5789772583899042,-0.4520813082508009,-1.2368237767339982,-0.07326830956410954,1.3452816094393218,-0.13310347641241707,-0.2006027135712599,-0.06231769528497558,-0.2568645196271742,-0.18439088914585774,-0.34151232707830076,-0.06231769528497557,-0.04402254531628119,-0.17285970637383774,-0.7060812450686401,-0.4087088075763956,-0.44044906750083573,-0.4744665250703386,-0.36574845156823477,-0.3758727885879516,2.9281519895787644,0.9477893989335261
-0.9679932734974349,-0.24400101447758565,0.23010586958004806,1.2533835004459633,0.5333867357284353,0.3378606788289483,1.1775620071238138,-0.24629158338237972,0.9893859370491962,-0.07326830956410954,1.3452816094393218,-0.13310347641241707,-0.2006027135712599,-0.06231769528497558,-0.2568645196271742,-0.18439088914585774,-0.34151232707830076,-0.06231769528497557,-0.04402254531628119,-0.17285970637383774,-0.7060812450686401,-0.4087088075763956,-0.44044906750083573,2.1076302482071885,-0.36574845156823477,-0.3758727885879516,-0.3415123270783008,1.1568811967920856
1.197775891222112,1.307483599889145,0.5540247977342129,1.8790119086827488,0.6745048910947784,-0.13647738863742295,1.3276496766560573,-0.6887238491955454,-0.2123736523366058,-0.07326830956410954,1.3452816094393218,-0.13310347641241707,-0.2006027135712599,-0.06231769528497558,-0.2568645196271742,-0.18439088914585774,-0.34151232707830076,-0.06231769528497557,-0.04402254531628119,-0.17285970637383774,-0.7060812450686401,-0.4087088075763956,2.2704100741412128,-0.4744665250703386,-0.36574845156823477,-0.3758727885879516,-0.3415123270783008,1.6863989535702288
0.8492344308133513,0.05526870155939495,0.2905661645208707,-0.053370368250966665,0.8622436692438921,0.17540165798196602,0.15546558797974952,-0.10157952396479754,-0.520919471662189,-0.07326830956410954,-0.7433387871977033,-0.13310347641241707,-0.2006027135712599,-0.06231769528497558,-0.2568645196271742,-0.18439088914585774,-0.34151232707830076,-0.06231769528497557,-0.04402254531628119,-0.17285970637383774,1.4162676136551213,-0.4087088075763956,-0.44044906750083573,-0.4744665250703386,-0.36574845156823477,-0.3758727885879516,-0.3415123270783008,0.5423242908253617
0.028358588345941668,-0.4598389975289066,0.2831306093422962,-0.09022005184955498,0.84387758385994,0.16189843582584168,-1.1859512155139524,1.3959129890696307,-0.17404172834020565,-0.07326830956410954,-0.7433387871977033,-0.13310347641241707,-0.2006027135712599,-0.06231769528497558,-0.2568645196271742,-0.18439088914585774,-0.34151232707830076,-0.06231769528497557,-0.04402254531628119,-0.17285970637383774,1.4162676136551213,-0.4087088075763956,-0.44044906750083573,-0.4744665250703386,-0.36574845156823477,-0.3758727885879516,-0.3415123270783008,0.6418538861723948
0.3541941629669483,-0.24400101447758565,-0.7944952067994621,-1.5362750968091863,-2.0207179793453185,-1.1565272205837729,-1.295279398724932,0.5344110836722384,-0.034010541417875295,-0.07326830956410954,-0.7433387871977033,-0.13310347641241707,4.984977432245808,-0.06231769528497558,-0.2568645196271742,-0.18439088914585774,-0.34151232707830076,-0.06231769528497557,-0.04402254531628119,-0.17285970637383774,-0.7060812450686401,-0.4087088075763956,-0.44044906750083573,1.4776253773249222,-0.36574845156823477,-0.3758727885879516,-0.3415123270783008,0.8878912573524571
0.9382569942098573,-0.2879323524730091,0.5359168887084297,-0.1706946319808651,-0.5163716127424688,1.2110473273166575,-0.12624556366705048,2.2653556799137515,0.28307926050368093,-0.07326830956410954,-0.7433387871977033,-0.13310347641241707,-0.2006027135712599,-0.06231769528497558,3.8931028755993595,-0.18439088914585774,-0.34151232707830076,-0.06231769528497557,-0.04402254531628119,-0.17285970637383774,-0.7060812450686401,-0.4087088075763956,-0.367284483123655,2.037940888720928,-0.36574845156823477,-0.3758727885879516,-0.3415123270783008,1.2919836816486494
0.32807728406788916,-0.24400101447758565,0.17322920207706002,1.5547776183912871,0.7037941710270718,-0.18659362318493608,-0.8756218614261352,1.9893023404243892,2.1370572154562746,-0.07326830956410954,1.3452816094393218,-0.13310347641241707,-0.2006027135712599,-0.06231769528497558,-0.2568645196271742,-0.18439088914585774,-0.34151232707830076,-0.06231769528497557,-0.04402254531628119,-0.17285970637383774,-0.7060812450686401,-0.4087088075763956,1.2047775136696364,-0.4744665250703386,-0.36574845156823477,-0.3758727885879516,-0.3415123270783008,0.9242589015233319
-1.1547482395298116,0.4820012868607459,-0.14183338144664764,-0.4339679731103396,0.7530102958097233,-0.6787052925620352,-0.036430092887374976,-0.029180368751218766,-1.0154657971909247,-0.07326830956410954,-0.7433387871977033,-0.13310347641241707,-0.2006027135712599,-0.06231769528497558,-0.2568645196271742,-0.18439088914585774,-0.34151232707830076,-0.06231769528497557,-0.04402254531628119,-0.17285970637383774,1.4162676136551213,-0.4087088075763956,-0.44044906750083573,-0.4744665250703386,-0.36574845156823477,-0.3758727885879516,2.9281519895787644,1.9213246735826988
-0.2434142421656843,0.05620103758643069,-0.2812927949728786,-1.463267695837321,-2.0513945885194875,-0.39416243790167194,-1.389074299761244,-0.11120053813995426,0.8547554290048639,-0.07326830956410954,-0.7433387871977033,-0.13310347641241707,-0.2006027135712599,-0.06231769528497558,-0.2568645196271742,-0.18439088914585774,2.9281519895787635,-0.06231769528497557,-0.04402254531628119,-0.17285970637383774,-0.7060812450686401,0.6445521834293997,-0.44044906750083573,-0.4744665250703386,-0.36574845156823477,-0.3758727885879516,1.722099117208919,1.208960345836975
-1.3210590404287417,-1.0578624627673399,0.3420297719806402,0.8541471259792974,0.211415911571267,0.19003035945169727,0.6931509029495395,-0.21270483958952024,-0.15886017700441712,-0.07326830956410954,1.3452816094393218,-0.13310347641241707,-0.2006027135712599,-0.06231769528497558,-0.2568645196271742,-0.18439088914585774,-0.34151232707830076,-0.06231769528497557,-0.04402254531628119,-0.17285970637383774,-0.7060812450686401,-0.4087088075763956,2.2704100741412128,-0.4744665250703386,-0.36574845156823477,-0.3758727885879516,-0.3415123270783008,1.7850704810772584
-0.07664024855040508,0.1607834812534249,-1.7432392890544735,-1.646750688830876,-2.1405465526791705,-1.4200092706160765,-2.0993066573251378,0.8641965044893787,0.3765308631798041,-0.07326830956410954,-0.7433387871977033,-0.13310347641241707,4.984977432245808,-0.06231769528497558,-0.2568645196271742,-0.18439088914585774,-0.34151232707830076,-0.06231769528497557,-0.04402254531628119,-0.17285970637383774,-0.7060812450686401,-0.4087088075763956,-0.44044906750083573,-0.4744665250703386,-0.36574845156823477,1.1342937658528536,1.3019422404759808,1.3987168811184478
0.509161453730521,-0.24400101447758565,-0.09876765196376233,-1.1123370088192017,-1.86154692847642,-0.6194561746865983,-0.7692094821481736,-0.5485482511628359,0.22865692919055092,-0.07326830956410954,-0.7433387871977033,-0.13310347641241707,-0.2006027135712599,-0.06231769528497558,-0.2568645196271742,-0.18439088914585774,2.9281519895787635,-0.06231769528497557,-0.04402254531628119,-0.17285970637383774,-0.7060812450686401,2.446729753464098,-0.44044906750083573,-0.4744665250703386,-0.36574845156823477,-0.3758727885879516,-0.3415123270783008,1.0818051703517284
-1.1547482395298116,-0.24400101447758565,0.22789992805085718,1.2266704897042366,0.5422716407802289,0.4139759168330229,0.8239151472647215,0.22218636444469614,1.3776809719377026,-0.07326830956410954,1.3452816094393218,-0.13310347641241707,-0.2006027135712599,-0.06231769528497558,-0.2568645196271742,-0.18439088914585774,-0.34151232707830076,-0.06231769528497557,-0.04402254531628119,-0.17285970637383774,-0.7060812450686401,-0.4087088075763956,-0.44044906750083573,2.1076302482071885,-0.36574845156823477,-0.3758727885879516,-0.3415123270783008,1.3270750014599193
1.0083127743720461,-0.24400101447758565,0.2638948200906675,-0.18555022298918258,0.7963645011998699,0.126965585571218,0.031338248717711674,0.2665429417602636,-0.8627548759501542,-0.07326830956410954,-0.7433387871977033,-0.13310347641241707,-0.2006027135712599,-0.06231769528497558,-0.2568645196271742,-0.18439088914585774,-0.34151232707830076,-0.06231769528497557,-0.04402254531628119,-0.17285970637383774,1.4162676136551213,-0.4087088075763956,-0.44044906750083573,-0.4744665250703386,-0.36574845156823477,-0.3758727885879516,-0.3415123270783008,1.2725655957915476
0.8158417751791802,0.5698604338121686,0.8251351477073327,0.3846181679812556,0.19876863109813464,1.458967586668839,0.9402668513198753,-0.8286620564572549,0.05242215585309218,-0.07326830956410954,1.3452816094393218,-0.13310347641241707,-0.2006027135712599,-0.06231769528497558,-0.2568645196271742,-0.18439088914585774,-0.34151232707830076,-0.06231769528497557,-0.04402254531628119,-0.17285970637383774,-0.7060812450686401,-0.4087088075763956,-0.44044906750083573,-0.4744665250703386,-0.36574845156823477,-0.3758727885879516,2.9281519895787644,0.9042181506398859
1.2633883168345263,0.715732201911602,0.15928752767517254,-1.072482692299421,0.5447830731956457,-0.3074388722998337,-0.014561302499832673,-0.24568864119903625,-0.3234293163838017,-0.07326830956410954,-0.7433387871977033,-0.13310347641241707,-0.2006027135712599,-0.06231769528497558,-0.2568645196271742,-0.18439088914585774,-0.34151232707830076,-0.06231769528497557,-0.04402254531628119,5.785038173311103,-0.7060812450686401,0.7631144156520546,-0.44044906750083573,-0.4744665250703386,-0.36574845156823477,-0.3758727885879516,1.5863375899637433,2.5006159434931803
-0.7317419978416293,0.5698604338121686,-0.06250140475831883,2.799547181623527,1.2402240082051712,-0.3560132004779572,-0.7121895567689205,1.1410342547098762,-0.17867959317330356,-0.07326830956410954,-0.7433387871977033,-0.13310347641241707,-0.2006027135712599,-0.06231769528497558,-0.2568645196271742,-0.18439088914585774,-0.34151232707830076,-0.06231769528497557,-0.04402254531628119,-0.17285970637383774,1.4162676136551213,-0.4087088075763956,-0.44044906750083573,-0.4744665250703386,-0.36574845156823477,-0.3758727885879516,-0.3415123270783008,4.494126887194767
-1.5873604423101833,-1.3130938920579418,0.06443046046073211,0.2911276348154647,0.5837154464800577,-0.44382752521417096,0.09506394158610425,-0.36129945332202346,-1.0154657971909247,-0.07326830956410954,-0.7433387871977033,-0.13310347641241707,-0.2006027135712599,-0.06231769528497558,-0.2568645196271742,-0.18439088914585774,-0.34151232707830076,-0.06231769528497557,-0.04402254531628119,-0.17285970637383774,1.4162676136551213,-0.4087088075763956,-0.44044906750083573,-0.4744665250703386,-0.36574845156823477,2.660474581724095,-0.3415123270783008,2.4790562361098245
0.10978592045043442,1.2584199202969706,0.007252714468215685,-0.9670020358205657,-1.8119508993301916,-0.2681988757417436,-0.6279782954556317,1.0344664764181268,0.028873022074740656,-0.07326830956410954,-0.7433387871977033,-0.13310347641241707,-0.2006027135712599,-0.06231769528497558,-0.2568645196271742,-0.18439088914585774,2.9281519895787635,-0.06231769528497557,-0.04402254531628119,-0.17285970637383774,-0.7060812450686401,-0.4087088075763956,2.2704100741412128,-0.4744665250703386,-0.36574845156823477,-0.3758727885879516,-0.3415123270783008,3.4442568711226023
-0.6655738768805834,0.33404289669970877,0.4037057100026875,0.32683117907323234,0.7295428123236435,-0.06898713392557303,0.21530742951701864,-1.565570616245903,-1.2399287426375594,-0.07326830956410954,-0.7433387871977033,-0.13310347641241707,-0.2006027135712599,-0.06231769528497558,-0.2568645196271742,-0.18439088914585774,-0.34151232707830076,-0.06231769528497557,-0.04402254531628119,-0.17285970637383774,1.4162676136551213,-0.4087088075763956,-0.44044906750083573,-0.4744665250703386,2.734119572378935,-0.3758727885879516,-0.3415123270783008,3.6336309798834576
-1.5873604423101833,0.438648643472486,0.06383801003301187,0.25331218074375145,0.6375567637294571,-0.42613060212252907,0.372210916161344,-0.20959496371999953,-1.0154657971909247,-0.07326830956410954,-0.7433387871977033,-0.13310347641241707,-0.2006027135712599,-0.06231769528497558,-0.2568645196271742,-0.18439088914585774,-0.34151232707830076,-0.06231769528497557,-0.04402254531628119,-0.17285970637383774,1.4162676136551213,2.446729753464098,-0.44044906750083573,-0.4744665250703386,-0.36574845156823477,-0.3758727885879516,-0.3415123270783008,4.471067201464611
1.3800976701909957,-0.12956827351229916,0.2293204531009394,2.425719248681328,1.0441985273352046,-0.1929189942320042,0.5307189004033033,-0.0780553890419271,0.2852192670019595,-0.07326830956410954,1.3452816094393218,-0.13310347641241707,-0.2006027135712599,-0.06231769528497558,-0.2568645196271742,-0.18439088914585774,-0.34151232707830076,-0.06231769528497557,-0.04402254531628119,-0.17285970637383774,-0.7060812450686401,-0.4087088075763956,2.2704100741412128,-0.4744665250703386,-0.36574845156823477,-0.3758727885879516,-0.3415123270783008,2.231089091288976
0.6587100368569737,-0.08783758869259373,0.06443046046073211,0.2911276348154647,0.5837154464800577,-0.44382752521417096,0.03354434227838704,-0.14964585128362473,-0.7897236353184458,-0.07326830956410954,-0.7433387871977033,-0.13310347641241707,-0.2006027135712599,-0.06231769528497558,-0.2568645196271742,-0.18439088914585774,-0.34151232707830076,-0.06231769528497557,-0.04402254531628119,-0.17285970637383774,1.4162676136551213,-0.4087088075763956,-0.44044906750083573,-0.4744665250703386,-0.36574845156823477,2.660474581724095,-0.3415123270783008,3.726656818447966
-0.2031841889676005,-1.2750068117290738,0.4144265628289249,2.123659545518928,0.8283466338415875,-0.19281409138994499,0.48110164397932975,-0.09538946957708785,-0.5443990342320999,-0.07326830956410954,1.3452816094393218,-0.13310347641241707,-0.2006027135712599,-0.06231769528497558,-0.2568645196271742,-0.18439088914585774,-0.34151232707830076,-0.06231769528497557,-0.04402254531628119,-0.17285970637383774,-0.7060812450686401,-0.4087088075763956,2.2704100741412128,-0.4744665250703386,-0.36574845156823477,-0.3758727885879516,-0.3415123270783008,2.2874714551839976
-0.2895238339690686,-0.24400101447758565,0.3439332219642507,0.2573568547753753,0.5605420973717982,-0.1258114089280266,-0.20995179497934047,0.7982288137323074,-1.2597551304554107,-0.07326830956410954,-0.7433387871977033,-0.13310347641241707,-0.2006027135712599,-0.06231769528497558,-0.2568645196271742,-0.18439088914585774,-0.34151232707830076,-0.06231769528497557,-0.04402254531628119,-0.17285970637383774,1.4162676136551213,-0.4087088075763956,-0.44044906750083573,2.1076302482071885,-0.36574845156823477,-0.3758727885879516,-0.3415123270783008,2.1162555148025524
-0.2895238339690686,-0.24400101447758565,-0.9510244612916703,-1.3358285946095774,-0.799915689448286,-1.4097850973125217,-2.463222062533732,-1.4285766979160186,2.504246502511703,-0.07326830956410954,-0.7433387871977033,7.512951779723096,-0.2006027135712599,-0.06231769528497558,-0.2568645196271742,-0.18439088914585774,-0.34151232707830076,-0.06231769528497557,-0.04402254531628119,-0.17285970637383774,-0.7060812450686401,2.446729753464098,-0.44044906750083573,-0.4744665250703386,-0.36574845156823477,-0.3758727885879516,-0.3415123270783008,3.4170707308184456
0.9566500722671082,1.231879703769429,0.16227049687820633,1.1187971264798118,0.3352437104317163,-0.34028297394862206,-0.20627587932596764,0.7472755119772516,-0.7361235511827796,-0.07326830956410954,1.3452816094393218,-0.13310347641241707,-0.2006027135712599,-0.06231769528497558,-0.2568645196271742,-0.18439088914585774,-0.34151232707830076,-0.06231769528497557,-0.04402254531628119,-0.17285970637383774,-0.7060812450686401,-0.4087088075763956,-0.44044906750083573,-0.4744665250703386,2.734119572378935,-0.3758727885879516,-0.3415123270783008,2.833213344056216
0.3432991299307748,-0.15655892538293725,0.06443046046073211,0.2911276348154647,0.5837154464800577,-0.44382752521417096,0.021101616861289196,-0.14493052720089783,-0.7661363618579538,-0.07326830956410954,-0.7433387871977033,-0.13310347641241707,-0.2006027135712599,-0.06231769528497558,-0.2568645196271742,-0.18439088914585774,-0.34151232707830076,-0.06231769528497557,-0.04402254531628119,-0.17285970637383774,1.4162676136551213,-0.4087088075763956,-0.44044906750083573,-0.4744665250703386,-0.36574845156823477,2.660474581724095,-0.3415123270783008,2.231089091288976
-0.42073026567201466,-0.6829508726069,0.3908266853097184,0.12702542147288123,0.9505048027235292,-0.3340596192939039,-0.16489371249973714,-0.8006627023858047,0.9543971570706292,-0.07326830956410954,-0.7433387871977033,-0.13310347641241707,-0.2006027135712599,-0.06231769528497558,-0.2568645196271742,-0.18439088914585774,-0.34151232707830076,-0.06231769528497557,-0.04402254531628119,-0.17285970637383774,1.4162676136551213,-0.4087088075763956,-0.44044906750083573,-0.4744665250703386,2.734119572378935,-0.3758727885879516,-0.3415123270783008,2.3942522815198695
1.0083127743720461,-0.24400101447758565,-0.2274052901259347,-1.151367743818754,-1.8849962628635328,-0.9168621013123849,-1.3633977586888728,1.0583128165540387,-0.203478069932425,-0.07326830956410954,-0.7433387871977033,-0.13310347641241707,0.7979317946915927,-0.06231769528497558,-0.2568645196271742,-0.18439088914585774,2.298545936097678,-0.06231769528497557,-0.04402254531628119,-0.17285970637383774,-0.7060812450686401,-0.4087088075763956,-0.44044906750083573,2.1076302482071885,-0.36574845156823477,-0.3758727885879516,-0.3415123270783008,6.995619625423205
0.6656049148479597,-1.0578624627673399,0.40778438902668723,0.0651522999343273,0.9092895211827128,-0.09681813867656275,0.07888960254039667,-0.6821057888085145,1.6444366504583987,-0.07326830956410954,-0.7433387871977033,-0.13310347641241707,-0.2006027135712599,-0.06231769528497558,-0.2568645196271742,-0.18439088914585774,-0.34151232707830076,-0.06231769528497557,-0.04402254531628119,-0.17285970637383774,1.4162676136551213,-0.4087088075763956,-0.44044906750083573,-0.4744665250703386,2.734119572378935,-0.3758727885879516,-0.3415123270783008,2.128231705849268
-0.2895238339690686,0.8661003446983713,-1.0746917341412876,-1.3166427993097372,-0.7894584127461259,-0.7809499219757263,-2.4397090230862957,0.07751800351434779,2.504246502511703,-0.07326830956410954,-0.7433387871977033,7.512951779723096,-0.2006027135712599,-0.06231769528497558,-0.2568645196271742,-0.18439088914585774,-0.34151232707830076,-0.06231769528497557,-0.04402254531628119,-0.17285970637383774,-0.7060812450686401,0.49933057740314,-0.44044906750083573,1.2865145015912978,-0.36574845156823477,-0.3758727885879516,-0.3415123270783008,3.4986265269937014
0.48048096061139967,0.6594274524953383,-0.9649935573429145,-1.333592623779398,-0.7986278892700956,-1.3735445894188265,-2.4320465406367937,-1.0082631430301323,2.2829030097311263,-0.07326830956410954,-0.7433387871977033,7.512951779723096,-0.2006027135712599,-0.06231769528497558,-0.2568645196271742,-0.18439088914585774,-0.34151232707830076,-0.06231769528497557,-0.04402254531628119,-0.17285970637383774,-0.7060812450686401,-0.4087088075763956,-0.44044906750083573,-0.4744665250703386,-0.36574845156823477,2.3263187100867038,-0.3415123270783008,2.642622395779755
1.046494846118932,1.0127065990968325,0.123895348821247,-0.2784617586811388,0.7739339931040712,-0.2798245285525058,0.3160874063445209,-0.048797910103499445,-0.4559671020885101,-0.07326830956410954,-0.7433387871977033,-0.13310347641241707,-0.2006027135712599,-0.06231769528497558,-0.2568645196271742,-0.18439088914585774,-0.34151232707830076,-0.06231769528497557,-0.04402254531628119,-0.17285970637383774,1.4162676136551213,-0.4087088075763956,-0.44044906750083573,-0.4744665250703386,-0.36574845156823477,-0.3758727885879516,-0.3415123270783008,2.199444334074532
-0.8438399577558429,-0.24400101447758565,0.2948740133820477,-0.032021206861870766,0.8728842089353355,0.18322485864290627,0.35148450592942515,-0.464968622159341,-0.15128761314406597,-0.07326830956410954,-0.7433387871977033,-0.13310347641241707,-0.2006027135712599,-0.06231769528497558,-0.2568645196271742,-0.18439088914585774,-0.34151232707830076,-0.06231769528497557,-0.04402254531628119,-0.17285970637383774,1.4162676136551213,-0.4087088075763956,-0.44044906750083573,-0.4744665250703386,-0.36574845156823477,-0.3758727885879516,-0.3415123270783008,2.578700529074361
-0.2895238339690686,0.4217496676384988,0.29352782483738526,0.16923174919241665,0.599056904795892,-0.09656545387993576,-0.22381621544248245,-1.004585829755674,-0.6041548496258153,-0.07326830956410954,-0.7433387871977033,-0.13310347641241707,-0.2006027135712599,-0.06231769528497558,-0.2568645196271742,-0.18439088914585774,-0.34151232707830076,-0.06231769528497557,-0.04402254531628119,-0.17285970637383774,1.4162676136551213,-0.4087088075763956,2.2704100741412128,-0.4744665250703386,-0.36574845156823477,-0.3758727885879516,-0.3415123270783008,2.329227023940467
-0.34977348312647943,-0.24400101447758565,0.29419949466536743,-0.09369722255799878,0.7787188274160325,0.25843647078953624,0.2765793975666336,-0.45016397197634067,0.39183236890217354,-0.07326830956410954,-0.7433387871977033,-0.13310347641241707,-0.2006027135712599,-0.06231769528497558,-0.2568645196271742,-0.18439088914585774,-0.34151232707830076,-0.06231769528497557,-0.04402254531628119,-0.17285970637383774,1.4162676136551213,-0.4087088075763956,-0.44044906750083573,-0.4744665250703386,-0.36574845156823477,-0.3758727885879516,-0.3415123270783008,3.6975913947159578
0.5696854185854444,0.5698604338121686,0.33642731450155444,0.15984586414139784,0.5102768735028168,-0.09257022626931626,1.06177876007948,-1.0613694230737662,-0.013329354324426784,-0.07326830956410954,-0.7433387871977033,-0.13310347641241707,-0.2006027135712599,-0.06231769528497558,-0.2568645196271742,-0.18439088914585774,-0.34151232707830076,-0.06231769528497557,-0.04402254531628119,-0.17285970637383774,1.4162676136551213,-0.4087088075763956,2.2704100741412128,-0.4744665250703386,-0.36574845156823477,-0.3758727885879516,-0.3415123270783008,4.012592060349841
-0.2895238339690686,-0.24400101447758565,0.19136232567978306,-1.1732892594893043,-1.8849504297548811,-0.2681988757417436,-0.3256621304198571,-1.0605164888682204,0.49298233125305885,-0.07326830956410954,-0.7433387871977033,-0.13310347641241707,-0.2006027135712599,-0.06231769528497558,-0.2568645196271742,-0.18439088914585774,2.9281519895787635,-0.06231769528497557,-0.04402254531628119,-0.17285970637383774,-0.7060812450686401,-0.4087088075763956,2.2704100741412128,-0.4744665250703386,-0.36574845156823477,-0.3758727885879516,-0.3415123270783008,2.93651291389402
0.7186166030045861,1.0440071585471784,0.1765483265436895,0.9282479409142164,0.4903591122997709,-0.2678066953084244,-0.03903518170379244,0.4052882568759135,-0.9460045000133468,-0.07326830956410954,0.47346847448206053,-0.13310347641241707,-0.2006027135712599,-0.06231769528497558,-0.2568645196271742,-0.18439088914585774,-0.34151232707830076,-0.06231769528497557,-0.04402254531628119,-0.17285970637383774,0.1798105210829114,-0.4087088075763956,-0.44044906750083573,-0.4744665250703386,2.734119572378935,-0.3758727885879516,-0.3415123270783008,3.4397768636296306
1.0565787805825462,1.0221919134895732,-1.1485030744042337,-1.3066505763138834,-0.7845352645904321,-0.9486920752601805,-2.3961740312497763,0.48016438138259787,2.2869483511364037,-0.07326830956410954,-0.7433387871977033,7.512951779723096,-0.2006027135712599,-0.06231769528497558,-0.2568645196271742,-0.18439088914585774,-0.34151232707830076,-0.06231769528497557,-0.04402254531628119,-0.17285970637383774,-0.7060812450686401,0.22550639915000104,-0.44044906750083573,-0.4744665250703386,-0.36574845156823477,-0.3758727885879516,2.2019340072317872,3.4986265269937014
-1.3280843393136688,0.3747528308962196,0.06151207150884241,0.210333658175233,0.5965856208280333,-0.4648793177975021,0.4051990422718108,-0.19918952912662677,-1.0154657971909247,-0.07326830956410954,-0.7433387871977033,-0.13310347641241707,-0.2006027135712599,-0.06231769528497558,-0.2568645196271742,-0.18439088914585774,-0.34151232707830076,-0.06231769528497557,-0.04402254531628119,-0.17285970637383774,1.4162676136551213,2.446729753464098,-0.44044906750083573,-0.4744665250703386,-0.36574845156823477,-0.3758727885879516,-0.3415123270783008,3.295836866004329
1.4353678509538006,0.03077095788556461,-0.6732043748276861,-0.3835565621187469,0.6342401067800935,-1.0334721617537383,0.6592028686898499,-0.3220321094497318,-0.5126497543762636,-0.07326830956410954,-0.7433387871977033,-0.13310347641241707,-0.2006027135712599,-0.06231769528497558,-0.2568645196271742,-0.18439088914585774,-0.34151232707830076,-0.06231769528497557,-0.04402254531628119,-0.17285970637383774,1.4162676136551213,-0.4087088075763956,-0.44044906750083573,-0.4744665250703386,-0.36574845156823477,2.660474581724095,-0.3415123270783008,3.492256112609122
1.3915290596568402,1.2443311089307787,-0.22623380906253934,-0.9637887762601614,-1.816245483971987,0.16080566972062837,-1.25212220960391,-0.3454087370851829,1.1106220411150174,-0.07326830956410954,-0.7433387871977033,-0.13310347641241707,-0.2006027135712599,-0.06231769528497558,-0.2568645196271742,-0.18439088914585774,2.741485885634141,-0.06231769528497557,-0.04402254531628119,-0.17285970637383774,-0.7060812450686401,-0.4087088075763956,-0.44044906750083573,2.1076302482071885,-0.36574845156823477,-0.3758727885879516,-0.3415123270783008,2.642622395779755
-0.3158190453303701,0.2820837982142281,0.0911797000657397,0.6880099388932301,0.2862581289749768,-0.40434704160139323,0.0847745824290495,0.5288181872349701,-0.8529541778861526,-0.07326830956410954,1.3452816094393218,-0.13310347641241707,-0.2006027135712599,-0.06231769528497558,-0.2568645196271742,-0.18439088914585774,-0.34151232707830076,-0.06231769528497557,-0.04402254531628119,-0.17285970637383774,-0.7060812450686401,-0.4087088075763956,-0.44044906750083573,2.1076302482071885,-0.36574845156823477,-0.3758727885879516,-0.3415123270783008,3.492256112609122
-1.3791833931840078,-1.449500224285896,0.856969396512206,0.3627683143224611,0.3718585865853123,1.1023398073689648,1.2438055323245893,-1.144462780935335,0.2695085344465426,-0.07326830956410954,1.3452816094393218,-0.13310347641241707,-0.2006027135712599,-0.06231769528497558,-0.2568645196271742,-0.18439088914585774,-0.34151232707830076,-0.06231769528497557,-0.04402254531628119,-0.17285970637383774,-0.7060812450686401,-0.4087088075763956,-0.44044906750083573,-0.4744665250703386,-0.36574845156823477,1.0852460416510736,-0.3415123270783008,3.726656818447966
-0.8977929947770813,0.08645759335582937,-0.06250140475831883,2.799547181623527,1.2402240082051712,-0.3560132004779572,-0.27414868539223736,0.5860784817100986,-0.3162668594121768,-0.07326830956410954,-0.7433387871977033,-0.13310347641241707,-0.2006027135712599,-0.06231769528497558,-0.2568645196271742,-0.18439088914585774,-0.34151232707830076,-0.06231769528497557,-0.04402254531628119,-0.17285970637383774,1.4162676136551213,-0.4087088075763956,-0.44044906750083573,-0.4744665250703386,-0.36574845156823477,-0.3758727885879516,-0.3415123270783008,3.2422016501716975
-0.5648254334679832,-0.24400101447758565,0.17157705821369085,0.0774339996208547,0.7852135871003307,0.25869197099113617,0.4390927012265825,0.3001975867743294,0.6707474674175232,-0.07326830956410954,-0.7433387871977033,-0.13310347641241707,-0.2006027135712599,-0.06231769528497558,-0.2568645196271742,-0.18439088914585774,-0.34151232707830076,-0.06231769528497557,-0.04402254531628119,-0.17285970637383774,1.4162676136551213,-0.4087088075763956,-0.44044906750083573,2.1076302482071885,-0.36574845156823477,-0.3758727885879516,-0.3415123270783008,3.6336309798834576
1.4409249771524177,1.3837218821019228,0.5713589226118652,0.3721055628083387,0.16146664103515862,1.2798979289650902,0.30702071563281913,-0.587838359426553,0.4646054882476228,-0.07326830956410954,1.3452816094393218,-0.13310347641241707,-0.2006027135712599,-0.06231769528497558,-0.2568645196271742,-0.18439088914585774,-0.34151232707830076,-0.06231769528497557,-0.04402254531628119,-0.17285970637383774,-0.7060812450686401,-0.4087088075763956,-0.44044906750083573,-0.4016051319155194,-0.36574845156823477,-0.3758727885879516,-0.3415123270783008,4.08260930600368
1.408433460241508,1.2920337853250887,0.1342391635018941,0.4177327158008579,0.1284655055492423,0.3605164755176282,0.0843423851622479,-0.22013820972191372,1.0713267842844947,-0.07326830956410954,1.2668482637065208,-0.13310347641241707,-0.2006027135712599,-0.06231769528497558,-0.2568645196271742,-0.18439088914585774,-0.34151232707830076,-0.06231769528497557,-0.04402254531628119,-0.17285970637383774,-0.7060812450686401,-0.4087088075763956,-0.44044906750083573,2.1076302482071885,-0.36574845156823477,-0.3758727885879516,-0.3415123270783008,4.648133885420207
-0.2895238339690686,-0.8529465588331897,-0.07529328269791188,-1.046208865364733,-1.23127857463812,-0.5136506807945955,-0.2661265990112419,-0.0622654396532851,0.3137000757347419,-0.07326830956410954,-0.7433387871977033,-0.13310347641241707,-0.2006027135712599,-0.06231769528497558,-0.2568645196271742,-0.18439088914585774,-0.34151232707830076,11.990814253222183,-0.04402254531628119,-0.17285970637383774,-0.17171137687683002,-0.4087088075763956,-0.44044906750083573,-0.4744665250703386,-0.36574845156823477,-0.3758727885879516,-0.3415123270783008,2.5006159434931803
-1.1571288993834763,0.16516904464667537,0.24725849197031308,0.19180248198080685,0.7729196091308009,0.15790258742142257,0.918916756099229,-0.20643534007342246,0.1263018121405337,-0.07326830956410954,-0.7433387871977033,-0.13310347641241707,-0.2006027135712599,-0.06231769528497558,-0.2568645196271742,-0.18439088914585774,-0.34151232707830076,-0.06231769528497557,-0.04402254531628119,-0.17285970637383774,1.4162676136551213,-0.4087088075763956,-0.44044906750083573,2.1076302482071885,-0.36574845156823477,-0.3758727885879516,-0.3415123270783008,2.1234584270966104
-0.029196577211732966,0.5698604338121686,-0.7453079130570014,-1.4576530818867142,-1.9488519197908383,-0.9678046798159614,-1.3958177003167,0.9388462857651245,-0.9363667117757775,-0.07326830956410954,-0.7433387871977033,-0.13310347641241707,3.4247488425529706,-0.06231769528497558,-0.2568645196271742,-0.18439088914585774,0.6422587461856799,-0.06231769528497557,-0.04402254531628119,-0.17285970637383774,-0.7060812450686401,-0.4087088075763956,-0.44044906750083573,2.1076302482071885,-0.36574845156823477,-0.3758727885879516,-0.3415123270783008,2.128231705849268
1.1944740297250451,-1.0578624627673399,0.5075393667097503,-0.298821028133889,0.6668375029774893,1.2987728563942007,0.531979642117196,-0.9820752545017214,0.8589950551390311,-0.07326830956410954,-0.7433387871977033,-0.13310347641241707,-0.2006027135712599,-0.06231769528497558,-0.2568645196271742,-0.18439088914585774,-0.34151232707830076,-0.06231769528497557,-0.04402254531628119,-0.17285970637383774,1.4162676136551213,-0.4087088075763956,-0.44044906750083573,-0.4744665250703386,2.734119572378935,-0.3758727885879516,-0.3415123270783008,3.389799336709786
0.5118695973961224,-0.24400101447758565,0.7320851389415298,1.7885879399025124,0.6266636677736033,0.6182203078797961,0.7450953072154741,-0.5949085981672705,-0.5311971032765825,-0.07326830956410954,1.3452816094393218,-0.13310347641241707,-0.2006027135712599,-0.06231769528497558,-0.2568645196271742,-0.18439088914585774,-0.34151232707830076,-0.06231769528497557,-0.04402254531628119,-0.17285970637383774,-0.7060812450686401,-0.4087088075763956,-0.44044906750083573,-0.37922085733014144,-0.36574845156823477,-0.3758727885879516,-0.3415123270783008,2.329227023940467
-1.5873604423101833,0.07375952213351034,0.11261716932921946,0.278537581762429,0.8557345786103165,-0.3769169247495154,0.3953970483998068,-0.4021150718069013,-1.0154657971909247,-0.07326830956410954,-0.7433387871977033,-0.13310347641241707,-0.2006027135712599,-0.06231769528497558,-0.2568645196271742,-0.18439088914585774,-0.34151232707830076,-0.06231769528497557,-0.04402254531628119,-0.17285970637383774,1.4162676136551213,2.446729753464098,-0.44044906750083573,-0.4744665250703386,-0.36574845156823477,-0.3758727885879516,-0.3415123270783008,2.5726122302071057
-0.2895238339690686,-0.24400101447758565,0.41856074036658025,0.40470998756129345,0.6328560412531722,-0.1586662264372716,0.17702200178962146,0.31625814858721757,-0.5072615309420849,-0.07326830956410954,-0.7433387871977033,-0.13310347641241707,-0.2006027135712599,-0.06231769528497558,-0.2568645196271742,-0.18439088914585774,-0.34151232707830076,-0.06231769528497557,-0.04402254531628119,-0.17285970637383774,1.4162676136551213,-0.4087088075763956,-0.44044906750083573,2.1076302482071885,-0.36574845156823477,-0.3758727885879516,-0.3415123270783008,3.607669398688393
-1.542819770360902,-1.7879307689601653,0.06443046046073211,0.2911276348154647,0.5837154464800577,-0.44382752521417096,-0.05885429257537903,-0.20305298276712047,-0.8975482392248183,-0.07326830956410954,-0.7433387871977033,-0.13310347641241707,-0.2006027135712599,-0.06231769528497558,-0.2568645196271742,-0.18439088914585774,-0.34151232707830076,-0.06231769528497557,-0.04402254531628119,-0.17285970637383774,1.4162676136551213,-0.4087088075763956,-0.44044906750083573,-0.4744665250703386,-0.36574845156823477,2.660474581724095,-0.3415123270783008,2.081938421878423
-0.5306155553497935,-0.6975602443664413,0.16638220777320473,0.19704965928522583,0.8621833883531862,-0.10840651967910173,-0.2555861737983644,-0.11624377119222708,-1.0777359805205915,-0.07326830956410954,-0.7433387871977033,-0.13310347641241707,-0.2006027135712599,-0.06231769528497558,-0.2568645196271742,-0.18439088914585774,-0.34151232707830076,-0.06231769528497557,-0.04402254531628119,-0.17285970637383774,1.4162676136551213,-0.4087088075763956,2.2704100741412128,-0.4744665250703386,-0.36574845156823477,-0.3758727885879516,-0.3415123270783008,5.307970623576175
1.2821837885841307,1.2344041642924095,0.31379760094125203,0.6359517790247301,0.425512347269005,1.2272562400941909,0.19765841578635757,0.914282558452581,0.42838485783432456,-0.07326830956410954,1.3452816094393218,-0.13310347641241707,-0.2006027135712599,-0.06231769528497558,-0.2568645196271742,-0.18439088914585774,-0.34151232707830076,-0.06231769528497557,-0.04402254531628119,-0.17285970637383774,-0.7060812450686401,-0.4087088075763956,-0.44044906750083573,-0.4744665250703386,-0.36574845156823477,2.660474581724095,-0.3415123270783008,3.6975913947159578
-0.2895238339690686,-0.24400101447758565,-0.9510244612916703,-1.3358285946095774,-0.799915689448286,-1.4097850973125217,-2.463222062533732,-1.4285766979160186,2.504246502511703,-0.07326830956410954,-0.7433387871977033,7.512951779723096,-0.2006027135712599,-0.06231769528497558,-0.2568645196271742,-0.18439088914585774,-0.34151232707830076,-0.06231769528497557,-0.04402254531628119,-0.17285970637383774,-0.7060812450686401,2.446729753464098,-0.44044906750083573,-0.4744665250703386,-0.36574845156823477,-0.3758727885879516,-0.3415123270783008,3.966132331075178
-1.0920649497428474,0.45193608336224705,0.06443046046073211,0.2911276348154647,0.5837154464800577,-0.44382752521417096,-0.3146487022464891,0.2205559197588146,-0.2536080967441026,-0.07326830956410954,-0.7433387871977033,-0.13310347641241707,-0.2006027135712599,-0.06231769528497558,-0.2568645196271742,-0.18439088914585774,-0.34151232707830076,-0.06231769528497557,-0.04402254531628119,-0.17285970637383774,1.4162676136551213,-0.4087088075763956,-0.44044906750083573,-0.4744665250703386,-0.36574845156823477,2.660474581724095,-0.3415123270783008,4.566221435849517
-0.9521307319683543,0.1715137014632533,0.5177585505287694,0.6005775228329081,0.7289785578636108,-0.20233813218958338,1.1226521988199614,-0.7002203183346569,-0.020440354241309133,-0.07326830956410954,-0.7433387871977033,-0.13310347641241707,-0.2006027135712599,-0.06231769528497558,-0.2568645196271742,-0.18439088914585774,-0.34151232707830076,-0.06231769528497557,-0.04402254531628119,-0.17285970637383774,1.4162676136551213,-0.4087088075763956,-0.44044906750083573,2.1076302482071885,-0.36574845156823477,-0.3758727885879516,-0.3415123270783008,2.93651291389402
0.995897197059824,-0.24400101447758565,-1.0766553160644443,-1.5853578552243652,-1.9782006948285047,-1.0735508532977014,-1.963308852603874,1.6165854738998275,1.2887692969608668,-0.07326830956410954,-0.7433387871977033,-0.13310347641241707,4.984977432245808,-0.06231769528497558,-0.2568645196271742,-0.18439088914585774,-0.34151232707830076,-0.06231769528497557,-0.04402254531628119,-0.17285970637383774,-0.7060812450686401,2.405755506798087,-0.44044906750083573,-0.4744665250703386,-0.36574845156823477,-0.3758727885879516,-0.3415123270783008,4.27332721775054
0.5757005715916745,-0.6638635550903011,0.02492749704765674,-1.4176097727577228,-2.0509401205861453,0.44869929477871395,-0.948773236922897,-0.38063808140266675,2.222713892181611,-0.07326830956410954,-0.7433387871977033,-0.13310347641241707,-0.2006027135712599,-0.06231769528497558,-0.2568645196271742,-0.18439088914585774,0.4499271568415894,-0.06231769528497557,-0.04402254531628119,-0.17285970637383774,-0.7060812450686401,-0.4087088075763956,-0.44044906750083573,2.1076302482071885,-0.36574845156823477,-0.3758727885879516,-0.3415123270783008,2.9601050959108397
-0.2895238339690686,0.28967146198437255,-0.9926409077984653,-1.3291672358427997,-0.7960791013805616,-1.3018181141516674,-2.5988665626039857,-0.6643089244955016,1.8448244759798185,-0.07326830956410954,-0.7433387871977033,7.512951779723096,-0.2006027135712599,-0.06231769528497558,-0.2568645196271742,-0.18439088914585774,-0.34151232707830076,-0.06231769528497557,-0.04402254531628119,-0.17285970637383774,-0.7060812450686401,1.5105329527324107,-0.44044906750083573,-0.4744665250703386,-0.36574845156823477,-0.3758727885879516,-0.3415123270783008,3.2280337626529665
1.2346724505278661,1.189713276989484,-0.2092519929478646,-0.9820837881517372,-1.8163944611226563,0.0013663105096128336,-1.236789751681035,-0.10505023523510715,0.7028036410109286,-0.07326830956410954,-0.7433387871977033,-0.13310347641241707,-0.2006027135712599,-0.06231769528497558,-0.2568645196271742,-0.18439088914585774,2.9281519895787635,-0.06231769528497557,-0.04402254531628119,-0.17285970637383774,-0.7060812450686401,-0.4087088075763956,-0.44044906750083573,2.1076302482071885,-0.36574845156823477,-0.3758727885879516,-0.3415123270783008,6.616439947564594
0.7813103743314135,-1.0578624627673399,0.4296086839304708,-0.014477423146859875,0.8562461095332238,0.20850787260538223,0.17801619122159426,-0.7477328104717197,1.472598518626923,-0.07326830956410954,-0.7433387871977033,-0.13310347641241707,-0.2006027135712599,-0.06231769528497558,-0.2568645196271742,-0.18439088914585774,-0.34151232707830076,-0.06231769528497557,-0.04402254531628119,-0.17285970637383774,1.4162676136551213,-0.4087088075763956,-0.44044906750083573,-0.4744665250703386,2.734119572378935,-0.3758727885879516,-0.3415123270783008,2.329227023940467
-0.17194690986235261,0.3486661976719389,0.44838610126300227,0.21459228728421556,0.34788278956083546,0.20025012112670065,0.6984845056589183,-0.9497934809442031,0.4760584843235678,-0.07326830956410954,-0.7433387871977033,-0.13310347641241707,-0.2006027135712599,-0.06231769528497558,0.8710287721892236,-0.18439088914585774,-0.34151232707830076,-0.06231769528497557,-0.04402254531628119,-0.17285970637383774,0.839447891311725,-0.4087088075763956,-0.44044906750083573,-0.4744665250703386,-0.36574845156823477,-0.3758727885879516,2.9281519895787644,2.5006159434931803
0.2574856292093907,0.5698604338121686,0.18739444872590183,-0.10495903279689123,0.6888503525229692,-0.12032907491286776,-0.303079013245307,-0.32999235998953536,0.12312781243731036,-0.07326830956410954,-0.7433387871977033,-0.13310347641241707,-0.2006027135712599,-0.06231769528497558,-0.2568645196271742,-0.18439088914585774,-0.34151232707830076,-0.06231769528497557,-0.04402254531628119,-0.17285970637383774,1.4162676136551213,-0.4087088075763956,2.2704100741412128,-0.4744665250703386,-0.36574845156823477,-0.3758727885879516,-0.3415123270783008,3.6560979645895566
0.5058210889129848,0.055251094763221986,0.43562958419982745,-0.13104908657912318,0.015670962791033416,0.4266170431854177,1.396161472801313,-1.1353539133916875,0.2695085344465426,-0.07326830956410954,-0.7433387871977033,-0.13310347641241707,-0.2006027135712599,-0.06231769528497558,-0.2568645196271742,1.877510178349373,-0.34151232707830076,-0.06231769528497557,-0.04402254531628119,-0.17285970637383774,0.6358923128560233,-0.4087088075763956,-0.44044906750083573,-0.4744665250703386,-0.36574845156823477,-0.3758727885879516,2.9281519895787644,3.487986511734546
0.4601674069738815,0.787209801391316,-0.0014567828986565175,-0.9847353281836378,-1.817692650100392,-0.4532415864078911,-0.8806163090272814,1.119266046081767,-0.009833711561602487,-0.07326830956410954,-0.7433387871977033,-0.13310347641241707,-0.2006027135712599,-0.06231769528497558,-0.2568645196271742,-0.18439088914585774,2.9281519895787635,-0.06231769528497557,-0.04402254531628119,-0.17285970637383774,-0.7060812450686401,-0.4087088075763956,1.2769607404171786,0.4717952262760372,-0.36574845156823477,-0.3758727885879516,-0.3415123270783008,2.7523860149222616
0.3129647755574293,0.19204534586048277,0.17325986798326506,-0.015148921535105664,0.6795831841727685,-0.26659098399072484,0.2205179933509852,-0.2719346021522888,0.11984403084279519,-0.07326830956410954,-0.7433387871977033,-0.13310347641241707,-0.2006027135712599,-0.06231769528497558,-0.2568645196271742,-0.18439088914585774,-0.34151232707830076,-0.06231769528497557,-0.04402254531628119,-0.17285970637383774,1.4162676136551213,-0.4087088075763956,-0.44044906750083573,-0.4744665250703386,-0.36574845156823477,-0.3758727885879516,2.9281519895787644,3.6975913947159578
-1.1938086958415826,-0.17051765145535602,-4.473575986722216,-0.5476825448499919,0.4812813199584527,-1.682054163212787,0.6147843170189151,-0.3635847245198549,-0.30392840041207914,-0.07326830956410954,-0.7433387871977033,-0.13310347641241707,-0.2006027135712599,-0.06231769528497558,-0.2568645196271742,-0.18439088914585774,-0.34151232707830076,-0.06231769528497557,-0.04402254531628119,-0.17285970637383774,1.4162676136551213,2.446729753464098,-0.44044906750083573,-0.4744665250703386,-0.36574845156823477,-0.3758727885879516,-0.3415123270783008,2.21046980408624
-0.5083855862227309,-0.3780419639470367,-0.011302756530174762,-0.43282358143343136,0.3356011256088225,0.5546713471892138,0.09902055746817195,0.4348296277102268,1.1403803436135131,-0.07326830956410954,-0.7433387871977033,-0.13310347641241707,-0.2006027135712599,-0.06231769528497558,-0.2568645196271742,-0.18439088914585774,-0.34151232707830076,-0.06231769528497557,-0.04402254531628119,-0.17285970637383774,1.066722053134289,-0.4087088075763956,-0.44044906750083573,2.1076302482071885,-0.36574845156823477,-0.3758727885879516,-0.3415123270783008,2.528125768907977
-0.5670705749999753,-0.7661420709983424,0.17631438704265515,0.1948766196136832,0.8416288504495167,-0.1074815362547867,-0.2475967055403165,-0.10332068628013845,-1.0871517362499994,-0.07326830956410954,-0.7433387871977033,-0.13310347641241707,-0.2006027135712599,-0.06231769528497558,-0.2568645196271742,-0.18439088914585774,-0.34151232707830076,-0.06231769528497557,-0.04402254531628119,-0.17285970637383774,1.4162676136551213,-0.4087088075763956,2.2704100741412128,-0.4744665250703386,-0.36574845156823477,-0.3758727885879516,-0.3415123270783008,6.616439947564594
0.7662422234418624,-0.24400101447758565,0.15415853044374622,-0.988795999718055,0.5909141605259021,0.2761003358747752,-0.3086944526244946,-0.18516933482167333,0.12362153551841382,-0.07326830956410954,-0.7433387871977033,-0.13310347641241707,-0.2006027135712599,-0.06231769528497558,-0.2568645196271742,-0.18439088914585774,-0.34151232707830076,-0.06231769528497557,-0.04402254531628119,5.785038173311103,-0.7060812450686401,1.914137606520522,0.06517634150206658,-0.4744665250703386,-0.36574845156823477,-0.3758727885879516,-0.3415123270783008,3.4986265269937014
-0.23660436254900497,-0.24400101447758565,0.10069670766617561,0.21142084547763854,0.9981188225659159,-0.1145238074533696,-0.27749624719471006,-0.23422603319332452,-0.9630707869241688,-0.07326830956410954,-0.7433387871977033,-0.13310347641241707,-0.2006027135712599,-0.06231769528497558,-0.2568645196271742,-0.18439088914585774,-0.34151232707830076,-0.06231769528497557,-0.04402254531628119,-0.17285970637383774,1.4162676136551213,-0.4087088075763956,2.2704100741412128,-0.4744665250703386,-0.36574845156823477,-0.3758727885879516,-0.3415123270783008,5.229824370102736
-0.2895238339690686,-0.576957476239962,0.07843509939283713,-0.6561372221170241,-0.3123009131475136,-0.22330764883153953,0.13193088206339676,-0.44428951942693506,0.2872767398594177,-0.07326830956410954,-0.7433387871977033,-0.13310347641241707,-0.2006027135712599,-0.06231769528497558,-0.2568645196271742,-0.18439088914585774,-0.34151232707830076,6.5280387067424,-0.04402254531628119,-0.17285970637383774,0.5479997185348494,-0.4087088075763956,-0.44044906750083573,-0.4744665250703386,-0.36574845156823477,-0.3758727885879516,-0.3415123270783008,2.174751721484161
0.4362109799133695,0.28083485642495676,0.016470682694015908,-1.0366316216965537,-1.835937074140559,-0.25332391151661765,-0.8634335697231335,0.29477837116217087,-1.1833222856046144,-0.07326830956410954,-0.7433387871977033,-0.13310347641241707,-0.2006027135712599,-0.06231769528497558,-0.2568645196271742,-0.18439088914585774,2.9281519895787635,-0.06231769528497557,-0.04402254531628119,-0.17285970637383774,-0.7060812450686401,-0.4087088075763956,2.2704100741412128,-0.4744665250703386,-0.36574845156823477,-0.3758727885879516,-0.3415123270783008,6.616439947564594
-0.7149599395376164,-0.24400101447758565,-0.020520163660132637,-0.21439303879754887,0.812675004651026,0.5115693416621684,0.28433973129347,0.662185586507201,0.734328389870533,-0.07326830956410954,-0.7433387871977033,-0.13310347641241707,-0.2006027135712599,-0.06231769528497558,-0.2568645196271742,-0.18439088914585774,-0.34151232707830076,-0.06231769528497557,-0.04402254531628119,-0.17285970637383774,1.4162676136551213,-0.4087088075763956,-0.44044906750083573,2.1076302482071885,-0.36574845156823477,-0.3758727885879516,-0.3415123270783008,5.307970623576175
-0.47967191241323737,-0.660773812564168,0.16438192519657557,0.1268313219204717,0.9566735992234425,-0.4802092141730289,0.5656586786993202,-0.6011830564860826,-1.0154657971909247,-0.07326830956410954,-0.7433387871977033,-0.13310347641241707,-0.2006027135712599,-0.06231769528497558,-0.2568645196271742,-0.18439088914585774,-0.34151232707830076,-0.06231769528497557,-0.04402254531628119,-0.17285970637383774,1.4162676136551213,2.446729753464098,-0.44044906750083573,-0.4744665250703386,-0.36574845156823477,-0.3758727885879516,-0.3415123270783008,3.4442568711226023
0.5757005715916745,0.5698604338121686,0.11472275538173787,-1.312792817163377,-1.9858327529547242,0.08437192809275224,-1.0259531803385047,-0.9771524065004242,-0.1826916375240002,-0.07326830956410954,-0.7433387871977033,-0.13310347641241707,-0.2006027135712599,-0.06231769528497558,-0.2568645196271742,-0.18439088914585774,2.9281519895787635,-0.06231769528497557,-0.04402254531628119,-0.17285970637383774,-0.7060812450686401,-0.4087088075763956,-0.44044906750083573,-0.4744665250703386,2.0320125612837208,-0.3758727885879516,-0.3415123270783008,3.487986511734546
0.2686954100969136,-0.24400101447758565,0.08607134409731687,-1.1117813427600596,-1.862561809214103,-0.2540350225097474,-0.7371664346502254,-0.46686040859308686,-0.9488097994374851,-0.07326830956410954,-0.7433387871977033,-0.13310347641241707,-0.2006027135712599,-0.06231769528497558,-0.2568645196271742,-0.18439088914585774,2.9281519895787635,-0.06231769528497557,-0.04402254531628119,-0.17285970637383774,-0.7060812450686401,-0.4087088075763956,2.2704100741412128,-0.4744665250703386,-0.36574845156823477,-0.3758727885879516,-0.3415123270783008,2.329227023940467
-1.0038821496442185,-1.729813796613979,-0.25442624430986416,0.48267469270499064,-0.8806553894005236,-0.18532525074244705,-0.5645079663347744,1.7656670384532243,-0.19434118044277926,-0.07326830956410954,-0.7433387871977033,-0.13310347641241707,-0.2006027135712599,-0.06231769528497558,3.8931028755993595,-0.18439088914585774,-0.34151232707830076,-0.06231769528497557,-0.04402254531628119,-0.17285970637383774,-0.7060812450686401,-0.4087088075763956,-0.44044906750083573,-0.024235531368625163,-0.36574845156823477,-0.3758727885879516,-0.3415123270783008,3.6975913947159578
0.3397922447931647,-0.7470687346368545,0.1735521422131961,0.19548096508853688,0.8473452863399729,-0.10773878399587493,0.27425001793193965,-0.657912558525212,-0.1966958560854568,-0.07326830956410954,-0.7433387871977033,-0.13310347641241707,-0.2006027135712599,-0.06231769528497558,-0.2568645196271742,-0.18439088914585774,-0.34151232707830076,-0.06231769528497557,-0.04402254531628119,-0.17285970637383774,1.4162676136551213,-0.4087088075763956,2.2704100741412128,-0.4744665250703386,-0.36574845156823477,-0.3758727885879516,-0.3415123270783008,3.8649313978942956
-1.5873604423101833,-0.927476943922109,0.06443046046073211,0.2911276348154647,0.5837154464800577,-0.44382752521417096,0.17129624243826966,-0.42911824373779744,-1.0154657971909247,-0.07326830956410954,-0.7433387871977033,-0.13310347641241707,-0.2006027135712599,-0.06231769528497558,-0.2568645196271742,-0.18439088914585774,-0.34151232707830076,-0.06231769528497557,-0.04402254531628119,-0.17285970637383774,1.4162676136551213,-0.4087088075763956,-0.44044906750083573,-0.4744665250703386,-0.36574845156823477,2.660474581724095,-0.3415123270783008,2.329227023940467
1.8461658009902489,1.3837218821019228,0.16290365566581877,2.0956961969007573,0.802375499853601,-0.5905575768586246,0.23078246362702498,0.860533902522082,-0.7361235511827796,-0.07326830956410954,1.3452816094393218,-0.13310347641241707,-0.2006027135712599,-0.06231769528497558,-0.2568645196271742,-0.18439088914585774,-0.34151232707830076,-0.06231769528497557,-0.04402254531628119,-0.17285970637383774,-0.7060812450686401,-0.4087088075763956,-0.44044906750083573,-0.4744665250703386,2.734119572378935,-0.3758727885879516,-0.3415123270783008,4.175924549214524
1.8140439413573546,1.3837218821019228,0.2530270989782522,2.0935084340759293,0.8000317648172866,-0.36805272540447276,0.4436261423728186,0.5796119893828086,-0.5670957497748089,-0.07326830956410954,1.3452816094393218,-0.13310347641241707,-0.2006027135712599,-0.06231769528497558,-0.2568645196271742,-0.18439088914585774,-0.34151232707830076,-0.06231769528497557,-0.04402254531628119,-0.17285970637383774,-0.7060812450686401,-0.4087088075763956,-0.44044906750083573,-0.4744665250703386,2.734119572378935,-0.3758727885879516,-0.3415123270783008,3.311637304949512
1.4308887836664417,-0.24400101447758565,-0.7241722094975322,-0.28660870617339956,0.528677164056047,-0.9935337527848339,0.6034918061709742,-0.3619710640853406,-0.588869146808409,-0.07326830956410954,-0.7433387871977033,-0.13310347641241707,-0.2006027135712599,-0.06231769528497558,-0.2568645196271742,-0.18439088914585774,-0.34151232707830076,-0.06231769528497557,-0.04402254531628119,-0.17285970637383774,1.4162676136551213,-0.4087088075763956,-0.44044906750083573,-0.4744665250703386,-0.36574845156823477,2.660474581724095,-0.3415123270783008,2.9601050959108397
-1.1547482395298116,-0.15164929013818165,0.542064562290365,-0.13570536186570964,-0.003501536170278822,1.1981755335313524,1.5283827293833652,-0.7259562560289212,0.07892054363863504,-0.07326830956410954,1.3452816094393218,-0.13310347641241707,-0.2006027135712599,-0.06231769528497558,-0.2568645196271742,-0.18439088914585774,-0.34151232707830076,-0.06231769528497557,-0.04402254531628119,-0.17285970637383774,-0.7060812450686401,2.1227130852566725,-0.44044906750083573,-0.4744665250703386,-0.36574845156823477,-0.3758727885879516,-0.3415123270783008,2.833213344056216
0.5105436522318136,0.6311493947054385,-0.9605832407864702,-1.334298563457663,-0.7990344729478389,-1.3849864258405384,-2.414676784801771,-1.0828624448978041,2.3527854750882495,-0.07326830956410954,-0.7433387871977033,7.512951779723096,-0.2006027135712599,-0.06231769528497558,-0.2568645196271742,-0.18439088914585774,-0.34151232707830076,-0.06231769528497557,-0.04402254531628119,-0.17285970637383774,-0.7060812450686401,-0.4087088075763956,-0.44044906750083573,-0.4744665250703386,-0.36574845156823477,2.431818247616494,-0.3415123270783008,3.607669398688393
0.8491192967870904,-0.1441722429720731,-0.03648947330645452,-0.340554975500119,0.7397601096943583,-0.5386709607774247,-0.41328833917697416,0.5390032057759213,0.23524423392317448,-0.07326830956410954,-0.7433387871977033,-0.13310347641241707,-0.2006027135712599,-0.06231769528497558,-0.2568645196271742,-0.18439088914585774,-0.34151232707830076,-0.06231769528497557,-0.04402254531628119,-0.17285970637383774,1.4162676136551213,-0.4087088075763956,-0.44044906750083573,-0.4744665250703386,-0.36574845156823477,-0.3758727885879516,2.9281519895787644,2.469793011977952
0.6735466871082221,0.35993168710569545,0.1399121640856757,-0.9941540301798918,0.5882627347741636,0.20710863488119102,-0.3785381671922555,-0.31831638639286225,-0.13953090008650954,-0.07326830956410954,-0.7433387871977033,-0.13310347641241707,-0.2006027135712599,-0.06231769528497558,-0.2568645196271742,-0.18439088914585774,-0.34151232707830076,-0.06231769528497557,-0.04402254531628119,5.785038173311103,-0.7060812450686401,1.7101932831886915,0.25879435200082385,-0.4744665250703386,-0.36574845156823477,-0.3758727885879516,-0.3415123270783008,2.057962510002712
-0.2721779345760722,0.3094507389949053,0.08691148359482764,0.6665418702144592,0.2874928533140575,-0.4091454201502568,0.07115260197555257,0.5381004937927093,-0.8445003207239786,-0.07326830956410954,1.3452816094393218,-0.13310347641241707,-0.2006027135712599,-0.06231769528497558,-0.2568645196271742,-0.18439088914585774,-0.34151232707830076,-0.06231769528497557,-0.04402254531628119,-0.17285970637383774,-0.7060812450686401,-0.4087088075763956,-0.44044906750083573,2.1076302482071885,-0.36574845156823477,-0.3758727885879516,-0.3415123270783008,2.329227023940467
0.33848485182076915,0.2723488240932621,0.32648431719480003,0.10614188888986259,0.5671399908018766,-0.10059548080236677,1.0422900307838168,-1.0605164888682204,-0.10173732157079751,-0.07326830956410954,-0.7433387871977033,-0.13310347641241707,-0.2006027135712599,-0.06231769528497558,-0.2568645196271742,-0.18439088914585774,-0.34151232707830076,-0.06231769528497557,-0.04402254531628119,-0.17285970637383774,1.4162676136551213,-0.4087088075763956,2.2704100741412128,-0.4744665250703386,-0.36574845156823477,-0.3758727885879516,-0.3415123270783008,2.2235418856535927
1.2007383310609243,0.48000880886195196,0.4047243821775116,-0.3596899440694617,0.6647069056461866,0.6604918470623358,0.2547335746874065,0.13906539424660813,-0.053722967712728775,-0.07326830956410954,-0.7433387871977033,-0.13310347641241707,-0.2006027135712599,-0.06231769528497558,-0.2568645196271742,-0.18439088914585774,-0.34151232707830076,-0.06231769528497557,-0.04402254531628119,-0.17285970637383774,1.4162676136551213,-0.4087088075763956,-0.44044906750083573,-0.4744665250703386,-0.36574845156823477,-0.3758727885879516,-0.3415123270783008,3.8649313978942956
-0.23821502590385268,-0.2922639397644822,0.48026975324606835,0.37848883438447833,0.2162078844426631,-0.17414257077225148,0.43159466662464085,-0.5767959650775896,-0.6177605254567957,-0.07326830956410954,1.3452816094393218,-0.13310347641241707,-0.2006027135712599,-0.06231769528497558,-0.2568645196271742,-0.18439088914585774,-0.34151232707830076,-0.06231769528497557,-0.04402254531628119,-0.17285970637383774,-0.7060812450686401,-0.4087088075763956,-0.44044906750083573,-0.4744665250703386,2.734119572378935,-0.3758727885879516,-0.3415123270783008,5.633109621361155
-0.08026732934122136,-0.24400101447758565,0.15189248831928961,-1.1502321331029894,-1.8765577336455928,-0.2628893518389112,-0.479920431719808,-0.8379759769994475,-0.047494165885720696,-0.07326830956410954,-0.7433387871977033,-0.13310347641241707,-0.2006027135712599,-0.06231769528497558,-0.2568645196271742,-0.18439088914585774,2.9281519895787635,-0.06231769528497557,-0.04402254531628119,-0.17285970637383774,-0.7060812450686401,-0.4087088075763956,2.2704100741412128,-0.4744665250703386,-0.36574845156823477,-0.3758727885879516,-0.3415123270783008,2.0844290831908747
-0.9533612722025141,0.5698604338121686,0.06443046046073211,0.2911276348154647,0.5837154464800577,-0.44382752521417096,-0.1724786246163263,0.05360637017745542,-0.559463319659518,-0.07326830956410954,-0.7433387871977033,-0.13310347641241707,-0.2006027135712599,-0.06231769528497558,-0.2568645196271742,-0.18439088914585774,-0.34151232707830076,-0.06231769528497557,-0.04402254531628119,-0.17285970637383774,1.4162676136551213,-0.4087088075763956,-0.44044906750083573,-0.4744665250703386,-0.36574845156823477,2.660474581724095,-0.3415123270783008,4.012592060349841
-1.1547482395298116,-0.1603488823841155,0.5414830722278232,-0.14202024561484,-0.00542954396335546,1.196532857821274,1.5372274938639174,-0.7285791215853765,0.07055983531557264,-0.07326830956410954,1.3452816094393218,-0.13310347641241707,-0.2006027135712599,-0.06231769528497558,-0.2568645196271742,-0.18439088914585774,-0.34151232707830076,-0.06231769528497557,-0.04402254531628119,-0.17285970637383774,-0.7060812450686401,2.153235665256707,-0.44044906750083573,-0.4744665250703386,-0.36574845156823477,-0.3758727885879516,-0.3415123270783008,2.643333886382519
0.9652324107243255,1.1405841694402448,0.43800312940565667,1.0612642346548677,-0.4144060270303178,0.3884059365508236,1.3706383458176854,-0.9319775110808615,0.644364336821494,-0.07326830956410954,-0.7433387871977033,-0.13310347641241707,-0.2006027135712599,-0.06231769528497558,3.8931028755993595,-0.18439088914585774,-0.34151232707830076,-0.06231769528497557,-0.04402254531628119,-0.17285970637383774,-0.7060812450686401,-0.4087088075763956,-0.44044906750083573,-0.4744665250703386,-0.36574845156823477,2.660474581724095,-0.3415123270783008,2.3988039507345884
0.027925739562771,1.0851173027429444,-1.0313852101362655,-1.3229656083684682,-0.7925072940659406,-1.2013024337126534,-2.6935259115039547,0.1147335590972578,1.2309122247263438,-0.07326830956410954,-0.7433387871977033,7.512951779723096,-0.2006027135712599,-0.06231769528497558,-0.2568645196271742,-0.18439088914585774,-0.34151232707830076,-0.06231769528497557,-0.04402254531628119,-0.17285970637383774,-0.7060812450686401,-0.4087088075763956,-0.44044906750083573,-0.4744665250703386,-0.36574845156823477,0.7381586367916833,-0.3415123270783008,2.0592388343623163
0.13569529745043207,0.2939371570559003,0.37362321285365185,0.23329167160212042,0.5472441862997619,0.8242883030638125,0.06409265396380706,-0.35970061110891255,0.7637317662816976,-0.07326830956410954,-0.7433387871977033,-0.13310347641241707,-0.2006027135712599,-0.06231769528497558,-0.2568645196271742,-0.18439088914585774,-0.34151232707830076,-0.06231769528497557,-0.04402254531628119,-0.17285970637383774,1.4162676136551213,-0.4087088075763956,-0.44044906750083573,-0.4744665250703386,-0.36574845156823477,-0.3758727885879516,-0.3415123270783008,3.2422016501716975
-1.1547482395298116,-0.24400101447758565,0.337867971949395,0.7786930508534271,0.22997256904319993,0.09421320145506362,0.015545415139018748,0.6931280432374824,-0.6642894443514661,-0.07326830956410954,1.3452816094393218,-0.13310347641241707,-0.2006027135712599,-0.06231769528497558,-0.2568645196271742,-0.18439088914585774,-0.34151232707830076,-0.06231769528497557,-0.04402254531628119,-0.17285970637383774,-0.7060812450686401,-0.4087088075763956,-0.44044906750083573,2.1076302482071885,-0.36574845156823477,-0.3758727885879516,-0.3415123270783008,2.9601050959108397
0.10148090189808556,-0.020966906387336115,0.70876564143512,1.4238979175519193,0.507915062624274,0.8403554157989814,0.7698043860649394,-0.5974913082713286,-0.16050983599350588,-0.07326830956410954,1.3452816094393218,-0.13310347641241707,-0.2006027135712599,-0.06231769528497558,-0.2568645196271742,-0.18439088914585774,-0.34151232707830076,-0.06231769528497557,-0.04402254531628119,-0.17285970637383774,-0.7060812450686401,-0.4087088075763956,-0.44044906750083573,-0.4744665250703386,-0.36574845156823477,-0.3758727885879516,-0.3415123270783008,2.1377104498038118
-0.2895238339690686,0.48612244096301654,0.3009787794006501,0.03538346441046958,0.515466485922516,-0.135487393230924,-0.19257785279845396,-1.1832032252174864,-0.5126497543762636,-0.07326830956410954,-0.7433387871977033,-0.13310347641241707,-0.2006027135712599,-0.06231769528497558,-0.2568645196271742,-0.18439088914585774,-0.34151232707830076,-0.06231769528497557,-0.04402254531628119,0.4401468576960381,1.1978996912910889,-0.4087088075763956,2.2704100741412128,-0.4744665250703386,-0.36574845156823477,-0.3758727885879516,-0.3415123270783008,5.229824370102736
-1.2035960302522875,0.38606842125383545,-0.0481690739817376,2.7753707685363915,1.2264644038905466,-0.36344977253298977,-0.3526216944989162,0.7372304388221154,-0.20807428288764418,-0.07326830956410954,-0.7433387871977033,-0.13310347641241707,-0.2006027135712599,-0.06231769528497558,-0.2568645196271742,-0.18439088914585774,-0.34151232707830076,-0.06231769528497557,-0.04402254531628119,-0.17285970637383774,1.4162676136551213,-0.4087088075763956,-0.44044906750083573,-0.18291274550607062,-0.36574845156823477,-0.3758727885879516,-0.3415123270783008,3.7914360424390283
-1.1547482395298116,-0.0648502074252798,0.30495015193025554,0.9252444190279066,0.23951763785702096,0.0020077667398059607,0.809574977397314,0.01280159328094177,-0.7941015832737108,-0.07326830956410954,1.3452816094393218,-0.13310347641241707,-0.2006027135712599,-0.06231769528497558,-0.2568645196271742,-0.18439088914585774,-0.34151232707830076,-0.06231769528497557,-0.04402254531628119,-0.17285970637383774,-0.7060812450686401,-0.4087088075763956,-0.44044906750083573,2.1076302482071885,-0.36574845156823477,-0.3758727885879516,-0.3415123270783008,2.613006652415316
1.1312020209867035,0.5097119533936112,0.17322920207706002,-0.03863967009201251,0.8718206173907713,-0.6194561746865983,0.6754382934585859,-0.5917285279959809,-1.0154657971909247,-0.07326830956410954,-0.7433387871977033,-0.13310347641241707,-0.2006027135712599,-0.06231769528497558,-0.2568645196271742,-0.18439088914585774,-0.34151232707830076,-0.06231769528497557,-0.04402254531628119,-0.17285970637383774,1.4162676136551213,2.446729753464098,-0.44044906750083573,-0.4744665250703386,-0.36574845156823477,-0.3758727885879516,-0.3415123270783008,4.566221435849517
-1.478160515515069,-0.24400101447758565,0.3303244329608188,0.14366664879134647,0.9604480044077621,0.24760403136148518,0.2984367953743744,-0.2521360668601358,-0.8227342534246628,-0.07326830956410954,-0.7433387871977033,-0.13310347641241707,-0.2006027135712599,-0.06231769528497558,-0.2568645196271742,-0.18439088914585774,-0.34151232707830076,-0.06231769528497557,-0.04402254531628119,-0.17285970637383774,1.4162676136551213,-0.4087088075763956,-0.44044906750083573,-0.4744665250703386,-0.36574845156823477,-0.3758727885879516,-0.3415123270783008,3.5655812377694427
0.43585546351761506,-0.7947757040908339,0.21133003693260569,0.4227564959632087,0.35286795862707526,-0.49460104970258734,0.0910261980499101,-0.27111328243744665,-0.6300390472142178,-0.07326830956410954,1.0077005804990973,-0.13310347641241707,-0.2006027135712599,-0.06231769528497558,-0.2568645196271742,-0.18439088914585774,-0.34151232707830076,-0.06231769528497557,-0.04402254531628119,-0.17285970637383774,-0.3630487281729474,-0.4087088075763956,-0.44044906750083573,-0.4744665250703386,2.734119572378935,-0.3758727885879516,-0.3415123270783008,4.566221435849517
0.8327659905154762,-0.32656384952586637,0.11909200205034415,0.17638185913910515,0.9801896159420631,-0.11675090631132254,0.4972818413222984,-1.005396148456545,0.19016185213664194,-0.07326830956410954,-0.7433387871977033,-0.13310347641241707,-0.2006027135712599,-0.06231769528497558,-0.2568645196271742,-0.18439088914585774,-0.34151232707830076,-0.06231769528497557,-0.04402254531628119,-0.17285970637383774,1.4162676136551213,-0.4087088075763956,2.2704100741412128,-0.4744665250703386,-0.36574845156823477,-0.3758727885879516,-0.3415123270783008,2.833213344056216
1.0083127743720461,-0.7375502472571333,-0.7590591867531264,-1.17962640486029,-1.8644016624862763,-0.9606617732092664,-1.5974238035238404,0.7085816838532649,1.1057393645059475,-0.07326830956410954,-0.7433387871977033,-0.13310347641241707,1.8402909406285244,-0.06231769528497558,-0.2568645196271742,-0.18439088914585774,1.6413071298745585,-0.06231769528497557,-0.04402254531628119,-0.17285970637383774,-0.7060812450686401,2.446729753464098,-0.44044906750083573,-0.4744665250703386,-0.36574845156823477,-0.3758727885879516,-0.3415123270783008,2.800325477211381
1.4409249771524177,1.3837218821019228,0.2820279436933905,-0.4543652772265575,-0.2709158588265132,0.6318979528044469,-0.42322638347307906,-0.084100201185052,-0.007264586506360319,-0.07326830956410954,1.3452816094393218,-0.13310347641241707,-0.2006027135712599,-0.06231769528497558,-0.2568645196271742,-0.18439088914585774,-0.34151232707830076,-0.06231769528497557,-0.04402254531628119,-0.17285970637383774,-0.7060812450686401,-0.4087088075763956,2.2704100741412128,-0.4744665250703386,-0.36574845156823477,-0.3758727885879516,-0.3415123270783008,3.9193957597575593
-0.9791569288146235,0.4046928801378791,0.759781794732885,0.33566056623618273,0.14208786355765463,0.21126002112224124,0.8227938001071433,-0.9182532399209595,-0.7134473202306922,-0.07326830956410954,1.3452816094393218,-0.13310347641241707,-0.2006027135712599,-0.06231769528497558,-0.2568645196271742,-0.18439088914585774,-0.34151232707830076,-0.06231769528497557,-0.04402254531628119,-0.17285970637383774,-0.7060812450686401,-0.4087088075763956,-0.44044906750083573,-0.4744665250703386,2.734119572378935,-0.3758727885879516,-0.3415123270783008,2.214846178686039
0.288661609709165,0.8359960070206072,0.004101494075566776,-0.9929219457653,-1.8207985296665767,-0.2608115345115669,-0.7576038332475703,0.7550655665034233,-0.5926223754513655,-0.07326830956410954,-0.7433387871977033,-0.13310347641241707,-0.2006027135712599,-0.06231769528497558,-0.2568645196271742,-0.18439088914585774,2.9281519895787635,-0.06231769528497557,-0.04402254531628119,-0.17285970637383774,-0.7060812450686401,-0.4087088075763956,2.2704100741412128,-0.4744665250703386,-0.36574845156823477,-0.3758727885879516,-0.3415123270783008,3.2492110246642736
1.4365455712778774,-1.0496236068478928,0.5528316275025956,-0.46550424473679863,0.5535045153514906,1.9427789900100443,0.739976708236938,-1.1196863948328757,0.4969412910129504,-0.07326830956410954,-0.7433387871977033,-0.13310347641241707,-0.2006027135712599,-0.06231769528497558,-0.2568645196271742,-0.18439088914585774,-0.34151232707830076,-0.06231769528497557,-0.04402254531628119,-0.17285970637383774,1.4162676136551213,-0.4087088075763956,-0.44044906750083573,-0.4744665250703386,2.7184293304635143,-0.3758727885879516,-0.3415123270783008,5.285637313390662
-0.8069106127870949,-1.6099729638104967,-0.3989203063587518,0.4995922467449003,-0.881544116518564,-0.5018559380296519,-0.6912134819419136,1.9123194911346206,-0.11651425449430937,-0.07326830956410954,-0.7433387871977033,-0.13310347641241707,-0.2006027135712599,-0.06231769528497558,3.8931028755993595,-0.18439088914585774,-0.34151232707830076,-0.06231769528497557,-0.04402254531628119,-0.17285970637383774,-0.7060812450686401,0.05046870336691245,-0.44044906750083573,-0.4744665250703386,-0.36574845156823477,-0.3758727885879516,-0.3415123270783008,3.2422016501716975
0.7709238410141469,0.202592262061829,0.059782377790438386,-1.0082562694222434,-1.8261868105632568,0.07013578255551112,-1.2548548202841237,0.054962831378317145,-0.009833711561602487,-0.07326830956410954,-0.7433387871977033,-0.13310347641241707,-0.2006027135712599,-0.06231769528497558,-0.2568645196271742,-0.18439088914585774,2.9281519895787635,-0.06231769528497557,-0.04402254531628119,-0.17285970637383774,-0.7060812450686401,-0.4087088075763956,-0.44044906750083573,0.6907465012953762,-0.36574845156823477,-0.3758727885879516,-0.3415123270783008,3.6975913947159578
-0.855425933962815,-0.7455102557392919,0.9165900321827312,0.7470187495268392,0.4674027658412092,1.3414120035692843,1.902846326273832,-1.1550174204897685,-0.6195590347717992,-0.07326830956410954,1.3452816094393218,-0.13310347641241707,-0.2006027135712599,-0.06231769528497558,-0.2568645196271742,-0.18439088914585774,-0.34151232707830076,-0.06231769528497557,-0.04402254531628119,-0.17285970637383774,-0.7060812450686401,-0.4087088075763956,-0.44044906750083573,-0.4744665250703386,-0.36574845156823477,2.660474581724095,-0.3415123270783008,2.329227023940467
-0.8536166271708394,-1.021957970850628,-1.6737721313536222,-1.6471631699988674,-2.090826948589144,-1.455521902124958,-2.133242613678215,0.9665208985121393,-1.5667561745690008,-0.07326830956410954,-0.7433387871977033,-0.13310347641241707,4.984977432245808,-0.06231769528497558,-0.2568645196271742,-0.18439088914585774,-0.34151232707830076,-0.06231769528497557,-0.04402254531628119,-0.17285970637383774,-0.7060812450686401,-0.4087088075763956,1.3269260728182528,0.4242031837435709,-0.36574845156823477,-0.3758727885879516,-0.3415123270783008,2.498151876538021
-0.0954805540055374,-0.061476869473071405,0.27609492941690394,-0.11930466086805937,0.7264121717923608,0.254976962371902,-0.4391025912084129,0.25926238726204187,1.2751406200758648,-0.07326830956410954,-0.7433387871977033,-0.13310347641241707,-0.2006027135712599,-0.06231769528497558,-0.2568645196271742,-0.18439088914585774,-0.34151232707830076,-0.06231769528497557,-0.04402254531628119,-0.17285970637383774,1.4162676136551213,-0.4087088075763956,-0.44044906750083573,-0.4744665250703386,-0.36574845156823477,-0.3758727885879516,-0.3415123270783008,3.6381123370602833
1.5654397582112218,0.9152294105779644,0.4515840948225632,-0.1534603584108164,-0.24771058434575677,0.3332165728582966,0.8935559365182177,-0.042806270484668896,-0.8707448922290582,-0.07326830956410954,0.7441332605698348,-0.13310347641241707,-0.2006027135712599,-0.06231769528497558,-0.2568645196271742,1.4296079722145523,-0.34151232707830076,-0.06231769528497557,-0.04402254531628119,-0.17285970637383774,-0.7060812450686401,-0.4087088075763956,2.2704100741412128,-0.4744665250703386,-0.36574845156823477,-0.3758727885879516,-0.3415123270783008,2.057962510002712
0.49512852262392726,-0.6301767863887222,-1.4123122645738369,-1.6157396207730996,-2.097542124389334,-1.5351784045423997,-1.910981069569976,1.3235786831810266,-1.1877773988992462,-0.07326830956410954,-0.7433387871977033,-0.13310347641241707,4.984977432245808,-0.06231769528497558,-0.2568645196271742,-0.18439088914585774,-0.34151232707830076,-0.06231769528497557,-0.04402254531628119,-0.17285970637383774,-0.7060812450686401,-0.4087088075763956,0.2026997901860989,1.4950301449186632,-0.36574845156823477,-0.3758727885879516,-0.3415123270783008,2.199444334074532
-1.1650448016959367,0.020829255139364844,0.26216848104390644,0.9630758352800599,0.4385651592311066,-0.16818723407046016,0.42106317382545855,-0.1486468580541211,-0.009833711561602487,-0.07326830956410954,0.6656451628043438,-0.13310347641241707,-0.2006027135712599,-0.06231769528497558,-0.2568645196271742,-0.18439088914585774,-0.34151232707830076,-0.06231769528497557,-0.04402254531628119,-0.17285970637383774,-0.01546956705126179,-0.4087088075763956,-0.44044906750083573,-0.4744665250703386,-0.36574845156823477,-0.3758727885879516,2.9281519895787644,2.2235418856535927
1.221583153841121,1.3837218821019228,0.4567102457365808,-0.12868636017252444,-0.10499676036080152,0.7487718046949791,0.20019894819344586,-0.28118652200071803,0.11763447693645773,-0.07326830956410954,1.3452816094393218,-0.13310347641241707,-0.2006027135712599,-0.06231769528497558,-0.2568645196271742,-0.18439088914585774,-0.34151232707830076,-0.06231769528497557,-0.04402254531628119,-0.17285970637383774,-0.7060812450686401,-0.4087088075763956,2.2704100741412128,-0.4744665250703386,-0.36574845156823477,-0.3758727885879516,-0.3415123270783008,2.5726122302071057
1.592498060477375,1.3837218821019228,0.5501851590312182,1.8854125924339598,0.6859656017006,0.48639181926639596,1.0615850108303597,-0.39424284869742887,0.062344066459999126,-0.07326830956410954,1.3452816094393218,-0.13310347641241707,-0.2006027135712599,-0.06231769528497558,-0.2568645196271742,-0.18439088914585774,-0.34151232707830076,-0.06231769528497557,-0.04402254531628119,-0.17285970637383774,-0.7060812450686401,-0.4087088075763956,-0.44044906750083573,-0.4744665250703386,2.734119572378935,-0.3758727885879516,-0.3415123270783008,2.642622395779755
1.3756971846385921,1.1382993750951267,-0.13097399745115657,0.2907907764093448,0.2547746240942157,0.05852390685349573,0.16412224198188155,0.0665158369996055,1.0716112621521279,-0.07326830956410954,1.3452816094393218,-0.13310347641241707,-0.2006027135712599,-0.06231769528497558,-0.2568645196271742,-0.18439088914585774,-0.34151232707830076,-0.06231769528497557,-0.04402254531628119,-0.17285970637383774,-0.7060812450686401,-0.4087088075763956,-0.44044906750083573,2.1076302482071885,-0.36574845156823477,-0.3758727885879516,-0.3415123270783008,3.2422016501716975
1.292804136286869,0.8264105474055576,0.17943774982095675,-0.35917017327195566,0.7780125867084268,-0.25114163958897323,0.3086960254810572,-0.35973775941247843,-0.5755071523132729,-0.07326830956410954,-0.7433387871977033,-0.13310347641241707,-0.2006027135712599,-0.06231769528497558,-0.2568645196271742,-0.18439088914585774,-0.34151232707830076,-0.06231769528497557,-0.04402254531628119,1.8670477166214061,0.6896027263870256,2.446729753464098,-0.44044906750083573,-0.4744665250703386,-0.36574845156823477,-0.3758727885879516,-0.3415123270783008,4.08260930600368
1.254170011120041,1.032384896798303,0.16044669523346697,-1.0689526220645815,0.5467004613754554,-0.27983883126233683,-0.07914195063630308,-0.261712977137994,-0.42259047593345733,-0.07326830956410954,-0.7433387871977033,-0.13310347641241707,-0.2006027135712599,-0.06231769528497558,-0.2568645196271742,-0.18439088914585774,-0.34151232707830076,-0.06231769528497557,-0.04402254531628119,5.785038173311103,-0.7060812450686401,0.8239594529289265,-0.44044906750083573,-0.4744665250703386,-0.36574845156823477,-0.3758727885879516,1.5166660340969051,3.9193957597575593
-0.37057352927917053,0.34114558717383514,-1.1169808435941244,-1.6000463448178688,-1.9971132039924673,-1.2471633092030345,-1.603924904497473,1.06926241992928,-1.2860407700683445,-0.07326830956410954,-0.7433387871977033,-0.13310347641241707,4.984977432245808,-0.06231769528497558,-0.2568645196271742,-0.18439088914585774,-0.34151232707830076,-0.06231769528497557,-0.04402254531628119,-0.17285970637383774,-0.7060812450686401,-0.4087088075763956,-0.1865099667928548,1.8657529324607494,-0.36574845156823477,-0.3758727885879516,-0.3415123270783008,2.1174596088673567
0.32737657224155403,1.0844521660649422,0.12655434932420587,0.06538012863675739,0.75682882632294,-0.554874744805601,0.5491658412822976,-0.4118710622362163,-1.0154657971909247,-0.07326830956410954,-0.7433387871977033,-0.13310347641241707,-0.2006027135712599,-0.06231769528497558,-0.2568645196271742,-0.18439088914585774,-0.34151232707830076,-0.06231769528497557,-0.04402254531628119,-0.17285970637383774,1.4162676136551213,2.446729753464098,-0.44044906750083573,-0.4744665250703386,-0.36574845156823477,-0.3758727885879516,-0.3415123270783008,3.4442568711226023
0.0020516692648682167,-0.626186496664698,0.13956657088671073,0.036381029804824855,0.7888867456305139,-0.5728790410137667,0.6172078439806972,-0.5009656597939132,-1.0154657971909247,-0.07326830956410954,-0.7433387871977033,-0.13310347641241707,-0.2006027135712599,-0.06231769528497558,-0.2568645196271742,-0.18439088914585774,-0.34151232707830076,-0.06231769528497557,-0.04402254531628119,-0.17285970637383774,1.4162676136551213,2.446729753464098,-0.44044906750083573,-0.4744665250703386,-0.36574845156823477,-0.3758727885879516,-0.3415123270783008,3.9193957597575593
0.6916540831385782,-0.24400101447758565,0.025112590149190248,-0.2449852623275027,0.7220865248251396,-0.45876278136686977,-0.13881765868320334,0.24096728148515123,0.2695085344465426,-0.07326830956410954,-0.7433387871977033,-0.13310347641241707,-0.2006027135712599,-0.06231769528497558,-0.2568645196271742,-0.18439088914585774,-0.34151232707830076,-0.06231769528497557,-0.04402254531628119,-0.17285970637383774,1.4162676136551213,-0.4087088075763956,-0.44044906750083573,-0.4744665250703386,-0.36574845156823477,-0.3758727885879516,2.9281519895787644,2.93651291389402
0.9499329575702222,0.5698604338121686,0.06443046046073211,0.2911276348154647,0.5837154464800577,-0.44382752521417096,0.2977352827166557,-0.4321821958320416,-1.0018950711337864,-0.07326830956410954,-0.7433387871977033,-0.13310347641241707,-0.2006027135712599,-0.06231769528497558,-0.2568645196271742,-0.18439088914585774,-0.34151232707830076,-0.06231769528497557,-0.04402254531628119,-0.17285970637383774,1.4162676136551213,-0.4087088075763956,-0.44044906750083573,-0.4744665250703386,-0.36574845156823477,2.660474581724095,-0.3415123270783008,2.503073953743449
-0.30445387664961554,-1.2318697440237008,-1.6502180931270298,-1.6402885785590635,-2.0810427091276176,-1.3869259821149658,-2.2667073171794483,1.1918385541541598,-0.5558205826737761,-0.07326830956410954,-0.7433387871977033,-0.13310347641241707,4.984977432245808,-0.06231769528497558,-0.2568645196271742,-0.18439088914585774,-0.34151232707830076,-0.06231769528497557,-0.04402254531628119,-0.17285970637383774,-0.7060812450686401,0.7137575936943508,1.2047775136696364,-0.4744665250703386,-0.36574845156823477,-0.3758727885879516,-0.3415123270783008,4.175924549214524
1.487626954714976,1.3837218821019228,0.027648888077384803,1.392360888177759,0.4318398036675403,-0.49958451115736524,-0.3835486647333011,1.1147336258611173,-0.7361235511827796,-0.07326830956410954,1.3452816094393218,-0.13310347641241707,-0.2006027135712599,-0.06231769528497558,-0.2568645196271742,-0.18439088914585774,-0.34151232707830076,-0.06231769528497557,-0.04402254531628119,-0.17285970637383774,-0.7060812450686401,-0.4087088075763956,-0.44044906750083573,-0.4744665250703386,2.734119572378935,-0.3758727885879516,-0.3415123270783008,2.329227023940467
1.6004989086803363,0.7833177779738902,0.168321592613348,-0.5736977567819878,-0.6105658917579905,0.42945224980868235,0.08595212108584582,0.07936779542186456,-0.1953031279848375,-0.07326830956410954,0.574870220165647,-0.13310347641241707,-0.2006027135712599,-0.06231769528497558,-0.2568645196271742,1.8840554559288778,-0.34151232707830076,-0.06231769528497557,-0.04402254531628119,-0.17285970637383774,-0.7060812450686401,-0.4087088075763956,2.2704100741412128,-0.4744665250703386,-0.36574845156823477,-0.3758727885879516,-0.3415123270783008,2.1162555148025524
-0.5558252358505102,1.216726712429642,0.5177585505287694,0.6005775228329081,0.7289785578636108,-0.20233813218958338,1.604589939326172,-1.1092728912907357,-0.5126497543762636,-0.07326830956410954,-0.7433387871977033,-0.13310347641241707,-0.2006027135712599,-0.06231769528497558,-0.2568645196271742,-0.18439088914585774,-0.34151232707830076,-0.06231769528497557,-0.04402254531628119,-0.17285970637383774,1.4162676136551213,-0.4087088075763956,-0.44044906750083573,2.1076302482071885,-0.36574845156823477,-0.3758727885879516,-0.3415123270783008,4.267176792994939
0.7931475116390344,-0.6487855102085962,0.03708731885096514,-1.273664636056488,-1.9722045018442416,-0.030646250072238312,-1.0851512416562004,0.1400469312152136,1.4906585805642618,-0.07326830956410954,-0.7433387871977033,-0.13310347641241707,-0.2006027135712599,-0.06231769528497558,-0.2568645196271742,-0.18439088914585774,1.3019422404759804,-0.06231769528497557,-0.04402254531628119,-0.17285970637383774,-0.7060812450686401,-0.4087088075763956,-0.44044906750083573,2.1076302482071885,-0.36574845156823477,-0.3758727885879516,-0.3415123270783008,2.3711778844596574
0.2595857934097584,0.22551881658840822,-1.1079495514174738,-1.5941243661824545,-2.0237282843042417,-1.3422415155012208,-1.6099262293180971,1.2422262419156693,-1.1443886986808056,-0.07326830956410954,-0.7433387871977033,-0.13310347641241707,4.984977432245808,-0.06231769528497558,-0.2568645196271742,-0.18439088914585774,-0.34151232707830076,-0.06231769528497557,-0.04402254531628119,-0.17285970637383774,-0.7060812450686401,-0.4087088075763956,-0.44044906750083573,2.1076302482071885,-0.36574845156823477,-0.3758727885879516,-0.3415123270783008,2.174751721484161
-0.2765760861334746,-0.24400101447758565,0.46770086237071445,1.46316035532622,0.4543953331586194,0.1781003382517516,0.5565911728642566,-0.14770980405456113,-0.7602955521984676,-0.07326830956410954,1.3452816094393218,-0.13310347641241707,-0.2006027135712599,-0.06231769528497558,-0.2568645196271742,-0.18439088914585774,-0.34151232707830076,-0.06231769528497557,-0.04402254531628119,-0.17285970637383774,-0.7060812450686401,-0.4087088075763956,-0.44044906750083573,0.797261822921439,-0.36574845156823477,-0.3758727885879516,-0.3415123270783008,3.3006401266708405
-0.12059483591160211,-0.08510027365985037,0.2745159157815876,-0.12787857140208195,0.7354658350836445,0.23840893793549756,-0.46011800323117535,0.2948738339920219,1.2751406200758648,-0.07326830956410954,-0.7433387871977033,-0.13310347641241707,-0.2006027135712599,-0.06231769528497558,-0.2568645196271742,-0.18439088914585774,-0.34151232707830076,-0.06231769528497557,-0.04402254531628119,-0.17285970637383774,1.4162676136551213,-0.4087088075763956,-0.44044906750083573,-0.4744665250703386,-0.36574845156823477,-0.3758727885879516,-0.3415123270783008,3.726656818447966
1.4409249771524177,1.3837218821019228,0.2820279436933905,-0.4543652772265575,-0.2709158588265132,0.6318979528044469,0.03170217685523469,-0.47788141292935227,0.19197768494888173,-0.07326830956410954,1.3452816094393218,-0.13310347641241707,-0.2006027135712599,-0.06231769528497558,-0.2568645196271742,-0.18439088914585774,-0.34151232707830076,-0.06231769528497557,-0.04402254531628119,-0.17285970637383774,-0.7060812450686401,-0.4087088075763956,2.2704100741412128,-0.4744665250703386,-0.36574845156823477,-0.3758727885879516,-0.3415123270783008,4.27332721775054
